{
    "Changes": [
        //Default Patch
        {
            "LogName": "Load Main Character Art Default",
            "Action": "Load",
            "Priority": "Low",
            "Target": "Characters/DN.Val, Characters/DN.Hector, Characters/DN.Lorin, Characters/DN.Coriander, Characters/DN.Roslin, Characters/DN.Dandelion, Characters/DN.Arden",
            "FromFile": "Assets/Characters/Main/{{TargetWithoutPath}}/Other/Armor.png"
        },
        {
            "LogName": "Load Main Portrait Art Default",
            "Action": "Load",
            "Priority": "Low",
            "Target": "Portraits/DN.Val, Portraits/DN.Hector, Portraits/DN.Lorin, Portraits/DN.Coriander, Portraits/DN.Roslin, Portraits/DN.Dandelion, Portraits/DN.Arden",
            "FromFile": "Assets/Portraits/Main/{{TargetWithoutPath}}/Other/Armor.png"
        },
        //Main Cast
            //Seasonals
        {
            "LogName": "Load Main Character Art",
            "Action": "Load",
            "Priority": "Low",
            "Target": "Characters/DN.Val, Characters/DN.Hector, Characters/DN.Lorin, Characters/DN.Coriander, Characters/DN.Roslin, Characters/DN.Dandelion, Characters/DN.Arden",
            "FromFile": "Assets/Characters/Main/{{TargetWithoutPath}}/Seasonals/{{Season}}.png"
        },
        {
            "LogName": "Load Main Portrait Art",
            "Action": "Load",
            "Priority": "Low",
            "Target": "Portraits/DN.Val, Portraits/DN.Hector, Portraits/DN.Lorin, Portraits/DN.Coriander, Portraits/DN.Roslin, Portraits/DN.Dandelion, Portraits/DN.Arden",
            "FromFile": "Assets/Portraits/Main/{{TargetWithoutPath}}/Seasonals/{{Season}}.png"
        },
            //Armor
        {
            "LogName": "Load Main Character Art Armor",
            "Action": "Load",
            "Priority": "Low",
            "Target": "Characters/Main/DN.Val/Armor, Characters/Main/DN.Hector/Armor, Characters/Main/DN.Lorin/Armor, Characters/Main/DN.Coriander/Armor, Characters/Main/DN.Roslin/Armor, Characters/Main/DN.Dandelion/Armor, Characters/Main/DN.Arden/Armor",
            "FromFile": "Assets/{{TargetPathOnly}}/Other/{{TargetWithoutPath}}.png"
        },
        {
            "LogName": "Load Main Portrait Art Armor",
            "Action": "Load",
            "Priority": "Low",
            "Target": "Portraits/Main/DN.Val/Armor, Portraits/Main/DN.Hector/Armor, Portraits/Main/DN.Lorin/Armor, Portraits/Main/DN.Coriander/Armor, Portraits/Main/DN.Roslin/Armor, Portraits/Main/DN.Dandelion/Armor, Portraits/Main/DN.Arden/Armor",
            "FromFile": "Assets/{{TargetPathOnly}}/Other/{{TargetWithoutPath}}.png"
        },
        //Companions
        {
            "LogName": "Load Companion Character Art",
            "Action": "Load",
            "Priority": "Low",
            "Target": "Characters/DN.Emeritus, Characters/DN.Tom, Characters/DN.Odelia, Characters/DN.Winston, Characters/DN.Nimfear, Characters/DN.Solomon",
            "FromFile": "Assets/Characters/Companions/{{TargetWithoutPath}}/Default.png"
        },
        {
            "LogName": "Load Nimfear Flight Art",
            "Action": "EditImage",
            "Update": "OnLocationChange",
            "Target": "Characters/DN.Nimfear",
            "FromFile": "Assets/Characters/Companions/{{TargetWithoutPath}}/Flight.png",
            "When": {
                "IsOutdoors": true
            }
        },
        {
            "LogName": "Load Companion Portrait Art",
            "Action": "Load",
            "Priority": "Low",
            "Target": "Portraits/DN.Emeritus, Portraits/DN.Tom, Portraits/DN.Odelia, Portraits/DN.Winston, Portraits/DN.Nimfear, Portraits/DN.Solomon",
            "FromFile": "Assets/Portraits/Companions/{{TargetWithoutPath}}/Default.png"
        }
    ]
}