{
    "Changes": [
        {
            "LogName": "EmeritusInside",
            "Action": "EditMap",
            "Target": "Maps/EastScarp_CoastalGuild",
            "MapTiles": [
                {
                    "Position": {
                        "X": "2",
                        "Y": "17"
                    },
                    "Layer": "Back",
                    "SetProperties": {
                        "CustomCompanions": "Spawn 1 DN.SnS.EmeritusInside"
                    }
                }
            ],
            "Update": "OnLocationChange",
            "When": {
                "HasSeenEvent |contains=SnS.Ch1.Mateo.12": true,
                "Weather":"Rain, Storm, Wind, Snow"
              }
        },
        
        {
            "LogName": "EmeritusOutside",
            "Action": "EditMap",
            "Target": "Maps/EastScarp_Village",
            "MapTiles": [
                {
                    "Position": {
                        "X": "90",
                        "Y": "100"
                    },
                    "Layer": "Back",
                    "SetProperties": {
                        "CustomCompanions": "Spawn 1 DN.SnS.EmeritusOutside"
                    }
                }
            ],
            "Update": "OnLocationChange",
            "When": {
              "Weather": "Sun",
              "HasSeenEvent |contains=SnS.Ch1.Mateo.12": true,
            }
        }
    ]
}

