{
    "Changes": [
        {
            "LogName": "NPC Dispositions",
            "Action": "EditData",
            "Target": "Data/Characters",
            "Entries": {
                "Cirrus": {
                    "DisplayName": "Cirrus",
                    "Gender": "Female",
                    "Age": "Adult",
                    "Manner": "Polite",
                    "SocialAnxiety": "Outgoing",
                    "Optimism": "Positive",
                    "BirthSeason": "Summer",
                    "BirthDay": 18,
                    "HomeRegion": "Town",
                    "CanBeRomanced": "{{CirrusRelationshipStatus}}",
                    "PerfectionScore": true,
                    "EndSlideShow": "TrailingGroup",
                    "SpawnIfMissing": true,
                    "IntroductionsQuest": false,
                    "SocialTab": "HiddenUntilMet",
                    "Calendar": "HiddenUntilMet",
                    "FlowerDanceCanDance": true,
                    "WinterStarParticipant": false,
                    "KissSpriteFacingRight": false,
                    "CanVisitIsland": "{{CirrusIsland}}",
                    "ShakePortraits": [9, 15, 19, 21],
                    "ItemDeliveryQuests": false,
                    "SpouseRoom": {
                        "MapAsset": "{{CirrusSpouseRoomOnOff}}"
                    },
                    "SpousePatio": {
                        "MapAsset": "{{CirrusSpousePatioOnOff}}"
                    },
                    "Home": [
                        {
                            "ID": "Cirrus - Lion's Mane",
                            "Location": "EastScarp_LionsMane",
                            "Tile": {
                                "X": 18,
                                "Y": 5
                            },
                            "Direction": "Down",
                            "Condition": "PLAYER_HAS_SEEN_EVENT Any SnS.Ch3.Cirrus.13"
                        },
                        {
                            "ID": "Cirrus - Van",
                            "Location": "EastScarp_VanInterior",
                            "Tile": {
                                "X": 11,
                                "Y": 4
                            },
                            "Direction": "Down",
                            "Condition": "PLAYER_HAS_SEEN_EVENT Any SnS.Ch3.Cirrus.1"
                        },
                        {
                            "ID": "Cirrus - NPC Waiting Room",
                            "Location": "EastScarp_TNPCWaitingWarpRoom",
                            "Tile": {
                                "X": 13,
                                "Y": 5
                            },
                            "Direction": "Down",
                            "Condition": "!PLAYER_HAS_SEEN_EVENT Any SnS.Ch3.Cirrus.1"
                        },
                    ],
                    "Appearance": [
                        {
                            "ID": "Spring Outfit",
                            "Condition": "SEASON Spring",
                            "Precedence": -10, 
                            "Weight": 1,
                            "Portrait": "Portraits/spring_Cirrus",
                            "Sprite": "Characters/spring_Cirrus"
                        },
                        {
                            "ID": "Summer Outfit",
                            "Condition": "SEASON Summer",
                            "Precedence": -10, 
                            "Weight": 1,
                            "Portrait": "Portraits/summer_Cirrus",
                            "Sprite": "Characters/summer_Cirrus"
                        },
                        {
                            "ID": "Fall Outfit",
                            "Condition": "SEASON Fall",
                            "Precedence": -10, 
                            "Weight": 1,
                            "Portrait": "Portraits/fall_Cirrus",
                            "Sprite": "Characters/fall_Cirrus"
                        },
                        {
                            "ID": "Winter Outfit",
                            "Condition": "SEASON Winter",
                            "Precedence": -10, 
                            "Weight": 1,
                            "Portrait": "Portraits/winter_Cirrus",
                            "Sprite": "Characters/winter_Cirrus"
                        },
                        {
                            "ID": "Spirit's Eve",
                            "Condition": "EVENT_ID festival_fall27",
                            "Portrait": "Portraits/Cirrus_Glamrock",
                            "Sprite": "Characters/Cirrus_Glamrock",   
                            "Precedence": -20
                        },
                        {
                            "ID": "Luau & Moonlight Jellies",
                            "Condition": "ANY \"EVENT_ID festival_summer11\" \"EVENT_ID festival_summer28\"",
                            "Portrait": "Portraits/Cirrus_Beach",
                            "Sprite": "Characters/Cirrus_Beach",
                            "Precedence": -20
                        },
                        {
                            "ID": "Beach",
                            "IsIslandAttire": true,
                            "Portrait": "Portraits/Cirrus_beach",
                            "Sprite": "Characters/Cirrus_beach",
                            "Precedence": -20
                        }
                    ]
                }
            }
        }
    ]
}
    