{
  "Changes": [
    {
      "LogName": "Gift tastes for Gemstones",
        "Action": "EditData",
        "Target": "Data/NPCGiftTastes",
        "TextOperations": [
          {
              "Operation": "Append",
              "Target": [ "Entries", "Universal_Neutral" ],
              "Value": "{{ModID}}_verdantpotion {{ModID}}_scarletpotion {{ModID}}_heatherpotion {{ModID}}_zydratepotion {{ModID}}_pistachiopotion {{ModID}}_dahliapotion {{ModID}}_slushiepotion {{ModID}}_matrixpotion {{ModID}}_mcdougalpotion {{ModID}}_toirneachpotion {{ModID}}_ancientsweettealeaves",
              "Delimiter": " "
          },
          {
            "Operation": "Append",
            "Target": ["Entries", "Universal_Like"],
            "Value": "{{ModID}}_ExquisiteEmerald {{ModID}}_ExquisiteRuby {{ModID}}_ExquisiteTopaz {{ModID}}_ExquisiteJade {{ModID}}_ExquisiteAquamarine {{ModID}}_ExquisiteAmethyst {{ModID}}_orangegingerbeer {{ModID}}_blueberrygingerbeer {{ModID}}_pineapplegingerbeer {{ModID}}_rhubarbgingerbeer {{ModID}}_strawberrygingerbeer {{ModID}}_peachgingerbeer {{ModID}}_ancientelderberrygingerbeer {{ModID}}_ancientappleberrygingerbeer {{ModID}}_ancienthuckleberrygingerbeer {{ModID}}_ancientfruitgingerbeer {{ModID}}_ancientmushroomstew {{ModID}}_mushroomsredsauce {{ModID}}_ferngreensandpineapple {{ModID}}_ancienthuckleberryicecream {{ModID}}_lavaeelandstirfriedancientbottlegourd {{ModID}}_salishBourbon {{ModID}}_autumnalstew {{ModID}}_ancientwildfairyroses {{ModID}}_ancientelderberry {{ModID}}_ancientbottlegourd {{ModID}}_ancientgiantappleberry {{ModID}}_ancientazuredetura {{ModID}}_ancientglowinghuckleberry {{ModID}}_mushroomsredsauce {{ModID}}_ferngreensandpineapple {{ModID}}_ancienthuckleberryicecream {{ModID}}_lavaeelandstirfriedancientbottlegourd",
            "Delimiter": " "
          },
          {
            "Operation": "Append",
            "Target": [ "Entries", "Universal_Love" ],
            "Value": "{{ModID}}_ExquisiteDiamond {{ModID}}_ancientsweettea",
            "Delimiter": " "
          },
          {
            "Operation": "Append",
            "Target": [ "Entries", "Universal_Hate" ],
            "Value": "{{ModID}}_StygiumOre {{ModID}}_StygiumBar",
            "Delimiter": " "
          },
          { 
            "Operation": "Append",
            "Target": [ "Fields", "Clint", 1 ],
            "Value": "{{ModID}}_ExquisiteEmerald {{ModID}}_ExquisiteRuby {{ModID}}_ExquisiteTopaz {{ModID}}_ExquisiteJade {{ModID}}_ExquisiteAquamarine {{ModID}}_ExquisiteAmethyst {{ModID}}_StygiumBar",
            "Delimiter": " "
          },
          { 
            "Operation": "Append",
            "Target": [ "Fields", "Emily", 1 ],
            "Value": "{{ModID}}_ExquisiteEmerald {{ModID}}_ExquisiteRuby {{ModID}}_ExquisiteTopaz {{ModID}}_ExquisiteJade {{ModID}}_ExquisiteAquamarine {{ModID}}_ExquisiteAmethyst",
            "Delimiter": " "
          },
          { 
            "Operation": "Append",
            "Target": [ "Fields", "Dwarf", 1 ],
            "Value": "{{ModID}}_ExquisiteEmerald {{ModID}}_ExquisiteRuby {{ModID}}_ExquisiteTopaz {{ModID}}_ExquisiteJade {{ModID}}_ExquisiteAquamarine {{ModID}}_ExquisiteAmethyst",
            "Delimiter": " "
          },
          { 
            "Operation": "Append",
            "Target": [ "Fields", "Abigail", 1 ],
            "Value": "{{ModID}}_ExquisiteAmethyst",
            "Delimiter": " "
          },
          { 
            "Operation": "Append",
            "Target": [ "Fields", "Penny", 1 ],
            "Value": "{{ModID}}_ExquisiteEmerald",
            "Delimiter": " "
          },
          { 
            "Operation": "Append",
            "Target": [ "Fields", "Maru", 1 ],
            "Value": "{{ModID}}_StygiumBar",
            "Delimiter": " "
          }
        ]
    },
    //SVE NPC gift tastes
    {   
        "LogName": "Gift tastes for Gemstones",
        "Action": "EditData",
        "Target": "Data/NPCGiftTastes",
          "TextOperations": [
          { 
            "Operation": "Append",
            "Target": [ "Fields", "Scarlett", 1 ],
            "Value": "{{ModID}}_ExquisiteJade",
            "Delimiter": " "
          },
          { 
            "Operation": "Append",
            "Target": [ "Fields", "Olivia", 1 ],
            "Value": "{{ModID}}_ExquisiteEmerald",
            "Delimiter": " "
          }
        ],
        "When": { "HasMod": "FlashShifter.StardewValleyExpandedCP" }

    }
  ]
}