{
  "Changes": [

  //POWERS
    {
			"Action": "EditData",
			"Target": "Data/Powers",
			"Update": "OnLocationChange",
			"Entries": {
				"StygiumPendantPower": {
					"DisplayName": "{{i18n: power.stygium-pendant.name}}",
					"Description": "{{i18n: power.stygium-pendant.description}}",
					"TexturePath": "SnS_Objects/Curios",
					"TexturePosition": { "X": 112, "Y": 0 },
					"UnlockedCondition": "PLAYER_HAS_MAIL Current StygiumPendantPower"
				}
			},
			"When": { "HasFlag": "StygiumPendantPower" }
		},
		{
			"Action": "EditData",
			"Target": "Data/Powers",
			"Update": "OnLocationChange",
			"Entries": {
				"BrokenCircletPower": {
					"DisplayName": "{{i18n: power.broken-circlet.name}}",
					"Description": "{{i18n: power.broken-circlet.description}}",
					"TexturePath": "SnS_Objects/Curios",
					"TexturePosition": { "X": 128, "Y": 0 },
					"UnlockedCondition": "PLAYER_HAS_MAIL Current BrokenCircletPower"
				}
			},
			"When": { "HasFlag": "BrokenCircletPower" }
		},
		{
			"Action": "EditData",
			"Target": "Data/Powers",
			"Update": "OnLocationChange",
			"Entries": {
				"DrakeScalePower": {
					"DisplayName": "{{i18n: power.drake-scale.name}}",
					"Description": "{{i18n: power.drake-scale.description}}",
					"TexturePath": "SnS_Objects/Curios",
					"TexturePosition": { "X": 32, "Y": 80 },
					"UnlockedCondition": "PLAYER_HAS_MAIL Current DrakeScalePower"
				}
			},
			"When": { "HasFlag": "DrakeScalePower" }
		},
		{
			"Action": "EditData",
			"Target": "Data/Powers",
			"Update": "OnLocationChange",
			"Entries": {
				"ForgedD20Power": {
					"DisplayName": "{{i18n: power.forgedd20.name}}",
					"Description": "{{i18n: power.forgedd20.description}}",
					"TexturePath": "SnS_Objects/Curios",
					"TexturePosition": { "X": 0, "Y": 80 },
					"UnlockedCondition": "PLAYER_HAS_MAIL Current ForgedD20Power"
				}
			},
			"When": { "HasFlag": "ForgedD20Power" }
		},
		{
			"Action": "EditData",
			"Target": "Data/Powers",
			"Update": "OnLocationChange",
			"Entries": {
				"DandelionShieldPower": {
					"DisplayName": "{{i18n: power.mythiciridiumshield.name}}",
					"Description": "{{i18n: power.mythiciridiumshield.description}}",
					"TexturePath": "SnS_Objects/Curios",
					"TexturePosition": { "X": 96, "Y": 16 },
					"UnlockedCondition": "PLAYER_HAS_MAIL Current DandelionShieldPower"
				}
			},
			"When": { "HasFlag": "DandelionShieldPower" }
		},
		{
			"Action": "EditData",
			"Target": "Data/Powers",
			"Update": "OnLocationChange",
			"Entries": {
				"DandelionShieldPower": {
					"DisplayName": "{{i18n: power.mythicorichalcumshield.name}}",
					"Description": "{{i18n: power.mythicorichalcumshield.description}}",
					"TexturePath": "SnS_Objects/Curios",
					"TexturePosition": { "X": 96, "Y": 16 },
					"UnlockedCondition": "PLAYER_HAS_MAIL Current DandelionShieldPower"
				}
			},
			"When": {
				"HasMod: |contains=Kitsutsune.Chocobovalley": true,
				"ChocoboValleyMaterials": true,
				"HasFlag": "DandelionShieldPower"
			  }
		},
		{
			"Action": "EditData",
			"Target": "Data/Powers",
			"Update": "OnLocationChange",
			"Entries": {
				"MagicalGrimoirePower": {
					"DisplayName": "{{i18n: power.magicalgrimoire.name}}",
					"Description": "{{i18n: power.magicalgrimoire.description}}",
					"TexturePath": "SnS_Objects/Curios",
					"TexturePosition": { "X": 128, "Y": 144 },
					"UnlockedCondition": "PLAYER_HAS_MAIL Current MagicalGrimoirePower"
				}
			},
			"When": { "HasFlag": "MagicalGrimoirePower" }
		},
	//Move this later
		{
			"Action": "Load",
			"Target": "SnS_Harvestables/GiantCrops, SnS_Harvestables/Crops, SnS_Harvestables/Harvestables, SnS_Harvestables/HuckleberryVine, SnS_Harvestables/MushroomTree, SnS_Harvestables/Seeds, SnS_Gear/Armor, SnS_Gear/DraconiumTools, SnS_Gear/Keychains, SnS_Gear/Potions, SnS_Gear/Projectiles, SnS_Gear/Shields, SnS_Gear/Shirts, SnS_Gear/StygiumTools, SnS_Gear/Weapons, SnS_Misc/Icons, SnS_Misc/DDtreasure, SnS_Misc/VMShopBG, SnS_Objects/Machines, SnS_Objects/Curios, SnS_Objects/Books, SnS_Objects/Fish, SnS_Objects/Furniture, SnS_Objects/Artifacts, SnS_Objects/Food, SnS_Objects/Fish_Animations",
			"FromFile": "Assets/Items/{{TargetPathOnly}}/{{TargetWithoutPath}}.png"
		},
		{
			"Action": "Load", //These textures need to be moved out of the C#!
			"Target": "Textures/DN.SnS/SnSObjects, Textures/DN.SnS/SnSArsenal",
			"FromFile": "Assets/Items/Depreciated/{{TargetWithoutPath}}.png"
		}
]
}