{
  "Changes": [
 {
      "LogName": "Deep Dark Smelting",
      "Action": "EditData",
      "Target": "Data/Machines",
      "TargetField": [ "(BC)13", "OutputRules" ],
      "Entries": {
          "{{ModID}}_PureCopperOre": {
            "Triggers": [
              {
                "RequiredItemId": "(O){{ModID}}_PureCopperOre",
                "RequiredCount": 1
              }
            ],
            "OutputItem": [
              {
                "Id": "DN.SnS.PureToRegularCopperOutput",
                "ItemId": "(O)378",
                "MinStack": 3,
                "MaxStack": 5
              }
            ],
            "MinutesUntilReady": 30
          },
          "{{ModID}}_PureIronOre": {
            "Triggers": [
              {
                "RequiredItemId": "(O){{ModID}}_PureIronOre",
                "RequiredCount": 1
              }
            ],
            "OutputItem": [
              {
                "Id": "DN.SnS.PureToRegularIronOutput",
                "ItemId": "(O)380",
                "MinStack": 3,
                "MaxStack": 5
              }
            ],
            "MinutesUntilReady": 120
          },
          "{{ModID}}_PureGoldOre": {
            "Triggers": [
              {
                "RequiredItemId": "(O){{ModID}}_PureGoldOre",
                "RequiredCount": 1
              }
            ],
            "OutputItem": [
              {
                "Id": "DN.SnS.PureToRegularGoldOutput",
                "ItemId": "(O)384",
                "MinStack": 3,
                "MaxStack": 5
              }
            ],
            "MinutesUntilReady": 300
          },
          "{{ModID}}_PureIridiumOre": {
            "Triggers": [
              {
                "RequiredItemId": "(O){{ModID}}_PureIridiumOre",
                "RequiredCount": 1
              }
            ],
            "OutputItem": [
              {
                "Id": "DN.SnS.PureToRegularIriOutput",
                "ItemId": "(O)386",
                "MinStack": 3,
                "MaxStack": 5
              }
            ],
            "MinutesUntilReady": 480
          },
          "{{ModID}}_PureRadioactiveOre": {
            "Triggers": [
              {
                "RequiredItemId": "(O){{ModID}}_PureRadioactiveOre",
                "RequiredCount": 1
              }
            ],
            "OutputItem": [
              {
                "Id": "DN.SnS.PureToRegularRadioOutput",
                "ItemId": "(O)909",
                "MinStack": 3,
                "MaxStack": 5
              }
            ],
            "MinutesUntilReady": 560
          },
          "{{ModID}}_StygiumBar": {
            "Triggers": [
              {
                "RequiredItemId": "(O){{ModID}}_StygiumOre",
                "RequiredCount": 5
              }
            ],
            "OutputItem": [
              {
                "Id": "(O){{ModID}}_StygiumBar",
                "ItemId": "(O){{ModID}}_StygiumBar"
              }
            ],
            "MinutesUntilReady": 720
          }
        }
  },
    //Heavy Furnace
    {
      "LogName": "Pure Ore Heavy Furnace",
      "Action": "EditData",
      "Target": "Data/Machines",
      "TargetField": [
        "(BC)HeavyFurnace",
        "OutputRules"
      ],
      "Entries": {
        "{{ModID}}_PureCopperOre": {
          "Triggers": [
            {
              "RequiredItemId": "(O){{ModID}}_PureCopperOre",
              "RequiredCount": 25
            }
          ],
          "OutputItem": [
            {
              "Id": "DN.SnS.PureCopper.HeavyFurnace",
              "ItemId": "(O)378",
              "MinStack": 75,
              "MaxStack": 130
            }
          ],
          "MinutesUntilReady": 30

        },
        "{{ModID}}_PureIronOre": {
          "Triggers": [
            {
              "RequiredItemId": "(O){{ModID}}_PureIronOre",
              "RequiredCount": 25
            }
          ],
          "OutputItem": [
            {
              "Id": "DN.SnS.PureIron.HeavyFurnace",
              "ItemId": "(O)380",
              "MinStack": 75,
              "MaxStack": 130
            }
          ],
          "MinutesUntilReady": 120

        },
        "{{ModID}}_PureGoldOre": {
          "Triggers": [
            {
              "RequiredItemId": "(O){{ModID}}_PureGoldOre",
              "RequiredCount": 25
            }
          ],
          "OutputItem": [
            {
              "Id": "DN.SnS.PureGold.HeavyFurnace",
              "ItemId": "(O)384",
              "MinStack": 75,
              "MaxStack": 130
            }
          ],
          "MinutesUntilReady": 300

        },
        "{{ModID}}_PureIridiumOre": {
          "Triggers": [
            {
              "RequiredItemId": "(O){{ModID}}_PureIridiumOre",
              "RequiredCount": 25
            }
          ],
          "OutputItem": [
            {
              "Id": "DN.SnS.PureIridium.HeavyFurnace",
              "ItemId": "(O)386",
              "MinStack": 75,
              "MaxStack": 130
            }
          ],
          "MinutesUntilReady": 480

        },
        "{{ModID}}_PureRadioactiveOre": {
          "Triggers": [
            {
              "RequiredItemId": "(O){{ModID}}_PureRadioactiveOre",
              "RequiredCount": 25
            }
          ],
          "OutputItem": [
            {
              "Id": "DN.SnS.PureRadioactive.HeavyFurnace",
              "ItemId": "(O)909",
              "MinStack": 75,
              "MaxStack": 130
            }
          ],
          "MinutesUntilReady": 560
          
        },
        "{{ModID}}_StygiumBar": {
          "Triggers": [
            {
              "RequiredItemId": "(O){{ModID}}_StygiumOre",
              "RequiredCount": 25
            }
          ],
          "OutputItem": [
            {
              "Id": "(O){{ModID}}_StygiumBar",
              "ItemId": "(O){{ModID}}_StygiumBar",
              "MinStack": 5,
              "MaxStack": 6
            }
          ],
          "MinutesUntilReady": 720
        }
      }
    }     
  ]
}