{
  "Changes": [
        {
            "LogName": "Stygium Poisoning",
            "Action": "EditData",
            "Target": "spacechase0.SpaceCore/WearableData",
            "Entries": {
                "(O){{ModID}}_StygiumOre": {
                    "BuffIdToApply": "{{ModID}}_StygiumPoisoning"
                },
                "(O){{ModID}}_StygiumBar": {
                    "BuffIdToApply": "{{ModID}}_StygiumPoisoning"
                },
                "(T){{ModID}}_StygiumHoe": {
                    "BuffIdToApply": "{{ModID}}_StygiumPoisoning"
                },
                "(T){{ModID}}_StygiumPickaxe": {
                    "BuffIdToApply": "{{ModID}}_StygiumPoisoning"
                },
                "(T){{ModID}}_StygiumAxe": {
                    "BuffIdToApply": "{{ModID}}_StygiumPoisoning"
                },
                "(T){{ModID}}_StygiumWateringCan": {
                    "BuffIdToApply": "{{ModID}}_StygiumPoisoning"
                },
                "(W){{ModID}}_StygiumBlade": {
                    "BuffIdToApply": "{{ModID}}_StygiumPoisoning"
                },
                "(O){{ModID}}_StygiumArmor": {
                    "BuffIdToApply": "{{ModID}}_StygiumPoisoning"
                },
                "(W){{ModID}}_StygiumShield": {
                    "BuffIdToApply": "{{ModID}}_StygiumPoisoning"
                }
            }
        },
        {
            "LogName": "Stygium Poisoning Buff",
            "Action": "EditData",
            "Target": "Data/Buffs",
            "Entries": {
                "{{ModID}}_StygiumPoisoning": {
                    "DisplayName": "{{i18n:buff.stygium-poisoning}}",
                    "IconTexture": "Textures/DN.SnS/SnSObjects",
                    "IconSpriteIndex": 127,
                    "isDebuff": true,
                    "Effects": { "LuckLevel": -10.0, "Defense": -10.0 }                  
                }
            }
        }
  ]
}