{
  "Changes": [
//Wildflowers
 {
      "Action": "EditData",
      "Target": "Mods/jpp.WildFlowersReimagined/IgnoreList",
      "TargetField": [ "Flowers"],
      "Entries": {
        "{{ModID}}_ancientamaranth": "{{ModID}}_ancientamaranth",
        "{{ModID}}_ancientepiphyticfern": "{{ModID}}_ancientepiphyticfern",
        "{{ModID}}_ancientglowinghuckleberry": "{{ModID}}_ancientglowinghuckleberry",
        "{{ModID}}_glowingpolyporemushrooms": "{{ModID}}_glowingpolyporemushrooms",
        "{{ModID}}_ancientwildfairyrose": "{{ModID}}_ancientwildfairyrose",
        "{{ModID}}_ancientbottlegourd": "{{ModID}}_ancientbottlegourd",
        "{{ModID}}_ancientelderberry": "{{ModID}}_ancientelderberry",
        "{{ModID}}_ancientgiantappleberry": "{{ModID}}_ancientgiantappleberry",
        "{{ModID}}_ancientazuredetura": "{{ModID}}_ancientazuredetura",
        "{{ModID}}_ancientsweettealeaves": "{{ModID}}_ancientsweettealeaves"
      }
    },
    {
      "Action": "EditData",
      "Target": "Mods/jpp.WildFlowersReimagined/IgnoreList",
      "TargetField": [ "Seeds"],
      "Entries": {
        "{{ModID}}_ancientamaranth.seed": "{{ModID}}_ancientamaranth.seed",
        "{{ModID}}_ancientepiphyticfern.seed": "{{ModID}}_ancientepiphyticfern.seed",
        "{{ModID}}_ancientglowinghuckleberry.seed": "{{ModID}}_ancientglowinghuckleberry.seed",
        "{{ModID}}_glowingpolyporemushrooms.seed": "{{ModID}}_glowingpolyporemushrooms.seed",
        "{{ModID}}_ancientwildfairyrose.seed": "{{ModID}}_ancientwildfairyrose.seed",
        "{{ModID}}_ancientbottlegourd.seed": "{{ModID}}_ancientbottlegourd.seed",
        "{{ModID}}_ancientelderberry.seed": "{{ModID}}_ancientelderberry.seed",
        "{{ModID}}_ancientgiantappleberry.seed": "{{ModID}}_ancientgiantappleberry.seed",
        "{{ModID}}_ancientazuredetura.seed": "{{ModID}}_ancientazuredetura.seed",
        "{{ModID}}_ancientsweettealeaves.seed": "{{ModID}}_ancientsweettealeaves.seed"
      }
    },

    //Item Extensions
    {
      "LogName": "Faire Drinks with Colors",
      "Action": "EditData",
      "Target": "Data/Objects",
      "When": {
        "HasMod": "mistyspring.ItemExtensions"
      },
      "Fields": {
        "DN.SnS_Hand_Pressed_Apple_Cider": {
          "CustomFields": { "mistyspring.ItemExtensions/DrinkColor": "#824925" } //brown
        }
      }
    },

    //Extra W-Essence acquisition method due to unknown incompat
    {
      "Action": "EditData",
      "Target": "Data/Fish",
      "Entries": {
        "{{ModID}}_WaterEssence": "Water Essence/trap/.20//ocean/12/24/false"
      },
      "When": { "HasSeenEvent": "SnS.Ch4.Roslin.1" }
    }
  ]
}