{
  "Changes": [
    {
      "Action": "EditData",
      "Target": "Data/Crops",
      "Entries": {

      //Crop Growth
        "{{ModID}}_ancientamaranth.seed": {
          "Seasons": [ "summer", "fall" ],
          "DaysInPhase": [ 1, 2, 2, 2 ],
          "HarvestItemId": "{{ModID}}_ancientamaranth",
          "HarvestMethod": "Scythe",
          "HarvestMinStack": 1,
          "HarvestMaxStack": 2,
          "ExtraHarvestChance": 0.03,
          "ExcludeFromShippingCollection": "{{ExcludeFromPerfection}}",
          "CountForMonoculture": "{{CountForFarmingAchievements}}",
          "CountForPolyculture": "{{CountForFarmingAchievements}}",
          "Texture": "Textures/DN.SnS/SnSCrops",
          "SpriteIndex": 0
        },
        "{{ModID}}_ancientepiphyticfern.seed": {
          "Seasons": [ "spring", "summer" ],
          "DaysInPhase": [ 1, 3, 3, 4, 3 ],
          "RegrowDays": 3,
          "HarvestItemId": "{{ModID}}_ancientepiphyticfern",
          "HarvestMethod": "Scythe",
          "HarvestMinStack": 1,
          "HarvestMaxStack": 1,
          "ExcludeFromShippingCollection": "{{ExcludeFromPerfection}}",
          "CountForMonoculture": "{{CountForFarmingAchievements}}",
          "CountForPolyculture": "{{CountForFarmingAchievements}}",
          "ExtraHarvestChance": 0.03,
          "Texture": "Textures/DN.SnS/SnSCrops",
          "SpriteIndex": 2
        },
        "{{ModID}}_glowingpolyporemushrooms.seed": {
          "Seasons": [ "fall", "winter" ],
          "DaysInPhase": [ 2, 7, 7, 7, 5 ],
          "RegrowDays": 3,
          "HarvestItemId": "{{ModID}}_glowingpolyporemushrooms",
          "HarvestMinStack": 1,
          "HarvestMaxStack": 1,
          "ExcludeFromShippingCollection": "{{ExcludeFromPerfection}}",
          "CountForMonoculture": "{{CountForFarmingAchievements}}",
          "CountForPolyculture": "{{CountForFarmingAchievements}}",
          "Texture": "Textures/DN.SnS/SnSCrops",
          "SpriteIndex": 4
        },
        "{{ModID}}_ancientwildfairyrose.seed": {
          "Seasons": [ "spring", "summer", "fall" ],
          "DaysInPhase": [ 2, 7, 7, 7, 5 ],
          "RegrowDays": 3,
          "HarvestItemId": "{{ModID}}_ancientwildfairyrose",
          "HarvestMinStack": 1,
          "HarvestMaxStack": 3,
          "ExcludeFromShippingCollection": "{{ExcludeFromPerfection}}",
          "CountForMonoculture": "{{CountForFarmingAchievements}}",
          "CountForPolyculture": "{{CountForFarmingAchievements}}",
          "Texture": "Textures/DN.SnS/SnSCrops",
          "SpriteIndex": 6
        },
        "{{ModID}}_ancientelderberry.seed": {
          "Seasons": [ "spring", "summer" ],
          "DaysInPhase": [ 1, 1, 1, 3, 4 ],
          "RegrowDays": 3,
          "HarvestItemId": "{{ModID}}_ancientelderberry",
          "HarvestMinStack": 1,
          "HarvestMaxStack": 3,
          "ExtraHarvestChance": 0.03,
          "ExcludeFromShippingCollection": "{{ExcludeFromPerfection}}",
          "CountForMonoculture": "{{CountForFarmingAchievements}}",
          "CountForPolyculture": "{{CountForFarmingAchievements}}",
          "Texture": "Textures/DN.SnS/SnSCrops",
          "SpriteIndex": 8
        },
        "{{ModID}}_ancientbottlegourd.seed": {
          "Seasons": [ "fall" ],
          "DaysInPhase": [ 1, 2, 2, 2, 3, 2 ],
          "HarvestItemId": "{{ModID}}_ancientbottlegourd",
          "HarvestMinStack": 1,
          "HarvestMaxStack": 2,
          "ExtraHarvestChance": 0.03,
          "ExcludeFromShippingCollection": "{{ExcludeFromPerfection}}",
          "CountForMonoculture": "{{CountForFarmingAchievements}}",
          "CountForPolyculture": "{{CountForFarmingAchievements}}",
          "Texture": "Textures/DN.SnS/SnSCrops",
          "SpriteIndex": 10
        },
        "{{ModID}}_ancientgiantappleberry.seed": {
          "Seasons": [ "spring", "summer", "fall" ],
          "DaysInPhase": [ 1, 2, 3, 4 ],
          "HarvestItemId": "{{ModID}}_ancientgiantappleberry",
          "HarvestMinStack": 1,
          "HarvestMaxStack": 2,
          "ExtraHarvestChance": 0.03,
          "ExcludeFromShippingCollection": "{{ExcludeFromPerfection}}",
          "CountForMonoculture": "{{CountForFarmingAchievements}}",
          "CountForPolyculture": "{{CountForFarmingAchievements}}",
          "Texture": "Textures/DN.SnS/SnSCrops",
          "SpriteIndex": 12
        },
        "{{ModID}}_ancientazuredetura.seed": {
          "Seasons": [ "fall", "winter" ],
          "DaysInPhase": [ 1, 2, 3, 2 ],
          "HarvestItemId": "{{ModID}}_ancientazuredetura",
          "HarvestMinStack": 1,
          "HarvestMaxStack": 2,
          "ExcludeFromShippingCollection": "{{ExcludeFromPerfection}}",
          "CountForMonoculture": "{{CountForFarmingAchievements}}",
          "CountForPolyculture": "{{CountForFarmingAchievements}}",
          "Texture": "Textures/DN.SnS/SnSCrops",
          "SpriteIndex": 14
        },
        "{{ModID}}_ancientsweettealeaves.seed": {
          "Seasons": [ "summer", "winter" ],
          "DaysInPhase": [ 1, 3, 3, 4, 2 ],
          "RegrowDays": 4,
          "HarvestItemId": "{{ModID}}_ancientsweettealeaves",
          "HarvestMinStack": 1,
          "HarvestMaxStack": 3,
          "ExcludeFromShippingCollection": "{{ExcludeFromPerfection}}",
          "CountForMonoculture": "{{CountForFarmingAchievements}}",
          "CountForPolyculture": "{{CountForFarmingAchievements}}",
          "Texture": "Textures/DN.SnS/SnSCrops",
          "SpriteIndex": 16
        }
      }
    },

    //Giant Crops
    {
      "LogName": "Giant Crops",
      "Action": "EditData",
      "Target": "Data/GiantCrops",
      "Entries": {
        "DN.SnS_giant_glowingpolyporemushrooms": {
          "FromItemId": "(O)DN.SnS_glowingpolyporemushrooms",
          "Chance": 0.01,
          "HarvestItems": [
            {
              "ItemId": "(O)DN.SnS_glowingpolyporemushrooms",
              "MinStack": 15,
              "MaxStack": 20
            }
          ],
          "Texture": "Mods/DN.SnS/GiantCrops",
          "TexturePosition": {
            "X": 0,
            "Y": 0
          },
          "TileSize": {
            "X": 3,
            "Y": 3
          }
        }
      }
    }
  ]
}