{
  "Changes": [
  {
      "LogName": "Armor loads",
      "Action": "EditData",
      "Target": "Data/Objects",
      "Entries": { 
        "{{ModID}}_ClothArmor": {
          "Name": "{{ModID}}_ClothArmor",
          "DisplayName": "{{i18n: arsenal.cloth-armor.name}}",
          "Description": "{{i18n: arsenal.cloth-armor.description}}",
          "Type": "Basic",
          "Category": -29,
          "Price": 250,
          "Texture": "DN.Gear/Armor",
          "SpriteIndex": 0,
          "ExcludeFromShippingCollection": true,
          "ExcludeFromRandomSale": true,
          "ContextTags": [
            "armor_item",
            "color_brown"
          ],
          "CustomFields": {
            "ArmorValue": 25
          }
        },
        "{{ModID}}_CopperArmor": {
          "Name": "{{ModID}}_CopperArmor",
          "DisplayName": "{{i18n: arsenal.copper-armor.name}}",
          "Description": "{{i18n: arsenal.copper-armor.description}}",
          "Type": "Basic",
          "Category": -29,
          "Price": 500,
          "Texture": "DN.Gear/Armor",
          "SpriteIndex": 1,
          "ExcludeFromShippingCollection": true,
          "ExcludeFromRandomSale": true,
          "ContextTags": [
            "armor_item",
            "color_copper"
          ],
          "CustomFields": {
            "ArmorValue": 50
          }
        },
        "{{ModID}}_IronArmor": {
          "Name": "{{ModID}}_IronArmor",
          "DisplayName": "{{i18n: arsenal.iron-armor.name}}",
          "Description": "{{i18n: arsenal.iron-armor.description}}",
          "Type": "Basic",
          "Category": -29,
          "Price": 750,
          "Texture": "DN.Gear/Armor",
          "SpriteIndex": 2,
          "ExcludeFromShippingCollection": true,
          "ExcludeFromRandomSale": true,
          "ContextTags": [
            "armor_item",
            "color_iron"
          ],
          "CustomFields": {
            "ArmorValue": 75
          }
        },
        "{{ModID}}_GoldArmor": {
          "Name": "{{ModID}}_GoldArmor",
          "DisplayName": "{{i18n: arsenal.gold-armor.name}}",
          "Description": "{{i18n: arsenal.gold-armor.description}}",
          "Type": "Basic",
          "Category": -29,
          "Price": 1000,
          "Texture": "DN.Gear/Armor",
          "SpriteIndex": 3,
          "ExcludeFromShippingCollection": true,
          "ExcludeFromRandomSale": true,
          "ContextTags": [
            "armor_item",
            "color_gold"
          ],
          "CustomFields": {
            "ArmorValue": 100
          }
        },
        "{{ModID}}_IridiumArmor": {
          "Name": "{{ModID}}_IridiumArmor",
          "DisplayName": "{{i18n: arsenal.iridium-armor.name}}",
          "Description": "{{i18n: arsenal.iridium-armor.description}}",
          "Type": "Basic",
          "Category": -29,
          "Price": 1250,
          "Texture": "DN.Gear/Armor",
          "SpriteIndex": 4,
          "ExcludeFromShippingCollection": true,
          "ExcludeFromRandomSale": true,
          "ContextTags": [
            "armor_item",
            "color_iridium"
          ],
          "CustomFields": {
            "ArmorValue": 125
          }
        },
        "{{ModID}}_RadioactiveArmor": {
          "Name": "{{ModID}}_RadioactiveArmor",
          "DisplayName": "{{i18n: arsenal.radioactive-armor.name}}",
          "Description": "{{i18n: arsenal.radioactive-armor.description}}",
          "Type": "Basic",
          "Category": -29,
          "Price": 1500,
          "Texture": "DN.Gear/Armor",
          "SpriteIndex": 5,
          "ExcludeFromShippingCollection": true,
          "ExcludeFromRandomSale": true,
          "ContextTags": [
            "armor_item",
            "color_lime"
          ],
          "CustomFields": {
            "ArmorValue": 150
          }
        },
        "{{ModID}}_StygiumArmor": {
          "Name": "{{ModID}}_StygiumArmor",
          "DisplayName": "{{i18n: arsenal.stygium-armor.name}}",
          "Description": "{{i18n: arsenal.stygium-armor.description}}",
          "Type": "Basic",
          "Category": -29,
          "Price": 1750,
          "Texture": "DN.Gear/Armor",
          "SpriteIndex": 6,
          "ExcludeFromShippingCollection": true,
          "ExcludeFromRandomSale": true,
          "ContextTags": [
            "armor_item",
            "color_dark_blue"
          ],
          "CustomFields": {
            "ArmorValue": 175
          }
        },
        "{{ModID}}_ElysiumArmor": {
          "Name": "{{ModID}}_ElysiumArmor",
          "DisplayName": "{{i18n: arsenal.elysium-armor.name}}",
          "Description": "{{i18n: arsenal.elysium-armor.description}}",
          "Type": "Basic",
          "Category": -29,
          "Price": 2000,
          "Texture": "DN.Gear/Armor",
          "SpriteIndex": 7,
          "ExcludeFromShippingCollection": true,
          "ExcludeFromRandomSale": true,
          "ContextTags": [
            "armor_item",
            "color_light_cyan"
          ],
          "CustomFields": {
            "ArmorValue": 200
          }
        }
      }
    }
  ]
}