{
	"Changes": [
		// INCLUDES: DATA
		{
			"LogName": "S&S WF: Blank Loads",
			"Action": "Load",
			"Target": "Characters/Dialogue/WF.Val, Characters/schedules/WF.Val, Characters/Dialogue/WF.Hector, Characters/schedules/WF.Hector, Characters/Dialogue/WF.Coriander, Characters/schedules/WF.Coriander, Characters/Dialogue/WF.Lorin, Characters/schedules/WF.Lorin, Characters/Dialogue/WF.Dandelion, Characters/schedules/WF.Dandelion, Characters/Dialogue/WF.Roslin, Characters/schedules/WF.Roslin, Characters/Dialogue/WF.Arden, Characters/schedules/WF.Arden",
			"FromFile": "Loaders/Blank.json"
		},
		{
			"LogName": "S&S WF: Data Includes",
			"Action": "Include",
			"FromFile": "Data/MapData.json, Data/Graphics/Characters.json, Data/Dispositions/Val.json, Data/Dispositions/Coriander.json, Data/Dispositions/Hector.json, Data/Dispositions/Dandelion.json, Data/Dispositions/Roslin.json, Data/Dispositions/Lorin.json, Data/Dispositions/Arden.json"
		}
	]
}