{
    "Changes": [

        // FESTIVAL DIALOGUE

        {
            "Action": "EditData",
            "Target": "Data/Festivals/spring13, Data/Festivals/spring24, Data/Festivals/summer11, Data/Festivals/summer28, Data/Festivals/fall16, Data/Festivals/fall27, Data/Festivals/winter8, Data/Festivals/winter25/, Data/Festivals/fall20, Data/Festivals/winter28, Data/Festivals/winter28, Data/Festivals/summer5, Data/Festivals/spring19, Data/Festivals/winter13, Data/Festivals/fall3, Data/Festivals/summer20",
            "Entries": {
                "Val": "{{i18n:Festivals.Val.{{TargetWithoutPath}}.{{Relationship:Val |contains=Married}}.{{Random:{{Range: 1, 3}}}}}}",
                "Hector": "{{i18n:Festivals.Hector.{{TargetWithoutPath}}.{{Relationship:Hector |contains=Married}}.{{Random:{{Range: 1, 3}}}}}}",
                "Cirrus": "{{i18n:Festivals.Cirrus.{{TargetWithoutPath}}.{{Relationship:Cirrus |contains=Married}}.{{Random:{{Range: 1, 3}}}}}}",
            }
        },
        {
            "Action": "EditData",
            "Target": "Data/Festivals/spring13, Data/Festivals/spring24, Data/Festivals/summer11, Data/Festivals/summer28, Data/Festivals/fall16, Data/Festivals/fall27, Data/Festivals/winter8, Data/Festivals/winter25/, Data/Festivals/fall20, Data/Festivals/winter28, Data/Festivals/winter28, Data/Festivals/summer5, Data/Festivals/spring19, Data/Festivals/winter13, Data/Festivals/fall3, Data/Festivals/summer20",
            "Entries": {
                "Roslin": "{{i18n:Festivals.Roslin.{{TargetWithoutPath}}.{{Random:{{Range: 1, 3}}}}}}",
				"Dandelion": "{{i18n:Festivals.Dandelion.{{TargetWithoutPath}}.{{Random:{{Range: 1, 3}}}}}}",
            }
        },
        {
            "Action": "EditData",
            "Target": "Data/Festivals/fall27",
            "Entries": {
				"Solomon": "{{i18n:Festivals.Solomon.{{TargetWithoutPath}}.{{Random:{{Range: 1, 3}}}}}}",
            }
        },

    ]
}