{
  "Changes": [
    {
      "LogName": "Cirrus's 0 Heart Event", // WITHOUT ELI & DYLAN 
      "Action": "EditData",
      "Target": "Data/Events/Saloon",
      "Entries": {
        "SnS.Ch3.Cirrus.1/e SnS.Ch2.Hector.16/f Val 2500/f Hector 2500/t 1200 2200/w sunny/F": "Saloon1/-100 -100/farmer 23 18 2 Hector 24 19 3 Val 22 19 1 Cirrus 32 18 2 Sam 32 20 0 Abigail 33 19 0 Sebastian 31 19 0 Gus 13 18 2 Emily 17 17 0 Willy 17 22 2 Clint 19 23 3 Pierre 11 20 0 Shane 21 17 2 Pam 7 18 1 Leah 2 20 1 Elliott 4 19 2 Harvey 18 20 0 Marnie 8 22 3 Lewis 9 22 1/addConversationTopic CirrusArrives {{VariableTimegate}}/animate Shane false true 200 20 20 20 20 20 20 20 20 20 20 21 22 23 24 24 24 24 23 22 21 20 20 20 20/animate Elliott false true 200 16 16 16 16 16 16 16 16 16 16 16 16 16 16 16 16 16 16 17 18 18 18 19 19 18 18 19 19 18 17 16 16 16 16 16 16 16 16 16 16 16 16/animate Gus false true 200 18 18 19 19 20 20 19 19/animate Lewis false true 200 19 19 19 19 19 19 19 19 19 19 19 19 19 19 19 19 19 19 19 19 19 19 19 19 19 19 22 23 23 23 23 23 22 22 22 23 23 23 23 23 23 23 23 23 23 23/animate Marnie false true 200 20 20 20 20 20 20 20 20 20 20 20 20 20 20 20 20 20 20 20 20 20 20 20 20 20 20 20 20 20 20 21 22 23 23 23 23 23 23 23 23 22 21/addTemporaryActor FakeDandelion 16 32 31 7 1 true Character/addTemporaryActor FakeRoslin 16 32 32 7 3 true Character/skippable/changeName Cirrus {{i18n:Strings.Names.???}}/viewport 29 22 clamp true/pause 2000/speak Hector \"{{i18n:Events.SnS.Ch3.Cirrus.1.Hector.01}}\"/pause 200/speak Val \"I know, but Odelia said you've been obsessive and needed some outside time.$82\"/pause 200/speak Hector \"{{i18n:Events.SnS.Ch3.Cirrus.1.Hector.03}}\"/pause 200/speak Val \"{{i18n:Events.SnS.Ch3.Cirrus.1.Val.04}}\"/emote farmer 32 true/emote Hector 40 true/emote Val 8 true/pause 200/shake Cirrus 1000/speak Abigail \"I can't believe you actually just LIVE in OUR little town! That's so cool! $1\"/shake Cirrus 1000/showFrame Cirrus 43/pause 200/speak Cirrus \"Yeah, I'm between stops on my tour right now-$17\"/speak Sam \"{{i18n:Events.SnS.Ch3.Cirrus.1.Sam.07}}\"/shake Cirrus 1000/showFrame Cirrus 44/pause 200/speak Cirrus \"That's really cool! Uh, you know, I really should get going, actually-$17\"/pause 200/speak Sebastian \"{{i18n:Events.SnS.Ch3.Cirrus.1.Sebastian.09}}\"/shake Cirrus 1000/showFrame Cirrus 40/pause 200/speak Cirrus \"{{i18n:Events.SnS.Ch3.Cirrus.1.Cirrus.10}}\"/speak Abigail \"{{i18n:Events.SnS.Ch3.Cirrus.1.Abigail.11}}\"/speak Sam \"{{i18n:Events.SnS.Ch3.Cirrus.1.Sam.12}}\"/speak Sebastian \"Let us buy you a drink to welcome you back!$1\"/pause 200/shake Cirrus 5000/pause 5/positionOffset Cirrus 0 -4/pause 5/positionOffset Cirrus 0 -4/pause 5/positionOffset Cirrus 0 -4/pause 5/showFrame Cirrus 41/positionOffset Cirrus 0 -4/pause 5/positionOffset Cirrus 0 -4/pause 5/positionOffset Cirrus 0 -4/pause 5/positionOffset Cirrus 0 -4/pause 5/positionOffset Cirrus 0 -4/pause 5/positionOffset Cirrus 0 -4/pause 5/positionOffset Cirrus 0 -4/pause 5/positionOffset Cirrus 0 -4/pause 5/showFrame Cirrus 42/positionOffset Cirrus 0 -4/pause 5/positionOffset Cirrus 0 -4/pause 5/positionOffset Cirrus 0 -4/pause 5/positionOffset Cirrus 0 -4/pause 5/showFrame Cirrus 41/pause 5/warp Cirrus 32 17/showFrame Cirrus 40/speak Cirrus \"I don't drink, I'm just here for the arcade-$17\"/textAboveHead Val \"{{i18n:Events.SnS.Ch3.Cirrus.1.Val.14}}\"/faceDirection Val 1 true/faceDirection Hector 1 true/faceDirection farmer 1 true/pause 200/quickQuestion #{{i18n:Events.SnS.Ch3.Cirrus.1.QuickQuestion.15}}#I've heard that voice before...(break)textAboveHead Val \"Let's go check in...\"(break)textAboveHead Hector \"Yeah, same...\"/advancedMove Val false 8 0 1 10/advancedMove Hector false 0 1 6 0 1 10/pause 600/advancedMove farmer false 0 1 6 0 1 10/pause 2000/speak Val \"{{i18n:Events.SnS.Ch3.Cirrus.1.Val.19}}\"/faceDirection Sam 3 true/faceDirection Sebastian 3 true/faceDirection Abigail 3 true/pause 200/jump Hector 5/shake Hector 1000/speak Hector \"{{i18n:Events.SnS.Ch3.Cirrus.1.Hector.20}}\"/stopMusic/faceDirection FakeDandelion 2 true/emote FakeDandelion 8 true/emote Cirrus 16/shake Abigail 500/shake Sam 500/shake Sebastian 500/jump Sam 5/advancedMove Sam false 4 0 1 10/jump Abigail 5/advancedMove Abigail false 7 0 2 10/advancedMove Sebastian false 7 0 2 10/pause 1000/emote Sam 28 true/emote Abigail 28 true/emote Sebastian 28 true/advancedMove Hector false 3 0 0 -1 3 10/advancedMove Val false 1 0 1 10/advancedMove farmer false 0 1 3 0 4 10/showFrame Cirrus 0/advancedMove Cirrus false 0 1/pause 1000/speak Val \"Are you alright?$78\"/speak Cirrus \"Yeah, I'd say I'm used to it, but... honestly, I get pretty easily overwhelmed by all the questions.$2#$b#I know they didn't mean anything by it, they just got excited.$0\"/speak Hector \"So you DO sound familiar for a reason.$8\"/speak Val \"You recognize her from the TV you don't have?$82\"/speak Hector \"You realize I watch with Eloise, right? At her house. Her shows are my shows.$16\"/speak Val \"Oh, duh...$12\"/emote Cirrus 32/pause 250/changeName Cirrus Coriander/speak Cirrus \"My stage name is Cirrus! I'm a solo act musician. But I'd prefer you call me Coriander. Or Cori, for short!$1\"/playMusic shimmeringbastion/speak Val \"Well, it's a pleasure to meet you, Coriander.$1\"/pause 250/textAboveHead Hector \"Indeed.\"/pause 250/speak Val \"This is @, this is Hector, and I'm Val.\"/speak Cirrus \"Well, thank you, @ and Hector and Val, for the rescue. I think I might take this chance to slip out, East Scarp is calling me after all this...$1#$b#...excitement.$3\"/speak Hector \"Hey, that's where we live. Want us to walk with you? Pinky swear I'll chase off anyone else that gets too close.$1\"/textAboveHead Val \"Hector-\"/pause 250/speak Cirrus \"That sounds great, actually! Thank you.$17\"/emote Cirrus 20 true/emote farmer 32 true/emote Hector 56 true/emote Val 56/pause 500/fade/viewport -1000 -1000/speak Val \"You just wanted to get out of the Saloon, didn't you?$13\"/speak Hector \"Nooo, I'm doing our new friend a kindness. Obviously.$8\"/speak Cirrus \"New friend...? $1\"/pause 250/end",
      },
    },

    {
      "LogName": "Cirrus's 0 Heart Event", // WITH ELI & DYLAN 
      "Action": "EditData",
      "Target": "Data/Events/Saloon",
      "Entries": {
        "SnS.Ch3.Cirrus.1/e SnS.Ch2.Hector.16/f Val 2500/f Hector 2500/t 1200 2200/w sunny/F": "Saloon1/-100 -100/farmer 23 18 2 Hector 24 19 3 Val 22 19 1 Cirrus 32 18 2 Sam 32 20 0 Abigail 33 19 0 Sebastian 31 19 0 Gus 13 18 2 Emily 17 17 0 Willy 17 22 2 Clint 19 23 3 Pierre 11 20 0 Shane 21 17 2 Pam 7 18 1 Leah 2 20 1 Elliott 4 19 2 Harvey 18 20 0 Marnie 8 22 3 Lewis 9 22 1 Nova.Eli -999 -999 0 Nova.Dylan -999 -999 0/addConversationTopic CirrusArrives {{VariableTimegate}}/animate Shane false true 200 20 20 20 20 20 20 20 20 20 20 21 22 23 24 24 24 24 23 22 21 20 20 20 20/animate Elliott false true 200 16 16 16 16 16 16 16 16 16 16 16 16 16 16 16 16 16 16 17 18 18 18 19 19 18 18 19 19 18 17 16 16 16 16 16 16 16 16 16 16 16 16/animate Gus false true 200 18 18 19 19 20 20 19 19/animate Lewis false true 200 19 19 19 19 19 19 19 19 19 19 19 19 19 19 19 19 19 19 19 19 19 19 19 19 19 19 22 23 23 23 23 23 22 22 22 23 23 23 23 23 23 23 23 23 23 23/animate Marnie false true 200 20 20 20 20 20 20 20 20 20 20 20 20 20 20 20 20 20 20 20 20 20 20 20 20 20 20 20 20 20 20 21 22 23 23 23 23 23 23 23 23 22 21/addTemporaryActor FakeDandelion 16 32 31 7 1 true Character/addTemporaryActor FakeRoslin 16 32 32 7 3 true Character/skippable/changeName Cirrus {{i18n:Strings.Names.???}}/viewport 29 22 clamp true/pause 2000/speak Hector \"{{i18n:Events.SnS.Ch3.Cirrus.1.Hector.01}}\"/pause 200/speak Val \"I know, but Odelia said you've been obsessive and needed some outside time.$82\"/pause 200/speak Hector \"{{i18n:Events.SnS.Ch3.Cirrus.1.Hector.03}}\"/pause 200/speak Val \"{{i18n:Events.SnS.Ch3.Cirrus.1.Val.04}}\"/emote farmer 32 true/emote Hector 40 true/emote Val 8 true/pause 200/shake Cirrus 1000/speak Abigail \"I can't believe you actually just LIVE in OUR little town! That's so cool! $1\"/shake Cirrus 1000/showFrame Cirrus 43/pause 200/speak Cirrus \"Yeah, I'm between stops on my tour right now-$17\"/speak Sam \"{{i18n:Events.SnS.Ch3.Cirrus.1.Sam.07}}\"/shake Cirrus 1000/showFrame Cirrus 44/pause 200/speak Cirrus \"That's really cool! Uh, you know, I really should get going, actually-$17\"/pause 200/speak Sebastian \"{{i18n:Events.SnS.Ch3.Cirrus.1.Sebastian.09}}\"/shake Cirrus 1000/showFrame Cirrus 40/pause 200/speak Cirrus \"{{i18n:Events.SnS.Ch3.Cirrus.1.Cirrus.10}}\"/speak Abigail \"{{i18n:Events.SnS.Ch3.Cirrus.1.Abigail.11}}\"/speak Sam \"{{i18n:Events.SnS.Ch3.Cirrus.1.Sam.12}}\"/speak Sebastian \"Let us buy you a drink to welcome you back!$1\"/pause 200/shake Cirrus 5000/pause 5/positionOffset Cirrus 0 -4/pause 5/positionOffset Cirrus 0 -4/pause 5/positionOffset Cirrus 0 -4/pause 5/showFrame Cirrus 41/positionOffset Cirrus 0 -4/pause 5/positionOffset Cirrus 0 -4/pause 5/positionOffset Cirrus 0 -4/pause 5/positionOffset Cirrus 0 -4/pause 5/positionOffset Cirrus 0 -4/pause 5/positionOffset Cirrus 0 -4/pause 5/positionOffset Cirrus 0 -4/pause 5/positionOffset Cirrus 0 -4/pause 5/showFrame Cirrus 42/positionOffset Cirrus 0 -4/pause 5/positionOffset Cirrus 0 -4/pause 5/positionOffset Cirrus 0 -4/pause 5/positionOffset Cirrus 0 -4/pause 5/showFrame Cirrus 41/pause 5/warp Cirrus 32 17/showFrame Cirrus 40/speak Cirrus \"I don't drink, I'm just here for the arcade-$17\"/textAboveHead Val \"{{i18n:Events.SnS.Ch3.Cirrus.1.Val.14}}\"/faceDirection Val 1 true/faceDirection Hector 1 true/faceDirection farmer 1 true/pause 200/quickQuestion #{{i18n:Events.SnS.Ch3.Cirrus.1.QuickQuestion.15}}#I've heard that voice before...(break)textAboveHead Val \"Let's go check in...\"(break)textAboveHead Hector \"Yeah, same...\"/advancedMove Val false 8 0 1 10/advancedMove Hector false 0 1 6 0 1 10/pause 600/advancedMove farmer false 0 1 6 0 1 10/pause 2000/speak Val \"{{i18n:Events.SnS.Ch3.Cirrus.1.Val.19}}\"/faceDirection Sam 3 true/faceDirection Sebastian 3 true/faceDirection Abigail 3 true/pause 200/jump Hector 5/shake Hector 1000/speak Hector \"{{i18n:Events.SnS.Ch3.Cirrus.1.Hector.20}}\"/stopMusic/faceDirection FakeDandelion 2 true/emote FakeDandelion 8 true/emote Cirrus 16/shake Abigail 500/shake Sam 500/shake Sebastian 500/jump Sam 5/advancedMove Sam false 4 0 1 10/jump Abigail 5/advancedMove Abigail false 7 0 2 10/advancedMove Sebastian false 7 0 2 10/pause 1000/emote Sam 28 true/emote Abigail 28 true/emote Sebastian 28 true/advancedMove Hector false 3 0 0 -1 3 10/advancedMove Val false 1 0 1 10/advancedMove farmer false 0 1 3 0 4 10/showFrame Cirrus 0/advancedMove Cirrus false 0 1/pause 1000/speak Val \"Are you alright?$78\"/speak Cirrus \"Yeah, I'd say I'm used to it, but... honestly, I get pretty easily overwhelmed by all the questions.$2#$b#I know they didn't mean anything by it, they just got excited.$0\"/speak Hector \"So you DO sound familiar for a reason.$8\"/speak Val \"You recognize her from the TV you don't have?$82\"/speak Hector \"You realize I watch with Eloise, right? At her house. Her shows are my shows.$16\"/speak Val \"Oh, duh...$12\"/emote Cirrus 32/pause 250/changeName Cirrus Coriander/playMusic shimmeringbastion/speak Cirrus \"My stage name is Cirrus! I'm a solo act musician. But I'd prefer you call me Coriander. Or Cori, for short!$1\"/speak Val \"Well, it's a pleasure to meet you, Coriander.$1\"/pause 250/textAboveHead Hector \"Indeed.\"/pause 250/speak Val \"This is @, this is Hector, and I'm Val.\"/speak Cirrus \"Well, thank you, @ and Hector and Val, for the rescue. I think I might take this chance to slip out.$1#$b#I was supposed to meet with some friends, but I guess they forgot...$2\"/speak Hector \"Hey, that's where we live. Want us to walk with you? Pinky swear I'll chase off anyone else that gets too close.$1\"/textAboveHead Val \"Hector-\"/stopMusic/playMusic Saloon1/pause 200/playSound doorClose/warp Nova.Eli 14 23/speed Nova.Eli 5/advancedMove Nova.Eli false 0 -2 12 0 0 -2 5 0 0 -1 1 10/pause 1000/textAboveHead Nova.Eli \"{{i18n:Events.Events.ED.SnS.Ch3.EnD.Nova.Eli.01}}\"/advancedMove Val false 0 1 4 10/faceDirection Clint 0/emote Clint 16 true/playSound doorClose/faceDirection Harvey 1/warp Nova.Dylan 14 23/speed Nova.Dylan 4/advancedMove Nova.Dylan false 0 -2 12 0 0 -2 5 0 1 10/faceDirection Cirrus 3/emote Cirrus 16 true/pause 250/textAboveHead Nova.Dylan \"{{i18n:Events.Events.ED.SnS.Ch3.EnD.Nova.Dylan.02}}\"/emote Val 8/faceDirection Harvey 0/faceDirection Clint 3/pause 2000/shake Nova.Eli 1000/pause 1000/speak Nova.Eli \"{{i18n:Events.Events.ED.SnS.Ch3.EnD.Nova.Eli.03}}\"/speak Cirrus \"{{i18n:Events.Events.ED.SnS.Ch3.EnD.Cirrus.04}}\"/pause 500/playSound throw true/positionOffset Nova.Eli 25 0/showFrame Nova.Eli 28/showFrame Cirrus 39/emote Nova.Eli 20 true/pause 500/emote Nova.Dylan 32/shake Nova.Eli 1000 true/shake Cirrus 1000/playSound dwop/warp Nova.Eli 31 18/faceDirection Nova.Eli 1 true/showFrame Cirrus 12/faceDirection Cirrus 3/pause 1000/speak Nova.Eli \"{{i18n:Events.Events.ED.SnS.Ch3.EnD.Nova.Eli.05}}\"/pause 500/speak Val \"{{i18n:Events.Events.ED.SnS.Ch3.EnD.Val.06}}\"/faceDirection Cirrus 2 true/faceDirection Nova.Eli 2/emote Cirrus 60/speak Nova.Eli \"You could say that! Cori is our best mate, we go way back.$12#$b#We were meant to be waiting for her but Dylan slowed us down.$10\"/emote Nova.Dylan 16 true/jump Nova.Dylan/speak Nova.Dylan \"{{i18n:Events.Events.ED.SnS.Ch3.EnD.Nova.Dylan.08}}\"/textAboveHead Hector \"{{i18n:Events.Events.ED.SnS.Ch3.EnD.Hector.09}}\"/advancedMove Cirrus false 0 1 3 10/pause 1700/speak Cirrus \"C'mere, Dylan! Hugs for you, too.$1\"/speak Nova.Dylan \"Oh go on then, if you must... it's good to see you again, Cori.$3\"/pause 250/positionOffset Cirrus -40 0/showFrame Nova.Dylan 28/showFrame Cirrus 39/shake Nova.Dylan 1000 true/shake Cirrus 1000 true/emote Nova.Eli 32 true/pause 250/emote farmer 32/showFrame Nova.Dylan 4 true/playSound dwop/shake Cirrus 200/warp Cirrus 32 19/faceDirection Cirrus 3/pause 250/speak Hector \"{{i18n:Events.Events.ED.SnS.Ch3.EnD.Hector.12}}\"/faceDirection Cirrus 1/speak Cirrus \"I should be good! We were planning to play some arcade games and then go back to their place.$1\"/faceDirection Cirrus 3/speak Nova.Dylan \"You lot can feel free to join us. It sounded like you were getting on well with Cori before we showed up.$1\"/jump Nova.Eli 5 true/faceDirection Cirrus 0/speak Nova.Eli \"Yeah! We can ask Gus for a few pizzas to go. Hope you've got some of your famous ginger beer to pair with them, Cori.$1\"/speak Cirrus \"Of course I do!$1\"/emote Hector 32 true/faceDirection Cirrus 2/speak Val \"{{i18n:Events.Events.ED.SnS.Ch3.EnD.Val.16}}\"/jump Hector 5 true/faceDirection Cirrus 1/speak Hector \"{{i18n:Events.Events.ED.SnS.Ch3.EnD.Hector.17}}\"/globalFade/viewport -1000 -1000/playSound doorClose/pause 1000/speak Sam \"{{i18n:Events.Events.ED.SnS.Ch3.EnD.Sam.20}}\"/speak Abigail \"Right?? Eli never told me he's besties with THE Cirrus!$7\"/speak Sebastian \"I feel bad for offering her a beer...$2\"/message \"Cori brightened up with the company of her friends, new and old. Her house is located in the northern part of East Scarp Village!\"/pause 250/end"
      },
      "When": {
        "HasMod: |contains=TenebrousNova.EliDylan.CP": true,
      }
    },

    {
      "LogName": "Cirrus's 1 Heart Event", // WITHOUT STARDEW VALLEY EXPANDED 
      "Action": "EditData",
      "Target": "Data/Events/Woods",
      "Entries": {
        "SnS.Ch3.Cirrus.2/e SnS.Ch3.Cirrus.1/f Cirrus 250/t 1800 2200/A CirrusArrives/gameStateQuery !WEATHER here Rain Storm/F": "none/-100 -100/farmer 33 21 0 Cirrus 8 8 2/skippable/showFrame Cirrus 16/globalFadeToClear/addConversationTopic CirrusWoods {{VariableTimegate}}/viewport 46 58 clamp true/pause 1000/emote Cirrus 40/playSound leafrustle/speed farmer 3/advancedMove farmer false 0 -8 -25 0 0 -3 4 10/playMusic SnS.Caramel_1/pause 500/emote farmer 8/textAboveHead Cirrus \"They ask me-\"/animate Cirrus false true 100 16 17 18 19 20 16 17 18 19 20 16 17 18 19 20 21 22 23 24 25 16 17 18 19 20 16 17 18 19 20 26 27 28 29 30 31 32 33 34 30 31 32 33 34 30 31 32 33 34 30 31 32 33 34 35 16 17 18 19 20 21 22 23 24 25/pause 1700/textAboveHead Cirrus \"'Is it going good in the garden?'\"/pause 1700/textAboveHead Cirrus \"Say, 'I'm lost, but I beg no pardon.'\"/pause 1700/textAboveHead Cirrus \"Up on the dice, but low on the cards...\"/pause 1700/textAboveHead Cirrus \"I try not to talk about how it's harder now-\"/pause 1500/waitForAllStationary/stopMusic/stopAnimation Cirrus/pause 250/playMusic woodsTheme/speak Cirrus \"Oh! Hey, @. I wasn't expecting anyone to be out here. Hope I wasn't being a public disturbance.$18\"/pause 250/emote farmer 36/pause 250/speak Cirrus \"Thank you. I've felt a bit self-conscious lately, like I'm bothering the neighbors.$14#$b#Figured a change of scenery would get the creative juices flowing, anyway. I've felt a bit... lacking, in that department.$16\"/pause 250/emote farmer 8/speak Cirrus \"The only way out of a rut is through, though!$17\"/pause 250/emote farmer 56 true/jump farmer 5/emote Cirrus 8/pause 250/speak Cirrus \"You play the harp? That's awesome, I love obscure instruments - in case the keytar didn't give that away.$14#$b#C'mere, why don't you jam along with me? Just pluck those strings with your heart.$1\"/stopMusic/emote farmer 32/advancedMove farmer false 1 0 0 -2 2 10/waitForAllStationary/positionOffset farmer 0 10/showFrame farmer 98/playMusic SnS.Caramel_2/textAboveHead Cirrus \"A one, a two...\"/pause 1750/textAboveHead Cirrus \"A one, two, three, four...\"/pause 1750/animate Cirrus false true 100 16 17 18 19 20 16 17 18 19 20 16 17 18 19 20 21 22 23 24 25 16 17 18 19 20 16 17 18 19 20 26 27 28 29 30 31 32 33 34 30 31 32 33 34 30 31 32 33 34 30 31 32 33 34 35 16 17 18 19 20 21 22 23 24 25/animate farmer false true 98 98 99 99 100 100/pause 15000/textAboveHead Cirrus \"Count me out like sovereigns, payback for the good times-\"/pause 5000/textAboveHead Cirrus \"Right foot in the roses, left foot on a landmine...\"/pause 6000/textAboveHead Cirrus \"I'm not gonna be there, tripping on the grapevine.\"/pause 4750/textAboveHead Cirrus \"They can sing the words, while I cry into the bassline...\"/pause 10000/fade/viewport -1000 -1000/pause 1000/speak Cirrus \"@? We should grab lunch sometime. Not at the Saloon, but, maybe the Inn?$6\"/end",
      },
      "When": {
"HasMod |contains=FlashShifter.StardewValleyExpandedCP": false
      }
    },
    {
      "LogName": "Cirrus's 1 Heart Event", // WITH STARDEW VALLEY EXPANDED
      "Action": "EditData",
      "Target": "Data/Events/Woods",
      "Entries": {
        "SnS.Ch3.Cirrus.2/e SnS.Ch3.Cirrus.1/f Cirrus 250/t 1800 2200/A CirrusArrives/gameStateQuery !WEATHER here Rain Storm/F": "none/-100 -100/farmer 1000 1000 0 Cirrus 46 55 2/skippable/showFrame Cirrus 16/globalFadeToClear/addConversationTopic CirrusWoods {{VariableTimegate}}/viewport 46 58 clamp true/pause 1000/emote Cirrus 40/playSound leafrustle/warp farmer 48 70/playMusic SnS.Caramel_1/pause 500/emote farmer 8/textAboveHead Cirrus \"They ask me-\"/animate Cirrus false true 100 16 17 18 19 20 16 17 18 19 20 16 17 18 19 20 21 22 23 24 25 16 17 18 19 20 16 17 18 19 20 26 27 28 29 30 31 32 33 34 30 31 32 33 34 30 31 32 33 34 30 31 32 33 34 35 16 17 18 19 20 21 22 23 24 25/pause 1700/speed farmer 1/textAboveHead Cirrus \"'Is it going good in the garden?'\"/advancedMove farmer false 0 -12 -2 0 4 10/pause 1700/textAboveHead Cirrus \"Say, 'I'm lost, but I beg no pardon.'\"/pause 1700/textAboveHead Cirrus \"Up on the dice, but low on the cards...\"/pause 1700/textAboveHead Cirrus \"I try not to talk about how it's harder now-\"/pause 1500/waitForAllStationary/stopMusic/stopAnimation Cirrus/pause 250/playMusic woodsTheme/speak Cirrus \"Oh! Hey, @. I wasn't expecting anyone to be out here. Hope I wasn't being a public disturbance.$18\"/pause 250/emote farmer 36/pause 250/speak Cirrus \"Thank you. I've felt a bit self-conscious lately, like I'm bothering the neighbors.$14#$b#Figured a change of scenery would get the creative juices flowing, anyway. I've felt a bit... lacking, in that department.$16\"/pause 250/emote farmer 8/speak Cirrus \"The only way out of a rut is through, though!$17\"/pause 250/emote farmer 56 true/jump farmer 5/emote Cirrus 8/pause 250/speak Cirrus \"You play the harp? That's awesome, I love obscure instruments - in case the keytar didn't give that away.$14#$b#C'mere, why don't you jam along with me? Just pluck those strings with your heart.$1\"/stopMusic/emote farmer 32/advancedMove farmer false -1 0 0 -3 2 10/waitForAllStationary/positionOffset farmer 0 10/showFrame farmer 98/playMusic SnS.Caramel_2/textAboveHead Cirrus \"A one, a two...\"/pause 1750/textAboveHead Cirrus \"A one, two, three, four...\"/pause 1750/animate Cirrus false true 100 16 17 18 19 20 16 17 18 19 20 16 17 18 19 20 21 22 23 24 25 16 17 18 19 20 16 17 18 19 20 26 27 28 29 30 31 32 33 34 30 31 32 33 34 30 31 32 33 34 30 31 32 33 34 35 16 17 18 19 20 21 22 23 24 25/animate farmer false true 98 98 99 99 100 100/pause 15000/textAboveHead Cirrus \"Count me out like sovereigns, payback for the good times-\"/pause 5000/textAboveHead Cirrus \"Right foot in the roses, left foot on a landmine...\"/pause 6000/viewport move 0 -1 35000/textAboveHead Cirrus \"I'm not gonna be there, tripping on the grapevine.\"/pause 4750/textAboveHead Cirrus \"They can sing the words, while I cry into the bassline...\"/pause 24000/fade/viewport -1000 -1000/pause 1000/speak Cirrus \"@? We should grab lunch sometime. Not at the Saloon, but, maybe the Inn?$6\"/end",
      },
      "When": {
"HasMod |contains=FlashShifter.StardewValleyExpandedCP": true
      }
    },

    {
      "LogName": "Cirrus's 2 Heart Event",
      "Action": "EditData",
      "Target": "Data/Events/EastScarp_Village",
      "Entries": {
        "SnS.Ch3.Cirrus.3.New/e SnS.Ch3.Cirrus.2/f Cirrus 1000/t 1800 2200/A CirrusMom/w sunny/F": "continue/-100 -100/farmer 43 68 3 Cirrus 42 68 1 Rosa -100 -100 2 Juliet -100 -100 3 Nova.Eli? -100 -100 2 Nova.Dylan? -100 -100 0 RodneyOBrien? -100 -100 0 Val -100 -100 2 Hector -100 -100 0 Aideen 44 10 3 Jasper 42 10 1/skippable/viewport 42 68 clamp true/pause 1000/speak Cirrus \"Thanks for actually coming to lunch with me, @! Rosa's cooking sure does feel homely. And she's always such a joy to be around-$1\"/pause 250/playSound thunder/screenFlash 10/addConversationTopic CirrusRain {{VariableTimegate}}/shake Cirrus 5000/textAboveHead Cirrus \"{{i18n:Events.SnS.Ch3.Cirrus.6.Cirrus.02}}\"/pause 3000/playSound thunder/screenFlash 10/jump Cirrus 5 true/emote Cirrus 16/speed Cirrus 5/advancedMove Cirrus false 0 -2 4 10/faceDirection farmer 0/pause 250/warp Cirrus -100 -100/playSound doorClose/emote farmer 40/playSound thunder/screenFlash 20/setRaining Default true/setRaining Lemurkat_EastScarp true/playSound thunder/screenFlash 10/playMusic AbigailFlute/pause 500/emote farmer 16/speed farmer 3/advancedMove farmer false 0 -2 4 10/pause 750/waitForAllStationary/warp farmer -100 -100/playSound doorClose/fade/viewport -1000 -1000/changeLocation EastScarp_VillageInn/ambientLight 165 165 50/pause 500/warp Rosa 45 31/faceDirection Rosa 2/removeTile 34 8 Buildings/removeTile 34 7 Front/removeTile 35 8 Buildings/removeTile 36 8 Buildings/removeTile 35 7 Front/removeTile 36 7 Front/removeTile 35 6 Front/removeTile 36 6 Front/addTemporaryActor FakeDandelion 16 32 26 28 1 true Character/addTemporaryActor FakeRoslin 16 32 28 28 3 true Character/temporaryAnimatedSprite SnS_Objects\\Icons 64 16 16 16 99999 1 99999 33 9 false false 1 0 1 0 0 0 /warp Juliet 46 31/warp Val 12 31/warp Hector 12 33/warp Nova.Eli? 35 31/warp Nova.Dylan? 35 33/warp RodneyOBrien? 32 28/addTemporaryActor LumisteriaCloset 48 64 34 9 2 false Character/positionOffset LumisteriaCloset 0 -9/addLantern 180 34 5 2/addLantern 180 28 5 2/shake LumisteriaCloset 35000/warp farmer 44 36/faceDirection farmer 0/globalFadeToClear/viewport 40 30/playSound potterySmash/pause 500/textAboveHead Rosa \"{{i18n:Events.SnS.Ch3.Cirrus.6.Rosa.03}}\"/pause 1500/advancedMove farmer false 0 -3 -4 0 0 -12 -5 0 0 -8 4 10/viewport move 0 -1 10000/textAboveHead FakeRoslin \"I knew it was going to rain!\"/pause 2500/textAboveHead FakeDandelion \"Yeah, you've been complaining about your knees all day.\"/waitForAllStationary/emote farmer 16 true/jump farmer 5/pause 250/advancedMove farmer false 0 -3 3 10/pause 500/emote farmer 40/waitForAllStationary/emote farmer 28/pause 250/faceDirection farmer 0 true/jump farmer 5 true/emote farmer 16/pause 500/textAboveHead LumisteriaCloset \"Sorry, I just. Uh. Realized I had somewhere to be.\"/pause 1500/quickQuestion #Does thunder frighten you?(break)textAboveHead LumisteriaCloset \"No!\"/pause 1500/playSound thunder/shake LumisteriaCloset 10000/jump LumisteriaCloset 8/pause 250/emote farmer 40/textAboveHead LumisteriaCloset \"M-maybe just a little...\"/pause 1500/showFrame farmer 15/shake LumisteriaCloset 3000/pause 250/ignoreCollisions Cirrus/warp LumisteriaCloset 1000 1000/temporaryAnimatedSprite Characters\\LumisteriaCloset 48 0 48 64 99999 1 99999 34 6 false false 1 0 1 0 0 0 /playSound doorOpen/showFrame Cirrus 47/warp Cirrus 35 9/positionOffset Cirrus 0 -15/showFrame farmer 11/faceDirection farmer 0/emote Cirrus 28/speak Cirrus \"I'll, uh, make room.$27\"/playMusic AbigailFluteDuet/positionOffset Cirrus 5 0/pause 5/positionOffset Cirrus 5 0/pause 5/positionOffset Cirrus 5 0/pause 5/positionOffset Cirrus 5 0/pause 5/advancedMove farmer false 0 -1 2 10/waitForAllStationary/showFrame farmer 70/positionOffset farmer -5 0/pause 5/positionOffset farmer -5 0/pause 5/positionOffset farmer -5 0/pause 5/positionOffset farmer -5 0/pause 5/positionOffset farmer -5 0/pause 5/speak Cirrus \"...Lightning hit the trailer I lived in as a kid, and the following storm flooded the whole caravan park.$13#$b#My mother and I didn't have much to begin with, but we lost it all that day.$18#$b#Well, except - I had this pocket telescope I always carried around, and since I had it on me, I was able to take it when we evacuated.$0#$b#Still got it, too! My good luck charm.$17\"/quickQuestion #You have very humble beginnings. #Well, that explains the dome on your house.(break)speak Cirrus \"Yup! Supported my mother and I while delivering pizzas and studying music theory. Practiced keyboard and guitar - both secondhand!$14#$b#Eventually, I got a few gigs, and things started looking up from there.$1\"(break)speak Cirrus \"I was always interested in astronomy, because the planetarium at the school I went to was kind of my safe space.$7#$b#Now that I have the means, I have my a whole room dedicated to it. It's one of the many ways I decompress.$6#$b#I'll always have the little one, though. It's special, even though I've gotten a much nicer telescope since.$4\"/pause 250/playSound thunder/shake Cirrus 2500/pause 500/emote Cirrus 40/pause 500/speak Cirrus \"Thank you for sitting with me, @. The distraction really helps.$31\"/pause 250/quickQuestion #Scoot a little closer. (FLIRTY) #Pat her shoulder. (PLATONIC)(break)positionOffset farmer 5 0\\positionOffset Cirrus -5 0\\pause 5\\speak Cirrus \"Oh - you're forward, aren't you?$32#$b#That's alright. I like forward.$31\"(break)speak Cirrus \"We haven't known each other for very long, but you've been such a good friend.$0#$b#Thank you for jamming with me in the woods, and for lunch, and for... this! We should hang out again soon.$1#$b#I'll just, uh, check the weather first.$3\"/pause 250/fade/viewport -1000 -1000/speak Cirrus \"Crud, I've gotta clean up that plant. I kicked it over on accident when I ran in here.$23\"/pause 250/end",
      },
    },
  ]
}
/* 

patch reload DN.SnS Data/Events/EventsData_Coriander.json 

quickQuestion #That girl sounds overwhelmed. #That voice is familiar.(break)speak Val \"Let's check in on things, just in case.$32\"(break)speak Hector \"Right? Reminds me of something I was watching with Eloise...$7\"

(0 = up, 1 = right, 2 = down, 3 = left)

waitForAllStationary - waits until all advMoves are complete for next action 

stopAdvancedMoves - will prevent clipping issues at the end of an event when characters advMove off screen

advancedMove true/false (loop) parameters

parameters:
x y x y x y = move without pause

x y z t x y z t = move with pauses

x y x y z t x y = move with mix of mentioned above

x = how many tiles move in x axis (+ = right, - = left)
y = how many tiles move in y axis (+ = down, - = up)
z = direction face upon reaching destination (1=right, 2=down, 3=left, 4=up)
t = duration in milliseconds how long to stay in that spot (must be >= 10000ms)

4- empty can
8- question mark
12- angry
16- exclamation
20- heart
24- sleep
28- sad
32- happy
36- x
40- pause
52- video game
56- music note
60- blush 

cutscene clearTempSprites

*/