{

  "Changes": [

    {
      "LogName": "Val 0 Heart Event pt 1 (2.0)",
      "Action": "EditData",
      "Target": "Data/Events/Mine",
      "Entries": {

        "SnS.Ch1.Val.0/e 100162/t 600 2400/F": "Upper_Ambient/-100 -100/farmer 18 13 0 Val -999 -999 0/viewport 23 9/addTemporaryActor SlimeyBoiJr 16 16 -999 -999 0 false Character/addTemporaryActor SlimeyBoiJr2 16 16 -999 -999 0 false Character/addTemporaryActor SlimeyBoiJr3 16 16 -999 -999 0 false Character/addConversationTopic ValRescue {{VariableTimegate}}/addTemporaryActor SlimeyBoiJr4 16 16 -999 -999 0 false/addTemporaryActor SlimeyBoiJr5 16 16 -999 -999 0 false/globalFadeToClear/skippable/speed farmer 4/pause 200/emote farmer 40/move farmer 0 -5 0/pause 250/faceDirection farmer 3/pause 250/faceDirection farmer 0/pause 250/faceDirection farmer 2/pause 250/move farmer 5 0 0/faceDirection farmer 2/pause 200/playSound stairsdown/fade/viewport -1000 -1000/changeLocation EastScarp_IntroMine/warp farmer 10 4/viewport 10 6/globalFadeToClear/pause 250/emote farmer 40/pause 250/emote farmer 16/pause 50/jump farmer 8 true/showFrame farmer 94/startJittering/warp SlimeyBoiJr 8 -2/showFrame SlimeyBoiJr 5/positionOffset SlimeyBoiJr 0 10/positionOffset SlimeyBoiJr 0 10/positionOffset SlimeyBoiJr 0 10/positionOffset SlimeyBoiJr 0 10/positionOffset SlimeyBoiJr 0 10/positionOffset SlimeyBoiJr 0 10/positionOffset SlimeyBoiJr 0 10/positionOffset SlimeyBoiJr 0 10/positionOffset SlimeyBoiJr 0 10/positionOffset SlimeyBoiJr 0 10/positionOffset SlimeyBoiJr 0 10/positionOffset SlimeyBoiJr 0 10/positionOffset SlimeyBoiJr 0 10/positionOffset SlimeyBoiJr 0 10/positionOffset SlimeyBoiJr 0 10/positionOffset SlimeyBoiJr 0 10/positionOffset SlimeyBoiJr 0 10/positionOffset SlimeyBoiJr 0 10/positionOffset SlimeyBoiJr 0 10/positionOffset SlimeyBoiJr 0 10/positionOffset SlimeyBoiJr 0 10/positionOffset SlimeyBoiJr 0 10/positionOffset SlimeyBoiJr 0 10/positionOffset SlimeyBoiJr 0 10/positionOffset SlimeyBoiJr 0 10/positionOffset SlimeyBoiJr 0 10/positionOffset SlimeyBoiJr 0 10/positionOffset SlimeyBoiJr 0 10/positionOffset SlimeyBoiJr 0 10/positionOffset SlimeyBoiJr 0 10/positionOffset SlimeyBoiJr 0 10/positionOffset SlimeyBoiJr 0 10/positionOffset SlimeyBoiJr 0 10/positionOffset SlimeyBoiJr 0 10/positionOffset SlimeyBoiJr 0 10/positionOffset SlimeyBoiJr 0 10/positionOffset SlimeyBoiJr 0 10/positionOffset SlimeyBoiJr 0 10/positionOffset SlimeyBoiJr 0 10/positionOffset SlimeyBoiJr 0 10/positionOffset SlimeyBoiJr 0 10/positionOffset SlimeyBoiJr 0 10/positionOffset SlimeyBoiJr 0 10/positionOffset SlimeyBoiJr 0 10/positionOffset SlimeyBoiJr 0 10/positionOffset SlimeyBoiJr 0 10/positionOffset SlimeyBoiJr 0 10/positionOffset SlimeyBoiJr 0 10/playSound slimedead/warp SlimeyBoiJr 8 5/animate SlimeyBoiJr false false 100 18 17 16/pause 300/stopAnimation SlimeyBoiJr/animate SlimeyBoiJr false true 100 4 5 6 7/warp SlimeyBoiJr2 9 0/showFrame SlimeyBoiJr2 5/positionOffset SlimeyBoiJr2 0 10/positionOffset SlimeyBoiJr2 0 10/positionOffset SlimeyBoiJr2 0 10/positionOffset SlimeyBoiJr2 0 10/positionOffset SlimeyBoiJr2 0 10/positionOffset SlimeyBoiJr2 0 10/positionOffset SlimeyBoiJr2 0 10/positionOffset SlimeyBoiJr2 0 10/positionOffset SlimeyBoiJr2 0 10/positionOffset SlimeyBoiJr2 0 10/positionOffset SlimeyBoiJr2 0 10/positionOffset SlimeyBoiJr2 0 10/positionOffset SlimeyBoiJr2 0 10/positionOffset SlimeyBoiJr2 0 10/positionOffset SlimeyBoiJr2 0 10/positionOffset SlimeyBoiJr2 0 10/positionOffset SlimeyBoiJr2 0 10/positionOffset SlimeyBoiJr2 0 10/positionOffset SlimeyBoiJr2 0 10/positionOffset SlimeyBoiJr2 0 10/positionOffset SlimeyBoiJr2 0 10/positionOffset SlimeyBoiJr2 0 10/positionOffset SlimeyBoiJr2 0 10/positionOffset SlimeyBoiJr2 0 10/positionOffset SlimeyBoiJr2 0 10/positionOffset SlimeyBoiJr2 0 10/positionOffset SlimeyBoiJr2 0 10/positionOffset SlimeyBoiJr2 0 10/positionOffset SlimeyBoiJr2 0 10/positionOffset SlimeyBoiJr2 0 10/positionOffset SlimeyBoiJr2 0 10/positionOffset SlimeyBoiJr2 0 10/positionOffset SlimeyBoiJr2 0 10/positionOffset SlimeyBoiJr2 0 10/positionOffset SlimeyBoiJr2 0 10/positionOffset SlimeyBoiJr2 0 10/positionOffset SlimeyBoiJr2 0 10/positionOffset SlimeyBoiJr2 0 10/positionOffset SlimeyBoiJr2 0 10/positionOffset SlimeyBoiJr2 0 10/positionOffset SlimeyBoiJr2 0 10/positionOffset SlimeyBoiJr2 0 10/positionOffset SlimeyBoiJr2 0 10/positionOffset SlimeyBoiJr2 0 10/positionOffset SlimeyBoiJr2 0 10/positionOffset SlimeyBoiJr2 0 10/positionOffset SlimeyBoiJr2 0 10/positionOffset SlimeyBoiJr2 0 9/playSound slimedead/warp SlimeyBoiJr2 9 7/animate SlimeyBoiJr2 false false 100 18 17 16/pause 300/stopAnimation SlimeyBoiJr2/animate SlimeyBoiJr2 false true 100 4 5 6 7/warp SlimeyBoiJr3 11 -1/showFrame SlimeyBoiJr3 5/positionOffset SlimeyBoiJr3 0 10/positionOffset SlimeyBoiJr3 0 10/positionOffset SlimeyBoiJr3 0 10/positionOffset SlimeyBoiJr3 0 10/positionOffset SlimeyBoiJr3 0 10/positionOffset SlimeyBoiJr3 0 10/positionOffset SlimeyBoiJr3 0 10/positionOffset SlimeyBoiJr3 0 10/positionOffset SlimeyBoiJr3 0 10/positionOffset SlimeyBoiJr3 0 10/positionOffset SlimeyBoiJr3 0 10/positionOffset SlimeyBoiJr3 0 10/positionOffset SlimeyBoiJr3 0 10/positionOffset SlimeyBoiJr3 0 10/positionOffset SlimeyBoiJr3 0 10/positionOffset SlimeyBoiJr3 0 10/positionOffset SlimeyBoiJr3 0 10/positionOffset SlimeyBoiJr3 0 10/positionOffset SlimeyBoiJr3 0 10/positionOffset SlimeyBoiJr3 0 10/positionOffset SlimeyBoiJr3 0 10/positionOffset SlimeyBoiJr3 0 10/positionOffset SlimeyBoiJr3 0 10/positionOffset SlimeyBoiJr3 0 10/positionOffset SlimeyBoiJr3 0 10/positionOffset SlimeyBoiJr3 0 10/positionOffset SlimeyBoiJr3 0 10/positionOffset SlimeyBoiJr3 0 10/positionOffset SlimeyBoiJr3 0 10/positionOffset SlimeyBoiJr3 0 10/positionOffset SlimeyBoiJr3 0 10/positionOffset SlimeyBoiJr3 0 10/positionOffset SlimeyBoiJr3 0 10/positionOffset SlimeyBoiJr3 0 10/positionOffset SlimeyBoiJr3 0 10/positionOffset SlimeyBoiJr3 0 10/positionOffset SlimeyBoiJr3 0 10/positionOffset SlimeyBoiJr3 0 10/positionOffset SlimeyBoiJr3 0 10/positionOffset SlimeyBoiJr3 0 10/positionOffset SlimeyBoiJr3 0 10/positionOffset SlimeyBoiJr3 0 10/positionOffset SlimeyBoiJr3 0 10/positionOffset SlimeyBoiJr3 0 10/positionOffset SlimeyBoiJr3 0 10/positionOffset SlimeyBoiJr3 0 10/positionOffset SlimeyBoiJr3 0 10/positionOffset SlimeyBoiJr3 0 10/playSound slimedead/warp SlimeyBoiJr3 11 6/animate SlimeyBoiJr3 false false 100 18 17 16/pause 300/stopAnimation SlimeyBoiJr3/animate SlimeyBoiJr3 false true 100 4 5 6 7/warp SlimeyBoiJr4 12 -2/showFrame SlimeyBoiJr4 5/positionOffset SlimeyBoiJr4 0 10/positionOffset SlimeyBoiJr4 0 10/positionOffset SlimeyBoiJr4 0 10/positionOffset SlimeyBoiJr4 0 10/positionOffset SlimeyBoiJr4 0 10/positionOffset SlimeyBoiJr4 0 10/positionOffset SlimeyBoiJr4 0 10/positionOffset SlimeyBoiJr4 0 10/positionOffset SlimeyBoiJr4 0 10/positionOffset SlimeyBoiJr4 0 10/positionOffset SlimeyBoiJr4 0 10/positionOffset SlimeyBoiJr4 0 10/positionOffset SlimeyBoiJr4 0 10/positionOffset SlimeyBoiJr4 0 10/positionOffset SlimeyBoiJr4 0 10/positionOffset SlimeyBoiJr4 0 10/positionOffset SlimeyBoiJr4 0 10/positionOffset SlimeyBoiJr4 0 10/positionOffset SlimeyBoiJr4 0 10/positionOffset SlimeyBoiJr4 0 10/positionOffset SlimeyBoiJr4 0 10/positionOffset SlimeyBoiJr4 0 10/positionOffset SlimeyBoiJr4 0 10/positionOffset SlimeyBoiJr4 0 10/positionOffset SlimeyBoiJr4 0 10/positionOffset SlimeyBoiJr4 0 10/positionOffset SlimeyBoiJr4 0 10/positionOffset SlimeyBoiJr4 0 10/positionOffset SlimeyBoiJr4 0 10/positionOffset SlimeyBoiJr4 0 10/positionOffset SlimeyBoiJr4 0 10/positionOffset SlimeyBoiJr4 0 10/positionOffset SlimeyBoiJr4 0 10/positionOffset SlimeyBoiJr4 0 10/positionOffset SlimeyBoiJr4 0 10/positionOffset SlimeyBoiJr4 0 10/positionOffset SlimeyBoiJr4 0 10/positionOffset SlimeyBoiJr4 0 10/positionOffset SlimeyBoiJr4 0 10/positionOffset SlimeyBoiJr4 0 10/positionOffset SlimeyBoiJr4 0 10/positionOffset SlimeyBoiJr4 0 10/positionOffset SlimeyBoiJr4 0 10/positionOffset SlimeyBoiJr4 0 10/positionOffset SlimeyBoiJr4 0 10/positionOffset SlimeyBoiJr4 0 10/positionOffset SlimeyBoiJr4 0 10/positionOffset SlimeyBoiJr4 0 10/playSound slimedead/warp SlimeyBoiJr4 12 5/animate SlimeyBoiJr4 false false 100 18 17 16/pause 300/stopAnimation SlimeyBoiJr4/animate SlimeyBoiJr4 false true 100 4 5 6 7/warp SlimeyBoiJr5 7 -1/showFrame SlimeyBoiJr5 5/positionOffset SlimeyBoiJr5 0 10/positionOffset SlimeyBoiJr5 0 10/positionOffset SlimeyBoiJr5 0 10/positionOffset SlimeyBoiJr5 0 10/positionOffset SlimeyBoiJr5 0 10/positionOffset SlimeyBoiJr5 0 10/positionOffset SlimeyBoiJr5 0 10/positionOffset SlimeyBoiJr5 0 10/positionOffset SlimeyBoiJr5 0 10/positionOffset SlimeyBoiJr5 0 10/positionOffset SlimeyBoiJr5 0 10/positionOffset SlimeyBoiJr5 0 10/positionOffset SlimeyBoiJr5 0 10/positionOffset SlimeyBoiJr5 0 10/positionOffset SlimeyBoiJr5 0 10/positionOffset SlimeyBoiJr5 0 10/positionOffset SlimeyBoiJr5 0 10/positionOffset SlimeyBoiJr5 0 10/positionOffset SlimeyBoiJr5 0 10/positionOffset SlimeyBoiJr5 0 10/positionOffset SlimeyBoiJr5 0 10/positionOffset SlimeyBoiJr5 0 10/positionOffset SlimeyBoiJr5 0 10/positionOffset SlimeyBoiJr5 0 10/positionOffset SlimeyBoiJr5 0 10/positionOffset SlimeyBoiJr5 0 10/positionOffset SlimeyBoiJr5 0 10/positionOffset SlimeyBoiJr5 0 10/positionOffset SlimeyBoiJr5 0 10/positionOffset SlimeyBoiJr5 0 10/positionOffset SlimeyBoiJr5 0 10/positionOffset SlimeyBoiJr5 0 10/positionOffset SlimeyBoiJr5 0 10/positionOffset SlimeyBoiJr5 0 10/positionOffset SlimeyBoiJr5 0 10/positionOffset SlimeyBoiJr5 0 10/positionOffset SlimeyBoiJr5 0 10/positionOffset SlimeyBoiJr5 0 10/positionOffset SlimeyBoiJr5 0 10/positionOffset SlimeyBoiJr5 0 10/positionOffset SlimeyBoiJr5 0 10/positionOffset SlimeyBoiJr5 0 10/positionOffset SlimeyBoiJr5 0 10/positionOffset SlimeyBoiJr5 0 10/positionOffset SlimeyBoiJr5 0 10/positionOffset SlimeyBoiJr5 0 10/positionOffset SlimeyBoiJr5 0 10/positionOffset SlimeyBoiJr5 0 10/playSound slimedead/warp SlimeyBoiJr5 7 6/animate SlimeyBoiJr5 false false 100 18 17 16/pause 300/stopAnimation SlimeyBoiJr5/animate SlimeyBoiJr5 false true 100 4 5 6 7/pause 1000/playSound stairsdown/pause 400/warp Val 12 9/faceDirection Val 0 true/emote Val 16/pause 200/stopAnimation SlimeyBoiJr4/showFrame SlimeyBoiJr4 0 true/emote SlimeyBoiJr4 16/textAboveHead Val \"{{i18n:Events.S&S.Ch1.0H2.Val.1}}\"/pause 700/fade/viewport -100 -100/playSound objectiveComplete/pause 200/playSound swordswipe/pause 150/playSound swordswipe/pause 150/playSound swordswipe/pause 150/playSound swordswipe/pause 150/playSound swordswipe/pause 150/playSound swordswipe/pause 200/playSound objectiveComplete/pause 500/faceDirection Val 0/warp Val 10 6/stopJittering/warp SlimeyBoiJr -999 -999/warp SlimeyBoiJr2 -999 -999/warp SlimeyBoiJr3 -999 -999/warp SlimeyBoiJr4 -999 -999/warp SlimeyBoiJr5 -999 -999/showFrame farmer 0/pause 500/globalFadeToClear/viewport 10 10/playMusic SnS.Valeme/speak Val \"{{i18n:Events.S&S.Ch1.0H2.Val.2}}\"/pause 200/emote farmer 32/pause 300/emote Val 56/pause 200/speak Val \"{{TrollHeritageDialogue1}}\"/emote Val 40/pause 200/speak Val \"{{i18n:Events.S&S.Ch1.0H2.Val.4}}\"/showFrame farmer 57/addObject 10 2 349 3/playSound discoverMineral/pause 1500/removeTemporarySprites/faceDirection farmer 2/speak Val \"{{i18n:Events.S&S.Ch1.0H2.Val.5}}\"/pause 100/emote farmer 56/pause 100/move farmer -1 0 3/faceDirection farmer 2/move Val 0 -2 0/pause 50/faceDirection Val 3/speak Val \"{{i18n:Events.S&S.Ch1.0H2.Val.6}}\"/pause 200/faceDirection farmer 1/emote farmer 8/speak Val \"{{i18n:Events.S&S.Ch1.0H2.Val.7}}\"/pause 200/emote farmer 40/pause 200/speak Val \"{{i18n:Events.S&S.Ch1.0H2.Val.8}}\"/emote farmer 12/pause 100/emote Val 32/pause 400/fade/viewport -100 -100/pause 500/end position 23 8"
      }
    },

    {
      "LogName": "Val 0 Heart Event pt 2 (Remastered)",
      "Action": "EditData",
      "Target": "Data/Events/ArchaeologyHouse",
      "Entries": {

        "SnS.Ch1.Val.1/e SnS.Ch1.Val.0/t 800 1800/F": "libraryTheme/-100 -100/farmer -999 -999 0/addTemporaryActor ValMarlon 16 32 5 10 0 true Character/addTemporaryActor Valnther 16 32 5 8 2 true Character/changeName MaValrlon {{i18n:Strings.Names.Marlon}}/changeName Valnther {{i18n:Strings.Names.Gunther}}/addConversationTopic Valution {{VariableTimegate}}/globalFadeToClear/skippable/viewport 5 10/speak ValGunther \"{{i18n:Events.S&S.Ch1.0H1.Gunther.1}}\"/pause 200/emote ValMarlon 12/pause 200/speak ValMarlon \"{{i18n:Events.S&S.Ch1.0H1.Marlon.2}}\"/playSound doorCreak/emote Valnther 16 true/emote Valrlon 16 true/playSound doorOpen/faceDirection Valrlon 2/warp farmer 3 14 /faceDirection farmer 0/pause 200/emote farmer 8/move farmer 0 -2 0/move farmer 2 0 0/textAboveHead Valrlon \"{{i18n:Events.S&S.Ch1.0H1.Marlon.3}}\"/pause 1000/speak MaValnther \"{{i18n:Events.S&S.Ch1.0H1.Gunther.4}}\"/pause 200/emote ValMarlon 40/pause 200/speak ValMarlon \"{{i18n:Events.S&S.Ch1.0H1.Marlon.5}}\"/pause 200/emote farmer 32/pause 200/fade/viewport -100 -100/speak ValGunther \"{{i18n:Events.S&S.Ch1.0H1.Gunther.6}}\"/end position 3 14"

      }
    },

    {
      "LogName": "Val 2 Heart Event Remastered",
      "Action": "EditData",
      "Target": "Data/Events/Town",
      "Entries": {

        "SnS.Ch1.Val.2/e SnS.Ch1.Val.1/f Val 500/t 1700 2500/w sunny/F": "spaceMusic/-100 -100/farmer 90 94 1 Val 102 92 0/globalFadeToClear/skippable/speed farmer 3/speed Val 3/addConversationTopic ValLibrary {{VariableTimegate}}/addTemporaryActor Valnther 16 32 -999 -999 0 true Character/changeName ValGunther {{i18n:Strings.Names.Gunther}}/viewport 97 92/move farmer 11 0 2/move farmer 0 -2 0/faceDirection farmer 1 true/faceDirection Val 3 false/speak Val \"{{i18n:Events.S&S.Ch1.2H.Val.1}}\"/emote farmer 32/pause 1000/faceDirection Val 0/speak Val \"{{i18n:Events.S&S.Ch1.2H.Val.2}}\"/pause 200/shake Val 500/emote Val 28/pause 200/speak Val \"{{i18n:Events.S&S.Ch1.2H.Val.3}}\"/faceDirection Val 3/pause 500/quickQuestion {{i18n:Events.S&S.Ch1.2H.Val.Question.1}}#{{i18n:Events.S&S.Ch1.2H.Val.Q1.Answer.1}} #{{i18n:Events.S&S.Ch1.2H.Val.Q1.Answer.2}}#{{i18n:Events.S&S.Ch1.2H.Val.Q1.Answer.3}}(break)friendship Val 25\\speak Val \"{{i18n:Events.S&S.Ch1.2H.Val.Q1.Response.1}}\"(break)speak Val \"{{i18n:Events.S&S.Ch1.2H.Val.Q1.Response.2}}\"(break)friendship Val 25\\speak Val \"{{i18n:Events.S&S.Ch1.2H.Val.Q1.Response.3}}\"/pause 200/emote Val 40/speak Val \"{{i18n:Events.S&S.Ch1.2H.Val.5}}\"/emote farmer 56/advancedMove Val false 0 3 -23 0 3 10/pause 500/advancedMove farmer false 0 2 -22 0 3 10/pause 3000/textAboveHead Val \"{{i18n:Events.S&S.Ch1.2H.Val.6}}\"/pause 1000/playSound doorClose/faceDirection ValGunther 2/warp ValGunther 101 90/emote ValGunther 40/pause 250/speak Valnther \"{{i18n:Events.S&S.Ch1.2H.Gunther.7}}\"/fade/viewport -100 -100/speak Val \"{{i18n:Events.S&S.Ch1.2H.Val.8}}\"/end position 0 54"
      }

    },

    {
      "LogName": "Val 4 Heart Event Remastered",
      "Action": "EditData",
      "Target": "Data/Events/Beach",
      "Entries": {
    
        "SnS.Ch1.Val.3/e SnS.Ch1.Val.2/f Val 1000/t 1800 2400/w sunny/A Valbrary/F": "ocean/-100 -100/farmer 25 12 2 Val 19 25 2/ignoreCollisions farmer/globalFadeToClear/skippable/addConversationTopic MaValmission {{VariableTimegate}}/positionOffset Val 0 -14/animate Val false true 500 17 18 19 18 17 18 19 18/viewport 19 24/speed farmer 3/advancedMove farmer false 0 11 -5 0 0 1 2 10/pause 1000/stopAnimation Val/showFrame Val 20/textAboveHead Val \"{{i18n:Events.S&S.Ch1.4H.Val.1}}\"/pause 1000/textAboveHead Val \"{{i18n:Events.S&S.Ch1.4H.Val.2}}\"/pause 4000/jump farmer/move farmer 0 1 2/animate farmer false true 70 70/emote farmer 32/pause 200/animate Val false true 500 21 22 23 22 21 22 23 22/speak Val \"{{i18n:Events.S&S.Ch1.4H.Val.3}}\"/pause 100/emote farmer 8/pause 200/stopAnimation Val/showFrame Val 16/emote Val 28/showFrame Val 20/pause 200/speak Val \"{{i18n:Events.S&S.Ch1.4H.Val.4}}\"/pause 100/emote farmer 16/pause 200/animate Val false true 500 21 22 23 22 21 22 23 22/stopMusic/playMusic night_market/pause 1000/speak Val \"{{i18n:Events.S&S.Ch1.4H.Val.5}}\"/pause 100/emote Val 40/pause 200/speak Val \"{{i18n:Events.S&S.Ch1.4H.Val.6}}\"/pause 200/stopAnimation Val/showFrame Val 20/speak Val \"{{i18n:Events.S&S.Ch1.4H.Val.7}}\"/pause 100/emote farmer 16/pause 200/speak Val \"{{i18n:Events.S&S.Ch1.4H.Val.8}}\"/pause 100/shake Val 500/animate Val false true 500 17 18 19 18 17 18 19 18/pause 100/emote Val 12/quickQuestion #{{i18n:Events.S&S.Ch1.4H.Val.Q1.Answer.1}} #{{i18n:Events.S&S.Ch1.4H.Val.Q1.Answer.2}}(break)friendship Val 15\\speak Val \"{{i18n:Events.S&S.Ch1.4H.Val.Q1.Response.1}}\"(break)friendship Val 15\\speak Val \"{{i18n:Events.S&S.Ch1.4H.Val.Q1.Response.2}}\"(break)friendship Val 25\\speak Val \"{{i18n:Events.S&S.Ch1.4H.Val.Q1.Response.3}}\"/pause 300/speak Val \"{{i18n:Events.S&S.Ch1.4H.Val.10}}\"/pause 300/stopAnimation Val/showFrame Val 20/quickQuestion #{{i18n:Events.S&S.Ch1.4H.Val.Q2.Answer.1}}#{{i18n:Events.S&S.Ch1.4H.Val.Q2.Answer.2}}(break)friendship Val 15\\speak Val \"{{i18n:Events.S&S.Ch1.4H.Val.Q2.Response.1}}\"(break)friendship Val 15\\speak Val \"{{i18n:Events.S&S.Ch1.4H.Val.Q2.Response.2}}\"(break)friendship Val 25\\speak Val \"{{i18n:Events.S&S.Ch1.4H.Val.Q2.Response.3}}\"/animate Val false true 500 21 22 23 22 21 22 23 22/pause 200/speak Val \"{{i18n:Events.S&S.Ch1.4H.Val.12}}\"/quickQuestion #{{i18n:Events.S&S.Ch1.4H.Val.Q3.Answer.1}} #{{i18n:Events.S&S.Ch1.4H.Val.Q3.Answer.2}} (break)friendship Val 15\\speak Val \"{{i18n:Events.S&S.Ch1.4H.Val.Q3.Response.1}}\"(break)friendship Val 15\\speak Val \"{{i18n:Events.S&S.Ch1.4H.Val.Q3.Response.2}}\"/pause 300/emote farmer 32/pause 500/fade/viewport -100 -100/message \"{{i18n:Events.S&S.Ch1.4H.Message.1}}\"/playSound discoverMineral/end"

      }

    },


    {
      "LogName": "Val 5 Heart Event pt 1 Remastered",
      "Action": "EditData",
      "Target": "Data/Events/Mine",
      "Entries": {

        "SnS.Ch1.Val.4/e SnS.Ch1.Val.3/f Val 1250/t 1800 2400/A Valssion/F": "Cavern/-100 -100/farmer -999 -999 0 Val -999 -999 0/globalFadeToClear/skippable/speed farmer 3/addConversationTopic MateValrontation {{VariableTimegate}}/viewport 18 7/pause 300/warp farmer 18 13/faceDirection farmer 0/playSound thudStep/advancedMove farmer false 0 -5 -1 0 0 -4 4 10/pause 3500/playSound stairsdown/pause 300/warp Val 23 8/faceDirection Val 0/pause 500/faceDirection Val 3 true/faceDirection farmer 1 true/emote Val 16 true/emote farmer 16 true/speak Val \"{{i18n:Events.S&S.Ch1.5H1.Val.1}}\"/advancedMove farmer false 0 4 1 0 1 10/move Val -3 0 3/speak Val \"{{i18n:Events.S&S.Ch1.5H1.Val.2}}\"/faceDirection farmer 2/showFrame farmer 57/addObject 18 6 243 3/playSound pickUpItem/pause 1500/removeTemporarySprites/faceDirection farmer 1/emote farmer 32/pause 500/playSound crystal/emote Val 16 true/emote farmer 8/fade/viewport -100 -100/addTemporaryActor ValMarlon 16 32 18 5 2 true Character/addTemporaryActor Valnther 16 32 16 5 2 true Character/playSound thudStep/warp farmer 16 7/faceDirection farmer 0/warp Val 18 7/faceDirection Val 0/fade/changeName Valrlon {{i18n:Strings.Names.Marlon}}/changeName MaValnther {{i18n:Strings.Names.Gunther}}/faceDirection farmer 0/viewport 18 7/pause 500/shake Val 1000/pause 200/emote farmer 16 true/emote Val 12/pause 250/speak Valon \"{{i18n:Events.S&S.Ch1.5H1.Marlon.3}}\"/emote Valalher 40 true/emote Val 28 true/pause 250/speak Valrlon \"{{i18n:Events.S&S.Ch1.5H1.Marlon.4}}\"/speak Val \"{{i18n:Events.S&S.Ch1.5H1.Val.5}}\"/speak Valnther \"{{i18n:Events.S&S.Ch1.5H1.Gunther.6}}\"/speak Val \"{{i18n:Events.S&S.Ch1.5H1.Marlon.7}}\"/speak Val \"{{i18n:Events.S&S.Ch1.5H1.Val.8}}\"/pause 100/emote farmer 12 true/emote Valon 12 true/emote Valalher 12 true/emote Val 28/speak Valnther \"{{i18n:Events.S&S.Ch1.5H1.Gunther.9}}\"/speak Val \"{{i18n:Events.S&S.Ch1.5H1.Val.10}}\"/speak Valnther \"{{i18n:Events.S&S.Ch1.5H1.Gunther.11}}\"/speak Val \"{{i18n:Events.S&S.Ch1.5H1.Val.12}}\"/speak MaValrlon \"{{i18n:Events.S&S.Ch1.5H1.Marlon.13}}\"/speak Val \"{{i18n:Events.S&S.Ch1.5H1.Val.14}}\"/speak Val\"{{i18n:Events.S&S.Ch1.5H1.Gunther.15}}\"/speak Val \"{{i18n:Events.S&S.Ch1.5H1.Val.16}}\"/speak Val{i18n:Events.S&S.Ch1.5H1.Marlon.17}}\"/playmusic echos/pause 100/shake Val 1000 true/emote Val 12/pause 200/speak Val \"{{i18n:Events.S&S.Ch1.5H1.Val.18}}\"/faceDirection Valr 1/emote MaValher 40/faceDirection Valnther 2/speak Val \"{{i18n:Events.S&S.Ch1.5H1.Val.19}}\"/emote Valrlon 56/speak Valrlon \"{{i18n:Events.S&S.Ch1.5H1.Marlon.20}}\"/speak MaValnther \"{{i18n:Events.S&S.Ch1.5H1.Gunther.21}}\"/pause 100/shake Val 1000 true/emote Val 28/pause 300/faceDirection farmer 1 true/faceDirection Val 3 true/pause 250/quickQuestion #{{i18n:Events.S&S.Ch1.5H1.Val.Q1.Answer.1}} #{{i18n:Events.S&S.Ch1.5H1.Val.Q1.Answer.2}}(break)friendship Val 25\\speak Val \"{{i18n:Events.S&S.Ch1.5H1.Val.Q1.Response.1}}\"(break)friendship Val 25\\speak Val \"{{i18n:Events.S&S.Ch1.5H1.Val.Q1.Response.2}}\"/faceDirection Val 0 true/faceDirection farmer 0/pause 100/speak Val8n:Events.S&S.Ch1.5H1.Gunther.23}}\"/speak Valn:Events.S&S.Ch1.5H1.Marlon.24}}\"/speak Val \"{{i18n:Events.S&S.Ch1.5H1.Val.25}}\"/advancedMove Valalalse 1 0 0 5 -1 0 0 4 2 10/advancedMove MaValher false 3 0 0 5 -1 0 0 4 2 10/pause 250/faceDirection Val 1/pause 250/emote Val 32 true/faceDirection Val 2/pause 4000/warp Valrlon -999 -999/playSound thudStep/pause 1000/warp Val999/playSound thudStep/faceDirection Val 3 true/faceDirection farmer 1/pause 250/speak Val \"{{i18n:Events.S&S.Ch1.5H1.Val.26}}\"/faceDirection Val 2/advancedMove Val false 0 5 2 10/pause 100/fade/viewport -100 -100/speak Val \"{{i18n:Events.S&S.Ch1.5H1.Val.27}}\"/end position 18 13"
      }

    },

    {
      "LogName": "Val 5 Heart Event pt 2 (2.0)",
      "Action": "EditData",
      "Target": "Data/Events/Saloon",
      "Entries": {

        "SnS.Ch1.Val.5/e SnS.Ch1.Val.4/f Val 1250/t 1200 2400/F": "Saloon1/-100 -100/farmer 14 23 0 Val 9 4 3 Gus 13 18 2 Emily 17 17 0 Willy 17 22 2 Clint 19 23 3 Pierre 11 20 0 Shane 21 17 2 Pam 7 18 1 Leah 2 20 1 Elliott 4 19 2 Harvey 18 20 0 Marnie 8 22 3 Lewis 9 22 1/addTemporaryActor Val 5 5 1 true Character/addTemporaryActor Valal2 5 4 1 true Character/changeName Valon {{i18n:Strings.Names.Marlon}}/changeName Valher {{i18n:Strings.Names.Gunther}}/animate Shane false true 200 20 20 20 20 20 20 20 20 20 20 21 22 23 24 24 24 24 23 22 21 20 20 20 20/animate Elliott false true 200 16 16 16 16 16 16 16 16 16 16 16 16 16 16 16 16 16 16 17 18 18 18 19 19 18 18 19 19 18 17 16 16 16 16 16 16 16 16 16 16 16 16/animate Gus false true 200 18 18 19 19 20 20 19 19/animate Lewis false true 200 19 19 19 19 19 19 19 19 19 19 19 19 19 19 19 19 19 19 19 19 19 19 19 19 19 19 22 23 23 23 23 23 22 22 22 23 23 23 23 23 23 23 23 23 23 23/animate Marnie false true 200 20 20 20 20 20 20 20 20 20 20 20 20 20 20 20 20 20 20 20 20 20 20 20 20 20 20 20 20 20 20 21 22 23 23 23 23 23 23 23 23 22 21/removeTile 9 5 Buildings/removeTile 5 5 Buildings/removeTile 9 4 Buildings/removeTile 5 4 Buildings/removeTile 9 21 Buildings/addTemporaryActor FakeDandelion 16 32 22 19 1 true Character/addTemporaryActor FakeRoslin 16 32 23 19 3 true Character/globalFadeToClear/skippable/speed farmer 3/addConversationTopic MaVal{{VariableTimegate}}/viewport 9 4 clamp true/pause 250/textAboveHead Gus \"{{i18n:Events.S&S.Ch1.5H2.Gus.1}}\"/move farmer 0 -2 0/pause 500/textAboveHead Gus \"{{i18n:Events.S&S.Ch1.5H2.Gus.2}}\"/pause 250/emote farmer 32/pause 250/speed farmer 4/advancedMove farmer false -9 0 0 -3 -1 0 0 -7 7 0 0 -5 -1 0 3 10/pause 3500/doAction 4 16/pause 3500/doAction 11 9/pause 250/emote Val 16 true/faceDirection Val 2/pause 900/speak Val \"{{i18n:Events.S&S.Ch1.5H2.Val.1}}\"/advancedMove farmer false -1 0 0 -1 3 10/faceDirection Val 3/pause 250/speak Valr \"{{i18n:Events.S&S.Ch1.5H2.Gunther.1}}\"/pause 250/speak Val \"{{i18n:Events.S&S.Ch1.5H2.Val.2}}\"/pause 250/speak Val"{{i18n:Events.S&S.Ch1.5H2.Marlon.1}}\"/pause 250/textAboveHead FakeDandelion \"{{i18n:Events.S&S.Ch1.5H2.Dandelion.1}}\"/speak Val \"{{i18n:Events.S&S.Ch1.5H2.Val.3}}\"/pause 500/emote Val 40 true/emote farmer 40 true/emote Valr 40 true/emote Val 40 true/textAboveHead FakeRoslin \"{{i18n:Events.S&S.Ch1.5H2.Roslin.1}}\"/pause 1500/textAboveHead Val \"{{i18n:Events.S&S.Ch1.5H2.Val.4}}\"/pause 1000/textAboveHead Val \"{{i18n:Events.S&S.Ch1.5H2.Marlon.2}}\"/pause 2500/textAboveHead Valnther \"{{i18n:Events.S&S.Ch1.5H2.Gunther.2}}\"/pause 500/stopMusic/speak MaValrlon \"{{i18n:Events.S&S.Ch1.5H2.Marlon.3}}\"/pause 250/playMusic sadpiano/speak Val \"{{i18n:Events.S&S.Ch1.5H2.Val.5}}\"/pause 250/speak Vals.S&S.Ch1.5H2.Gunther.3}}\"/pause 250/speak Val \"{{i18n:Events.S&S.Ch1.5H2.Val.6}}\"/pause 250/speak Val.5H2.Marlon.4}}\"/pause 500/textAboveHead Val \"{{i18n:Events.S&S.Ch1.5H2.Val.7}}\"/pause 2000/textAboveHead Valaln:Events.S&S.Ch1.5H2.Marlon.5}}\"/pause 2000/speak Val \"{{i18n:Events.S&S.Ch1.5H2.Val.8}}\"/pause 250/textAboveHead Valr \"{{i18n:Events.S&S.Ch1.5H2.Gunther.4}}\"/pause 1000//emote Val 8/pause 500/speak Valalher \"{{i18n:Events.S&S.Ch1.5H2.Gunther.5}}\"/pause 250/speak Val \"{{i18n:Events.S&S.Ch1.5H2.Val.9}}\"/pause 250/showFrame Valrlon 16/textAboveHead Val.Ch1.5H2.Marlon.6}}\"/pause 2000/showFrame ValalalaleoMarlon 1/speak Val \"{{i18n:Events.S&S.Ch1.5H2.Val.10}}\"/faceDirection ValMarlon 0 true/faceDirection ValGunther 2 true/emote ValGunther 40 true/emote ValMarlon 40 true/pause 1000/faceDirection ValMarlon 1 true/faceDirection ValGunther 1 true/pause 250/speak ValMarlon \"{{i18n:Events.S&S.Ch1.5H2.Marlon.7}}\"/pause 250/speak ValGunther \"{{i18n:Events.S&S.Ch1.5H2.Gunther.6}}\"/pause 250/faceDirection Val 2 true/faceDirection farmer 0/pause 250/stopMusic/quickQuestion {{i18n:Events.S&S.Ch1.5H2.Q1.Answers}}(break)friendship Val 25\\speak Val \"{{i18n:Events.S&S.Ch1.5H2.Q1.Response.1}}\"(break)friendship Val 25\\speak Val \"{{i18n:Events.S&S.Ch1.5H2.Q1.Response.2}}\"/faceDirection Val 3 true/faceDirection farmer 3/playMusic SnS.ValTheme/pause 250/advancedMove FakeDandelion false 0 2 -8 0 0 3 2 10/pause 250/advancedMove FakeRoslin false 0 2 -9 0 0 3 2 10/speak ValMarlon \"{{i18n:Events.S&S.Ch1.5H2.Marlon.8}}\"/speak ValGunther \"{{i18n:Events.S&S.Ch1.5H2.Gunther.7}}\"/waitForAllStationary/warp FakeRoslin -100 -100/warp FakeDandelion -100 -100/pause 250/speak Val \"{{i18n:Events.S&S.Ch1.5H2.Val.11}}\"/pause 250/speak ValGunther \"{{i18n:Events.S&S.Ch1.5H2.Gunther.8}}\"/pause 250/speak ValMarlon \"{{i18n:Events.S&S.Ch1.5H2.Marlon.9}}\"/pause 250/speak ValGunther \"{{i18n:Events.S&S.Ch1.5H2.Gunther.9}}\"/fade/viewport -1000 -1000/speak Val \"{{i18n:Events.S&S.Ch1.5H2.Val.12}}\"/end"
      }

    },

    {
      "LogName": "Val 5 Heart Event pt 3 (8h pt 1 Remastered)",
      "Action": "EditData",
      "Target": "Data/Events/AdventureGuild",
      "Entries": {

        "SnS.Ch1.Val.6/e SnS.Ch1.Val.5/f Val 1250/t 1400 2200/A ValConfrontation/F": "MarlonsTheme/-100 -100/farmer 6 19 0 Val 9 13 3/skippable/addConversationTopic ValAcceptance {{VariableTimegate}}/viewport 9 13/addTemporaryActor ValMarlon 16 32 8 12 2 true Character/addTemporaryActor ValGunther 16 32 7 13 1 true Character/changeName ValMarlon {{i18n:Strings.Names.Marlon}}/changeName ValGunther {{i18n:Strings.Names.Gunther}}/globalFadeToClear/emote farmer 16/advancedMove farmer false 0 -5 2 0 4 10/pause 500/emote ValMarlon 56 true/faceDirection Val 2 true/faceDirection ValGunther 2 false/speak ValMarlon \"{{i18n:Events.S&S.Ch1.5H3.Marlon.1}}\"/speak Val \"{{i18n:Events.S&S.Ch1.5H3.Val.1}}\"/speak ValMarlon \"{{i18n:Events.S&S.Ch1.5H3.Marlon.2}}\"/pause 250/speak ValGunther \"{{i18n:Events.S&S.Ch1.5H3.Gunther.1}}\"/pause 250/speak ValMarlon \"{{i18n:Events.S&S.Ch1.5H3.Marlon.3}}\"/pause 100/emote farmer 32/pause 100/pause 100/faceDirection ValGunther 2/pause 200/speak ValGunther \"{{i18n:Events.S&S.Ch1.5H3.Gunther.2}}\"/pause 100/faceDirection Val 3 true/faceDirection ValGunther 1 true/pause 100/stopMusic/speak ValMarlon \"{{i18n:Events.S&S.Ch1.5H3.Marlon.4}}\"/pause 250/shake Val 250/jump Val 5/textAboveHead Val \"{{i18n:Events.S&S.Ch1.5H3.Val.2}}\"/pause 1000/speak ValMarlon \"{{i18n:Events.S&S.Ch1.5H3.Marlon.5}}\"/playMusic SnS.ValTheme/pause 100/faceDirection Val 3/pause 200/speak ValMarlon \"{{i18n:Events.S&S.Ch1.5H3.Marlon.6}}\"/speak ValGunther \"{{i18n:Events.S&S.Ch1.5H3.Gunther.3}}\"/pause 200/emote Val 60/pause 200/faceDirection Val 2 true/faceDirection ValGunther 2 true/pause 200/speak Val \"{{i18n:Events.S&S.Ch1.5H3.Val.3}}\"/speak ValMarlon \"{{i18n:Events.S&S.Ch1.5H3.Marlon.7}}\"/speak ValGunther \"{{i18n:Events.S&S.Ch1.5H3.Gunther.4}}\"/pause 200/emote farmer 32/pause 100/faceDirection Val 3 true/faceDirection ValGunther 1 true/speak Val \"{{i18n:Events.S&S.Ch1.5H3.Val.4}}\"/speak ValGunther \"{{i18n:Events.S&S.Ch1.5H3.Gunther.5}}\"/speak Val \"{{i18n:Events.S&S.Ch1.5H3.Val.5}}\"/speak ValMarlon \"{{i18n:Events.S&S.Ch1.5H3.Marlon.8}}\"/speak Val \"{{i18n:Events.S&S.Ch1.5H3.Val.6}}\"/pause 200/faceDirection Val 2/pause 100/speak Val \"{{i18n:Events.S&S.Ch1.5H3.Val.7}}\"/pause 200/emote farmer 56/pause 100/speak ValGunther \"{{i18n:Events.S&S.Ch1.5H3.Gunther.6}}\"/speak ValMarlon \"{{i18n:Events.S&S.Ch1.5H3.Marlon.9}}\"/emote Val 56/pause 250/fade/viewport -100 -100/message \"{{i18n:Events.S&S.Ch1.5H3.Message.1}}\"/pause 500/fade/end"
      }

    },

     {
      "LogName": "Val 6 Heart Event (7h Event Remastered)",
      "Action": "EditData",
      "Target": "Data/Events/Town",
      "Entries": {

        "SnS.Ch1.Val.7/e SnS.Ch1.Val.6/f Val 1500/t 1000 1800/w sunny/F": "playful/-100 -100/farmer 55 98 0 Val 54 99 0 Lewis 59 86 0/skippable/viewport 59 87/globalFadeToClear/advancedMove farmer false 0 -11 1 10/advancedMove Val false 0 -11 1 10/textAboveHead Val \"{{i18n:Events.S&S.Ch1.6H1.Val.1}}\"/pause 2000/textAboveHead Val \"{{i18n:Events.S&S.Ch1.6H1.Val.2}}\"/pause 2500/emote farmer 16 true/emote Val 16 false/faceDirection Val 1 true/faceDirection farmer 1 true/pause 300/shake Lewis 500/emote Lewis 12/pause 200/speak Lewis \"{{i18n:Events.S&S.Ch1.6H1.Lewis.1}}\"/pause 200/emote Val 32/speak Val \"{{i18n:Events.S&S.Ch1.6H1.Val.3}}\"/advancedMove Val false 4 0 0 -2 4 10/pause 2500/emote Val 40/pause 200/textAboveHead Lewis \"{{i18n:Events.S&S.Ch1.6H1.Lewis.2}}\"/pause 2400/textAboveHead Val \"{{i18n:Events.S&S.Ch1.6H1.Val.4}}\"/pause 400/shake Val 250/pause 2000/textAboveHead Val \"{{i18n:Events.S&S.Ch1.6H1.Val.5}}\"/pause 2500/shake Val 250/emote Val 40/pause 200/emote Val 16/pause 200/playSound openBox/speak Val \"{{i18n:Events.S&S.Ch1.6H1.Val.6}}\"/faceDirection Val 1 true/faceDirection Lewis 3 false/speak Lewis \"{{i18n:Events.S&S.Ch1.6H1.Lewis.3}}\"/shake Val 300/pause 200/emote Val 28/pause 100/speak Val \"{{i18n:Events.S&S.Ch1.6H1.Val.7}}\"/speak Lewis \"{{i18n:Events.S&S.Ch1.6H1.Lewis.4}}\"/speak Val \"{{i18n:Events.S&S.Ch1.6H1.Val.8}}\"/speak Lewis \"{{i18n:Events.S&S.Ch1.6H1.Lewis.5}}\"/speak Val \"{{i18n:Events.S&S.Ch1.6H1.Val.9}}\"/faceDirection farmer 2/animate farmer false true 200 102 103/pause 2000/fade/viewport -100 -100/end"
      }

    },

    {
      "LogName": "Val 6 Heart Event pt 2 (7h pt 2 Remastered)",
      "Action": "EditData",
      "Target": "Data/Events/Forest",
      "Entries": {
    
        "SnS.Ch1.Val.8/e SnS.Ch1.Val.7/f Val 1500/t 1800 2400/gameStateQuery WEATHER here Rain Snow Storm/F": "SunRoom/-100 -100/farmer 33 17 2 Val 34 25 2/addLantern 735 35 25 1/skippable/viewport 34 25/globalFadeToClear/animate Val false true 350 29 30 31 32 33 32 31 30 29 29 29 29 29 29 29 29/pause 100/emote farmer 16/pause 100/move farmer 0 8 2 true/pause 2000/speak Val \"{{i18n:Events.S&S.Ch1.6H2.Val.1}}\"/pause 200/stopAnimation Val/showFrame Val 29/speak Val \"{{i18n:Events.S&S.Ch1.6H2.Val.2}}\"/pause 1000/speak Val \"{{i18n:Events.S&S.Ch1.6H2.Val.3}}\"/animate Val false false 400 29 30 31 32 33 32 30 30 29/pause 1500/showFrame Val 29/speak Val \"{{i18n:Events.S&S.Ch1.6H2.Val.4}}\"/animate Val false false 350 29 30 31 32 33 32 30 30 29/showFrame Val 29/speak Val \"{{i18n:Events.S&S.Ch1.6H2.Val.5}}\"/showFrame farmer 24/emote farmer 20/pause 200/emote Val 32/animate Val false false 350 29 30 31 32 33 32 30 30 29/showFrame Val 29/pause 1000/fade/viewport -100 -100/end"

      }

    },

    {
      "LogName": "Val 7 Heart Event (8h pt 2 Remastered)", //maddogchange 
      "Action": "EditData",
      "Target": "Data/Events/Hospital",
      "Entries": {

        "SnS.Ch1.Val.9/e SnS.Ch1.Val.8/f Val 1750/G PLAYER_HAS_MET Current Krobus/t 0900 1700/A ValAcceptance/d Fri/F": "none/-100 -100/{{ValHospitalScene_Setup}}/skippable/addConversationTopic ValPain 4/viewport 21 11/showFrame Val 46/globalFadeToClear/shake Val 1000/pause 100/textAboveHead Harvey \"{{i18n:Events.S&S.Ch1.7H1.Harvey.1}}\"/emote farmer 16/speed farmer 6/move farmer 0 -5 0/doAction 10 13/advancedMove farmer false 0 -7 6 0 0 1 6 0 0 3 2 10/pause 4000/shake Val 500/showFrame farmer 94/pause 1000/faceDirection farmer 3 true/emote farmer 8/showFrame Val 46/speak Val \"{{i18n:Events.S&S.Ch1.7H1.Val.1}}\"/showFrame Val 46/shake Val 500/speak Harvey \"{{i18n:Events.S&S.Ch1.7H1.Harvey.2}}\"/showFrame Val 47/shake Val 500/speak Val \"{{i18n:Events.S&S.Ch1.7H1.Val.2}}\"/shake Harvey 250/emote Harvey 12/speak Harvey \"{{i18n:Events.S&S.Ch1.7H1.Harvey.3}}\"/showFrame Val 48/shake Val 500/speak Val \"{{TrollHeritageDialogue2}}\"/emote Harvey 40/playMusic desolate/shake Val 500/showFrame Val 47/speak Val \"{{i18n:Events.S&S.Ch1.7H1.Val.4}}\"/shake Val 1000/textAboveHead Val \"{{FilteredLanguage1}}\"/pause 1000/showFrame Val 49/playSound thudStep/shake Val 1000/speak Harvey \"{{i18n:Events.S&S.Ch1.7H1.Harvey.4}}\"/showFrame Val 50/pause 200/speak Val \"{{i18n:Events.S&S.Ch1.7H1.Val.6}}\"/quickQuestion {{i18n:Events.S&S.Ch1.7H1.Q1}}{{i18n:Events.S&S.Ch1.7H1.Q1.Answers}}(break)friendship Val 50\\speak Val \"{{i18n:Events.S&S.Ch1.7H1.Q1.Response.1}}\"(break)friendship Val 25\\speak Val \"{{i18n:Events.S&S.Ch1.7H1.Q1.Response.1}}\"/shake Val 1000/showFrame Val 49/speak Val \"{{i18n:Events.S&S.Ch1.7H1.Val.7}}\"/showFrame Val 50/speak Harvey \"{{i18n:Events.S&S.Ch1.7H1.Harvey.5}}\"/shake Val 1000/showFrame Val 51/speak Val \"{{i18n:Events.S&S.Ch1.7H1.Val.8}}\"/pause 1000/fade/viewport 1000 1000/stopMusic/{{ValHospitalScene}}"
      } /*,
			"When": {
				"Relationship:Krobus |contains=Unmet": false
			  }*/

    },

    {
      "LogName": "Val 7 Heart Event pt 2 (8h pt 3 Remastered)", 
      "Action": "EditData",
      "Target": "Data/Events/Town",
      "Entries": {

        "SnS.Ch1.Val.10/e SnS.Ch1.Val.9/f Val 1750/t 1700 2400/A ValPain/w sunny/d Fri/F": "none/-100 -100/farmer 999 999 1 Krobus 999 999 1 Val 53 106 0/viewport -1000 -1000/skippable/addConversationTopic ValRecovery {{VariableTimegate}}/playsound openBox/warp farmer 35 97 true/faceDirection farmer 2/warp Krobus 34 97 true/faceDirection Krobus 2 true/pause 250/speed farmer 3/speed Val 3/speed Krobus 3/{{SVEReroutingServices}}/advancedMove Val false 0 -11 -6 0 3 10/pause 500/viewport 43 98/globalFadeToClear/pause 1000/emote Val 8/pause 750/textAboveHead Val \"{{i18n:Events.S&S.Ch1.7H2.Val.1}}\"/pause 300/shake Krobus 500/emote farmer 16/showFrame Val 39/pause 200/shake Val 2500/playMusic echos/speed Val 6/speed farmer 4/speed Krobus 4/advancedMove Val false -1 0 0 -1 2 10/pause 1000/textAboveHead Val \"{{FilteredLanguage8}}\"/advancedMove farmer false 4 0 4 10/advancedMove Krobus false 5 0 4 10/showFrame Val 41/pause 2500/shake Val 2500/speak Krobus \"{{i18n:Events.S&S.Ch1.7H2.Krobus.1}}\"/emote Val 40/speak Val \"{{i18n:Events.S&S.Ch1.7H2.Val.3}}\"/emote farmer 32/pause 200/showFrame Val 42/pause 200/speak Krobus \"{{i18n:Events.S&S.Ch1.7H2.Krobus.2}}\"/pause 200/emote Val 28/speak Val \"{{i18n:Events.S&S.Ch1.7H2.Val.4}}\"/pause 200/showFrame Val 43/pause 200/speak Krobus \"{{i18n:Events.S&S.Ch1.7H2.Krobus.3}}\"/advancedMove farmer false 1 0 3 10/speak Val \"{{i18n:Events.S&S.Ch1.7H2.Val.5}}\"/emote Krobus 20/speak Krobus \"{{i18n:Events.S&S.Ch1.7H2.Krobus.4}}\"/emote Val 40/pause 200/emote Val 32/speak Val \"{{i18n:Events.S&S.Ch1.7H2.Val.6}}\"/jump Krobus 5/pause 250/speak Krobus \"{{i18n:Events.S&S.Ch1.7H2.Krobus.5}}\"/speak Val \"{{i18n:Events.S&S.Ch1.7H2.Val.7}}\"/speak Krobus \"{{I18n:Events.S&S.Ch1.7H2.Krobus.6}}\"/speak Val \"{{i18n:Events.S&S.Ch1.7H2.Val.8}}\"/speak Krobus \"{{i18n:Events.S&S.Ch1.7H2.Krobus.7}}\"/speak Val \"{{i18n:Events.S&S.Ch1.7H2.Val.9}}\"/speak Krobus \"{{i18n:Events.S&S.Ch1.7H2.Krobus.8}}\"/emote Krobus 32/speed farmer 2/speed Krobus 2/advancedMove Krobus false -5 0 0 5 -6 0 0 -5 4 10/advancedMove farmer false -1 0 4 10/pause 1000/showFrame Val 40/pause 1000/speak Val \"{{i18n:Events.S&S.Ch1.7H2.Val.10}}\"/pause 750/shake Val 2000/pause 750/faceDirection Val 0/pause 250/emote Val 40/pause 1000/faceDirection Val 2/playSound openBox/warp Krobus -1000 -1000/quickQuestion {{i18n:Events.S&S.Ch1.7H2.Q1}}{{i18n:Events.S&S.Ch1.7H2.Q1.Answers}}(break)friendship Val 30\\speak Val \"{{i18n:Events.S&S.Ch1.7H2.Q1.Response.1}}\"(break)friendship Val 30\\speak Val \"{{i18n:Events.S&S.Ch1.7H2.Q1.Response.2}}\"(break)friendship Val 50\\speak Val \"{{i18n:Events.S&S.Ch1.7H2.Q1.Response.3}}\"/pause 200/speak Val \"{{i18n:Events.S&S.Ch1.7H2.Val.11}}\"/emote Val 40/pause 100/emote Val 60/pause 100/speak Val \"{{i18n:Events.S&S.Ch1.7H2.Val.12}}\"/emote farmer 56 true/emote Val 56 true/pause 1000/fade/viewport -100 -100/speak Val \"{{i18n:Events.S&S.Ch1.7H2.Val.13}}\"/end"
      }

    },

    {
      "LogName": "Val 8 Heart Event pt 1 (8h pt 4 Remastered)",
      "Action": "EditData",
      "Target": "Data/Events/EastScarp_Village",
      "Entries": {
    
        "SnS.Ch1.Val.11/e SnS.Ch1.Val.10/f Val 2000/t 0800 1800/w sunny/A ValRecovery/F": "ocean/-100 -100/farmer 87 86 2 Val 94 96 0/addTemporaryActor ValMarlon 16 32 93 96 0 true Character/changeName ValMarlon {{i18n:Strings.Names.Marlon}}/addConversationTopic CGuildConstruction {{VariableTimegate}}/addSpecialOrder Val.SpecialOrders.BuildGuild/skippable/viewport 94 96 clamp true/globalFadeToClear/advancedMove farmer false 0 8 1 0 1 10/emote farmer 8/speak ValMarlon \"{{i18n:Events.S&S.Ch1.8H1.Marlon.1}}\"/emote Val 12/speak Val \"{{i18n:Events.S&S.Ch1.8H1.Val.1}}\"/emote ValMarlon 12/speak ValMarlon \"{{i18n:Events.S&S.Ch1.8H1.Marlon.2}}\"/emote ValMarlon 16 true/emote Val 16 true/pause 100/faceDirection Val 3 true/faceDirection ValMarlon 3 true/pause 250/emote farmer 32/advancedMove ValMarlon false -6 0 0 -1 1 10/advancedMove Val false -6 0 4 10/pause 200/faceDirection farmer 2/speak Val \"{{i18n:Events.S&S.Ch1.8H1.Val.2}}\"/speak ValMarlon \"{{i18n:Events.S&S.Ch1.8H1.Marlon.3}}\"/pause 250/emote farmer 8/speak Val \"{{i18n:Events.S&S.Ch1.8H1.Val.3}}\"/speak ValMarlon \"{{i18n:Events.S&S.Ch1.8H1.Marlon.4}}\"/emote farmer 16/pause 250/quickQuestion {{i18n:Events.S&S.Ch1.8H1.Q1}}{{i18n:Events.S&S.Ch1.8H1.Q1.Answers}}(break)friendship Val 25\\speak Val \"{{i18n:Events.S&S.Ch1.8H1.Q1.Response.1}}\"(break)speak ValMarlon \"{{i18n:Events.S&S.Ch1.8H1.Q1.Response.2A}}\"/speak Val \"{{i18n:Events.S&S.Ch1.8H1.Q1.Response.2B}}\"/pause 250/emote farmer 32/speak ValMarlon \"{{i18n:Events.S&S.Ch1.8H1.Marlon.5}}\"/pause 250/advancedMove ValMarlon false 0 -4 2 10/faceDirection farmer 0/pause 3000/emote ValMarlon 40/faceDirection ValMarlon 0/advancedMove ValMarlon false 0 -15 4 0/globalFade/viewport -100 -100/warp ValMarlon -1000 -1000/warp Val 51 128/positionOffset Val -25 20/animate Val false true 500 21 22 23 22 21 22 23 22/warp farmer 49 128/faceDirection farmer 2/positionOffset farmer 25 30/animate farmer false true 70 70/viewport 50 123/globalFadeToClear/playMusic echos/speak Val \"{{i18n:Events.S&S.Ch1.8H1.Val.4}}\"/emote Val 40/pause 200/speak Val \"{{i18n:Events.S&S.Ch1.8H1.Val.5}}\"/emote Val 40/pause 200/speak Val \"{{i18n:Events.S&S.Ch1.8H1.Val.6}}\"/pause 250/emote Val 56 true/emote farmer 32 true/pause 250/fade/viewport -100 -100/speak Val \"{{ValFlirt1}}\"/end"

      }

    },

    {
      "LogName": "Val 8 Heart Event pt 2 (8h pt 5 + 6 combined/remastered)",
      "Action": "EditData",
      "Target": "Data/Events/EastScarp_Village",
      "Entries": {
    
        "SnS.Ch1.Val.12/e SnS.Ch1.Val.11/f Val 2000/t 0800 1800/w sunny/n Val_SpecialOrders_BuildGuildMail/F": "ocean/-100 -100/farmer 24 91 0 Robin 26 82 3 Val 23 84 0/addTemporaryActor ValMarlon 16 32 25 84 0 true Character/changeName ValMarlon {{i18n:Strings.Names.Marlon}}/addConversationTopic CGuildComplete 0/skippable/removeTile 26 82 Buildings/removeTile 27 82 Buildings/removeTile 26 81 Front/removeTile 27 81 Front/viewport 34 83/globalFadeToClear/emote farmer 16/advancedMove farmer false 0 -5 4 10/animate Robin false true 100 24 25 26 27 27 27 27 27 27 27 27/pause 200/playSound crafting/pause 1200/playSound crafting/pause 1200/playSound crafting/pause 1200/playSound crafting/pause 500/stopAnimation Robin/faceDirection Robin 2/emote farmer 8/pause 250/speak Robin \"{{i18n:Events.S&S.Ch1.8H2.Robin.1}}\"/emote Val 20/speak Val \"{{i18n:Events.S&S.Ch1.8H2.Val.1}}\"/faceDirection Val 2 true/faceDirection ValMarlon 2 false/speak ValMarlon \"{{i18n:Events.S&S.Ch1.8H2.Marlon.1}}\"/emote farmer 32/pause 200/speak Val \"{{i18n:Events.S&S.Ch1.8H2.Val.2}}\"/faceDirection Val 0 true/faceDirection ValMarlon 0 false/speak Val \"{{i18n:Events.S&S.Ch1.8H2.Val.3}}\"/speak ValMarlon \"{{i18n:Events.S&S.Ch1.8H2.Marlon.2}}\"/pause 200/emote Val 60/pause 200/speak Val \"{{i18n:Events.S&S.Ch1.8H2.Val.4}}\"/emote Robin 32/speak Robin \"{{i18n:Events.S&S.Ch1.8H2.Robin.2}}\"/shake Val 500/emote Val 40/pause 250/speak Val \"{{i18n:Events.S&S.Ch1.8H2.Val.5}}\"/faceDirection Val 1 true/faceDirection ValMarlon 3 false/speak ValMarlon \"{{i18n:Events.S&S.Ch1.8H2.Marlon.3}}\"/speak Val \"{{i18n:Events.S&S.Ch1.8H2.Val.6}}\"/fade/viewport -100 -100/warp Val 10 13/faceDirection Val 2/warp ValMarlon 11 14/faceDirection ValMarlon 3/warp Robin -999 -999/stopMusic/changeLocation EastScarp_CoastalGuild/addTemporaryActor ValGunther 16 32 9 14 2 true Character/changeName ValGunther {{i18n:Strings.Names.Gunther}}/addTemporaryActor ValEmeritus 32 32 2 17 2 true Character/changeName ValEmeritus {{i18n:Strings.Names.Emeritus}}/animate ValEmeritus false true 500 23 24 25 26 0 23/warp farmer 10 19/faceDirection farmer 0/playSound doorClose/viewport 12 12/globalFadeToClear/emote farmer 16/move farmer 0 -4 0/emote Val 32/speak Val \"{{i18n:Events.S&S.Ch1.8H2.Val.7}}\"/emote ValGunther 40/emote ValGunther 32/faceDirection ValMarlon 2/speak ValGunther \"{{i18n:Events.S&S.Ch1.8H2.Gunther.1}}\"/emote farmer 8/pause 250/speak ValGunther \"{{i18n:Events.S&S.Ch1.8H2.Gunther.2}}\"/pause 250/faceDirection ValMarlon 3 true/faceDirection ValGunther 1 false/playMusic SnS.ValTheme/speak ValMarlon \"{{i18n:Events.S&S.Ch1.8H2.Marlon.4}}\"/emote Val 28/speak Val \"{{i18n:Events.S&S.Ch1.8H2.Val.8}}\"/speak ValGunther \"{{i18n:Events.S&S.Ch1.8H2.Gunther.3}}\"/speak ValMarlon \"{{i18n:Events.S&S.Ch1.8H2.Marlon.5}}\"/emote Val 60/speak Val \"{{i18n:Events.S&S.Ch1.8H2.Val.9}}\"/speak ValGunther \"{{i18n:Events.S&S.Ch1.8H2.Gunther.4}}\"/speak ValMarlon \"{{i18n:Events.S&S.Ch1.8H2.Marlon.6}}\"/emote Val 40/shake Val 250/emote farmer 8/pause 250/emote Val 56/pause 250/speak Val \"{{i18n:Events.S&S.Ch1.8H2.Val.10}}\"/speak ValMarlon \"{{i18n:Events.S&S.Ch1.8H2.Marlon.7}}\"/speak ValGunther \"{{i18n:Events.S&S.Ch1.8H2.Gunther.5}}\"/globalFade/viewport -100 -100/message \"{{i18n:Events.S&S.Ch1.8H2.Message.1}}\"/warp ValMarlon -1000 -1000/warp ValGunther -1000 -1000/warp farmer 5 16/warp Val 5 17/faceDirection farmer 3/faceDirection Val 3/stopMusic/pause 250/playSound doorClose/viewport 12 12/globalFadeToClear/speak Val \"{{i18n:Events.S&S.Ch1.8H2.Val.11}}\"/emote Val 40/pause 250/speak Val \"{{i18n:Events.S&S.Ch1.8H2.Val.12}}\"/stopAnimation ValEmeritus/faceDirection Val 0 true/faceDirection farmer 2 false/pause 250/emote Val 60/speak Val \"{{ValFlirt2}}\"/animate ValEmeritus false true 500 0 16 17 18 19 20 21 22 23 24 16/playMusic SettlingIn/emote Val 16 true/emote farmer 16 true/faceDirection Val 3 true/faceDirection farmer 3 false/pause 4500/stopAnimation ValEmeritus/speak Val \"{{i18n:Events.S&S.Ch1.8H2.Val.14}}\"/speak ValEmeritus \"{{i18n:Events.S&S.Ch1.8H2.Emeritus.1}}\"/animate ValEmeritus false true 500 23 24 25 26 0 23/pause 250/emote Val 28/faceDirection farmer 2/animate farmer false true 200 102 103/pause 1000/fade/viewport -100 -100/pause 500/speak Val \"{{i18n:Events.S&S.Ch1.8H2.Val.15}}\"/pause 1000/end position 93 96"

      }

    },

    {
      "LogName": "Bonus #1: Galaxy Sword Remastered",
      "Action": "EditData",                                           
      "Target": "Data/Events/EastScarp_CoastalGuild",
      "Entries": {
    
        "SnS.Ch1.Val.13/e SnS.Ch1.Val.12/f Val 2000/t 0800 2200/A CGuildComplete/F": "SnS.ValTheme/-100 -100/farmer 10 19 0 Val 8 13 3/addTemporaryActor ValEmeritus 32 32 2 17 2 true Character/changeName ValEmeritus {{i18n:Strings.Names.Emeritus}}/animate ValEmeritus false true 500 23 24 25 26 0 23/skippable/viewport 12 12/globalFadeToClear/emote farmer 8/faceDirection Val 2/jump Val 4/emote Val 32/pause 250/advancedMove Val false 2 0 2 10/advancedMove farmer false 0 -4 4 10/faceDirection Val 2 true/speak Val \"{{i18n:Events.S&S.Ch1.B1.Val.1}}\"/pause 250/emote farmer 16/pause 250/speak Val \"{{i18n:Events.S&S.Ch1.B1.Val.2}}\"/faceDirection farmer 2/showFrame farmer 57/addObject 10 13 74 3/playSound discoverMineral/pause 1500/removeTemporarySprites/faceDirection farmer 0/speak Val \"{{i18n:Events.S&S.Ch1.B1.Val.3}}\"/pause 250/emote farmer 56/fade/viewport -100 -100/pause 500/speak Val \"{{ValFlirt3}}\"/pause 1000/end position 10 18"

      },
			"When": { "GalaxySwordExtras": true }	
    }, 

    {
      "LogName": "Val 10 Heart Event (12h Remastered)",
      "Action": "EditData",
      "Target": "Data/Events/Railroad",
      "Entries": {
    
        "SnS.Ch1.Val.14/e SnS.Ch1.Val.12/f Val 2500/t 1700 2400/A CGuildComplete/A Val_No10HeartToday/d Fri/F": "spaceMusic/-100 -100/farmer 24 27 1 Val 45 27 2 Krobus 44 27 2/skippable/addConversationTopic ValIntegrity {{VariableTimegate}}/{{10HSVEBushRemovalServices}}/viewport 44 27/addLantern 735 46 26 4/globalFadeToClear/pause 250/emote farmer 8/speak Krobus \"{{i18n:Events.S&S.Ch1.10H1.Krobus.1}}\"/pause 500/faceDirection Krobus 0/pause 1000/shake Krobus 500/pause 1000/faceDirection Krobus 2/speak Krobus \"{{i18n:Events.S&S.Ch1.10H1.Krobus.2}}\"/advancedMove farmer false 19 0 1 1000/pause 250/emote Val 40/speak Val \"{{i18n:Events.S&S.Ch1.10H1.Val.1}}\"/emote Krobus 60/pause 250/speak Krobus \"{{i18n:Events.S&S.Ch1.10H1.Krobus.3}}\"/faceDirection farmer 2/textAboveHead Val \"{{i18n:Events.S&S.Ch1.10H1.Val.2}}\"/pause 2200/textAboveHead Krobus \"{{i18n:Events.S&S.Ch1.10H1.Krobus.4}}\"/pause 1000/speak Val \"{{i18n:Events.S&S.Ch1.10H1.Val.3}}\"/emote farmer 40 true/emote Val 40 true/emote Krobus 40 false/pause 1000/speak Krobus \"{{i18n:Events.S&S.Ch1.10H1.Krobus.5}}\"/faceDirection Val 3/pause 250/textAboveHead Val \"{{i18n:Events.S&S.Ch1.10H1.Val.4}}\"/pause 1000/faceDirection farmer 1/speak Val \"{{i18n:Events.S&S.Ch1.10H1.Val.5}}\"/faceDirection Krobus 1/emote Krobus 8/pause 250/message \"{{i18n:Events.S&S.Ch1.10H1.Message.1}}\"/playSound discoverMineral/pause 500/shake Krobus 500/jump Krobus 3/pause 250/emote Krobus 16/speak Krobus \"{{i18n:Events.S&S.Ch1.10H1.Krobus.6}}\"/pause 250/speak Val \"{{i18n:Events.S&S.Ch1.10H1.Val.6}}\"/pause 250/shake Krobus 250/jump Krobus 5/textAboveHead Krobus \"{{i18n:Events.S&S.Ch1.10H1.Krobus.7}}\"/pause 1000/speak Val \"{{i18n:Events.S&S.Ch1.10H1.Val.7}}\"/pause 250/animate Val true true 100 28/showframe Krobus 16/positionOffset Val -2 0/positionOffset Krobus 2 0/pause 100/positionOffset Val -2 0/positionOffset Krobus 2 0/pause 100/positionOffset Val -2 0/positionOffset Krobus 2 0/pause 100/positionOffset Val -2 0/positionOffset Krobus 2 0/pause 2000/positionOffset Val 2 0/positionOffset Krobus -2 0/pause 100/positionOffset Val 2 0/positionOffset Krobus -2 0/pause 100/positionOffset Val 2 0/positionOffset Krobus -2 0/pause 100/positionOffset Val 2 0/positionOffset Krobus -2 0/stopAnimation Val/faceDirection Krobus 1/faceDirection Val 3/speak Val \"{{i18n:Events.S&S.Ch1.10H1.Val.8}}\"/speak Krobus \"{{i18n:Events.S&S.Ch1.10H1.Krobus.8}}\"/pause 250/move Krobus 0 -1 0/faceDirection farmer 0 true/move Krobus -6 0 3/pause 250/emote Krobus 60 true/faceDirection farmer 3/faceDirection Krobus 1 true/faceDirection Val 3 true/speak Krobus \"{{i18n:Events.S&S.Ch1.10H1.Krobus.9}}\"/pause 250/emote Val 60/speak Val \"{{i18n:Events.S&S.Ch1.10H1.Val.9}}\"/emote Krobus 56/speak Krobus \"{{i18n:Events.S&S.Ch1.10H1.Krobus.10}}\"/speak Val \"{{i18n:Events.S&S.Ch1.10H1.Val.10}}\"/pause 500/globalFade/viewport -100 -100/warp Krobus -1000 -1000/speak Val \"{{i18n:Events.S&S.Ch1.10H1.Val.11}}\"/faceDirection farmer 2/faceDirection Val 2/warp farmer 44 27/positionOffset farmer 0 10/viewport 44 27 clamp true/globalFadeToClear/speak Val \"{{i18n:Events.S&S.Ch1.10H1.Val.12}}[(O){{ModID}}_adventureguildbadge]\"/faceDirection farmer 2/showFrame farmer 57/playSound discoverMineral/addTemporaryActor GuildBadge 16 16 44 25 2 false/hideShadow GuildBadge true/pause 2000/warp GuildBadge -999 -999/showFrame farmer 0/pause 250/emote Val 40/faceDirection farmer 1 true/faceDirection Val 3/speak Val \"{{i18n:Events.S&S.Ch1.10H1.Val.13}}\"/{{TenHeartRivalHeartsToggle}}/playMusic SnS.ValTheme/emote Val 32/pause 500/speak Val \"{{i18n:Events.S&S.Ch1.10H1.Val.14}}\"/emote Val 56 true/emote farmer 56 true/faceDirection Val 2 true/faceDirection farmer 2 true/viewport move -1 0 4000/pause 2000/globalFade/viewport -100 -100/speak Val \"{{i18n:Events.S&S.Ch1.10H1.Val.15}}\"/pause 200/end",

        "ValRomantic": "pause 500/addMailReceived ValRomanticFlag/addConversationTopic ValRomance 0/playMusic musicboxsong/emote Val 8/pause 250/speak Val \"{{i18n:Events.S&S.Ch1.10H1.Val.16}}\"/quickQuestion {{i18n:Events.S&S.Ch1.10H1.Q1.Answers}}(break)speak Val \"{{i18n:Events.S&S.Ch1.10H1.Q1.Response.1}}\"(break)speak Val \"{{i18n:Events.S&S.Ch1.10H1.Q1.Response.1}}\"/emote Val 40/pause 500/jump Val 3/emote Val 16/speak Val \"{{i18n:Events.S&S.Ch1.10H1.Val.17}}\"/emote farmer 8/pause 250/speak Val \"{{i18n:Events.S&S.Ch1.10H1.Val.18}}\"/showFrame farmer 24/emote farmer 16 true/emote Val 56/pause 1000/viewport move -1 0 4000/pause 2000/globalFade/viewport -100 -100/end",

        "SnS.Ch1.Val.15/e SnS.Ch1.Val.14/n ValRomanticFlag/F": "continue/-100 -100/farmer 22 26 3 Val 21 26 1/changeLocation EastScarp_DeepMountains/addConversationTopic ValForest {{VariableTimegate}}/skippable/fade/viewport 30 20/emote Val 20/pause 500/speak Val \"{{i18n:Events.S&S.Ch1.10H2.Val.1}}\"/fade/viewport -1000 -1000/changeLocation EastScarp_HectorForest/warp farmer 21 32/faceDirection farmer 0/positionOffset farmer 0 12/warp Val 22 32/faceDirection Val 0/addTemporaryActor MysteryWolf 32 32 -100 -100 2 false/viewport 21 17/playMusic SnS.HectorTheme/globalFadeToClear/pause 1000/emote farmer 16 true/emote Val 56/pause 250/advancedMove Val false 0 -9 3 10/advancedMove farmer false 0 -9 1 10/pause 1000/speak Val \"{{i18n:Events.S&S.Ch1.10H2.Val.2}}\"/faceDirection Val 3/emote farmer 60 true/emote Val 32/quickQuestion {{i18n:Events.S&S.Ch1.10H2.Q1.Answers}}(break)speak Val \"{{i18n:Events.S&S.Ch1.10H2.Q1.Response.1}}\"(break)speak Val \"{{i18n:Events.S&S.Ch1.10H2.Q1.Response.2}}\"/emote Val 20/pause 250/speak Val \"{{TrollHeritageDialogue4}}\"/pause 250/animate Val true true 28 28/animate farmer false true 100 101 101/positionOffset Val -2 0/pause 100/specificTemporarySprite heart 22 21/positionOffset Val -2 0/positionOffset farmer 2 0/pause 100/positionOffset Val -2 0/positionOffset farmer 2 0/pause 100/positionOffset Val -2 0/positionOffset farmer 2 0/pause 2000/fade/viewport -1000 -1000/speak Val \"{{i18n:Events.S&S.Ch1.10H2.Val.4}}\"/setDating Val/addConversationTopic ValMarriageCountdown {{DatingLength}}/pause 2500/end"


      }

    },

    {
      "LogName": "Val 12 Heart Event - Romance Fork Exclusive (10h Remastered)",
      "Action": "EditData",                                           
      "Target": "Data/Events/Mine",
      "Entries": {
    
        "SnS.Ch1.Val.16/e SnS.Ch1.Val.15/f Val 3000/t 600 2400/z winter/F": "Cavern/-100 -100/farmer 18 13 0 Val 17 4 2/addConversationTopic ValDate {{VariableTimegate}}/playSound crystal/globalFadeToClear/skippable/viewport 22 7/pause 300/jump Val 3/emote Val 16/pause 250/textAboveHead Val \"{{i18n:Events.S&S.Ch1.12H.Val.1}}\"/advancedMove Val false 0 2 1 0 2 10/move farmer 0 -5 0/pause 500/quickQuestion {{i18n:Events.S&S.Ch1.12H.Q1.Answers}}(break)speak Val \"{{i18n:Events.S&S.Ch1.12H.Q1.Response.1}}\"(break)speak Val \"{{i18n:Events.S&S.Ch1.12H.Q1.Response.2}}\"/pause 250/emote Val 40/pause 250/speak Val \"{{i18n:Events.S&S.Ch1.12H.Val.2}}\"/emote farmer 8/speak Val \"{{i18n:Events.S&S.Ch1.12H.Val.3}}\"/pause 250/emote farmer 32/pause 250/emote Val 56/pause 500/textAboveHead Val \"{{i18n:Events.S&S.Ch1.12H.Val.4}}\"/pause 500/globalFade/viewport -100 -100/playSound crystal/pause 250/warp Val 23 13/warp farmer 23 14/faceDirection farmer 0/faceDirection Val 2/changeLocation EastScarp_DateMine/viewport 23 13 clamp true/playMusic junimoKart_whaleMusic/changePortrait Val beach/changeSprite Val beach/globalFadeToClear/speak Val \"{{i18n:Events.S&S.Ch1.12H.Val.5}}\"/ignoreCollisions farmer/pause 1000/emote farmer 8/pause 500/move Val 2 0 1/emote Val 40/move farmer 3 0 1 true/move Val 6 0 1 true/speed Val 4/move Val 2 0 1 true/jump Val 9/pause 600/swimming Val/temporarySprite 27 13 27 4 100/playsound pullItemFromWater/pause 800/emote farmer 60 true/faceDirection Val 3/ignoreCollisions farmer/jump farmer 9/speed farmer 4/move farmer 2 0 1/swimming farmer/playsound pullItemFromWater/temporarySprite 27 14 27 4 100/pause 100/startJittering/pause 800/stopJittering/pause 400/playSound slosh/move farmer 4 0 1 true/faceDirection Val 2/move farmer 0 -1 0/positionOffset farmer 0 -5/faceDirection farmer 3 true/faceDirection Val 1/speak Val \"{{i18n:Events.S&S.Ch1.12H.Val.6}}\"/startJittering/pause 800/stopJittering/speak Val \"{{i18n:Events.S&S.Ch1.12H.Val.7}}\"/pause 250/showFrame Val 28/animate farmer true true 100 101 101/positionOffset Val 2 0/pause 100/specificTemporarySprite heart 32 12/positionOffset Val 2 0/positionOffset farmer -2 0/pause 100/positionOffset Val 2 0/positionOffset farmer -2 0/pause 2000/globalFade/viewport -1000 -1000/stopSwimming farmer/stopSwimming Val/speak Val \"{{TrollHeritageDialogue3}}\"/end"

      }

    },

    {
      "LogName": "Val 14 Heart Event - Romance Fork Exclusive (Remastered)",
      "Action": "EditData",
      "Target": "Data/Events/EastScarp_Village",
      "Entries": {
    
        "SnS.Ch1.Val.17/e SnS.Ch1.Val.16/f Val 3500/t 600 1800/gameStateQuery WEATHER here Rain Snow Storm/F": 
        "ocean/-100 -100/farmer 73 113 1 Val 72 121 2/removeTile 71 121 Buildings/removeTile 72 121 Buildings/addConversationTopic ValDeclaration {{VariableTimegate}}/skippable/ignoreCollisions farmer/addTemporaryActor ValFinale 32 32 -999 -100 2 false/viewport 70 117/globalFadeToClear/speed farmer 3/move farmer -5 0 3/move farmer 0 6 2/move farmer 3 0 1/move farmer 0 2 2/emote farmer 20/pause 1000/speak Val \"{{i18n:Events.S&S.Ch1.14H.Val.1}}\"/playSound thunder/pause 250/showFrame farmer 96/emote farmer 40/pause 250/faceDirection Val 3/emote Val 8/quickQuestion {{i18n:Events.S&S.Ch1.14H.Q1.Answers}}(break)speak Val \"{{i18n:Events.S&S.Ch1.14H.Q1.Response.1}}\"(break)speak Val \"{{i18n:Events.S&S.Ch1.14H.Q1.Response.1}}\"/positionOffset Val 8 0/pause 5/positionOffset Val 8 0/pause 5/positionOffset Val 8 0/pause 5/positionOffset Val 8 0/pause 5/showFrame Val 0/faceDirection Val 2 true/showFrame ValFinale 4 true/warp ValFinale 72 121 true/warp Val -999 -999 true/positionOffset ValFinale -30 1/showFrame ValFinale 0 true/animate ValFinale false false 100 4 5 6 7 8 9 10 11 12 13 14 15/pause 300/emote farmer 16 true/move farmer 0 0 1 true/pause 200/playSound swordswipe/pause 1000/message \"{{i18n:Events.S&S.Ch1.14H.Message.1}}\"/playMusic junimoKart_mushroomMusic/speak Val \"{{i18n:Events.S&S.Ch1.14H.Val.2}}\"/pause 500/emote farmer 60/pause 500/animate ValFinale false false 100 15 14 13 12 11 10 9 8 7 6 5 2/pause 1000/warp ValFinale -999 -999 true/warp Val 72 121 true/faceDirection Val 3/positionOffset Val -8 0/pause 5/positionOffset Val -8 0/faceDirection farmer 1/speak Val \"{{i18n:Events.S&S.Ch1.14H.Val.3}}\"/addMailReceived StygiumPendantPower/faceDirection farmer 2/showFrame farmer 57/playSound discoverMineral/addTemporaryActor StygiumPendant 16 16 71 119 2 false/hideShadow StygiumPendant true/pause 2000/warp StygiumPendant -999 -999/showFrame farmer 0/pause 250/faceDirection farmer 1/message \"{{i18n:Events.S&S.Ch1.14H.Message.2}}\"/pause 250/speak Val \"{{i18n:Events.S&S.Ch1.14H.Val.4}}\"/playSound thunder/animate Val true true 28 28/animate farmer false true 100 101 101/positionOffset Val -2 0/pause 100/specificTemporarySprite heart 72 119/positionOffset Val -2 0/positionOffset farmer 2 0/pause 100/positionOffset Val -2 0/positionOffset farmer 2 0/pause 100/positionOffset Val -2 0/positionOffset farmer 2 0/pause 1000/positionOffset Val 2 0/positionOffset farmer -2 0/pause 100/positionOffset Val 2 0/positionOffset farmer -2 0/pause 100/positionOffset Val 2 0/positionOffset farmer -2 0/pause 500/stopAnimation Val/showFrame Val 0/faceDirection farmer 2 true/faceDirection Val 2 true/pause 1000/jump farmer/move farmer 0 1 2 /animate farmer false true 70 70/emote farmer 32 true/pause 200/emote Val 56/faceDirection Val 2/jump Val 9/warp Val 72 122/pause 200/showFrame Val 21/pause 1000/animate Val false true 500 21 22 23 22 21 22 23 22/playSound thunder/viewport move 0 -1 10000/pause 4000/playSound thunder/pause 4000/globalFade/viewport -100 -100/speak Val \"{{i18n:Events.S&S.Ch1.14H.Val.5}}\"/pause 500/pause 250/end position 71 118"

      }

    },

    {
      "LogName": "Val - Artificer Unlock Event",
      "Action": "EditData",                                           
      "Target": "Data/Events/EastScarp_CoastalGuild",
      "Entries": {
    
        "SnS.Ch1.Val.18/e SnS.Ch1.Val.14/f Val 2000/t 0800 2200/F": "SnS.ValTheme/-100 -100/farmer 19 14 1 Val 21 14 3/addTemporaryActor ValEmeritus 32 32 2 17 2 true Character/changeName ValEmeritus {{i18n:Strings.Names.Emeritus}}/animate ValEmeritus false true 500 23 24 25 26 0 23/unskippable/viewport 12 12/globalFadeToClear/pause 1000/emote farmer 8/pause 250/speak Val \"{{ValNickname}}! {{i18n:Events.S&S.Ch1.18.Val.1}}\"/emote farmer 32/pause 250/fade/viewport -1000 -1000/changeLocation EastScarp_Underforge/warp ValEmeritus -100 -100/warp farmer 6 7/faceDirection farmer 1/warp Val 8 7/faceDirection Val 3/fade/viewport 13 8 clamp true/pause 1000/speak Val \"{{i18n:Events.S&S.Ch1.18.Val.2}}\"/faceDirection farmer 0/message \"{{i18n:Events.S&S.Ch1.18.Message.1}}\"/pause 250/emote Val 8/faceDirection farmer 0/pause 25/startJittering/showFrame farmer 94/sns_rogueunlock 6 7/shake Val 1000/emote Val 16 true/jump Val 5 true/pause 7000/showFrame farmer 0/message \"{{i18n:Events.S&S.Ch1.18.Message.2}}\"/stopJittering/pause 250/message \"{{i18n:Events.S&S.Ch1.18.Message.3}}\"/pause 250/faceDirection farmer 1/speak Val \"{{i18n:Events.S&S.Ch1.18.Val.3}} {{ValNickname}}? {{i18n:Events.S&S.Ch1.18.Val.4}}\"/advancedMove Val false 0 1 1 10/pause 250/advancedMove farmer false 2 0 1 10/pause 250/viewport move 1 0 4000/speak Val \"{{i18n:Events.S&S.Ch1.18.Val.5}}\"/pause 2000/fade/viewport -1000 -1000/speak Val \"{{i18n:Events.S&S.Ch1.18.Val.6}} {{ValNickname}}.$1\"/addMailReceived SnS_AdventureBar/quickQuestion {{i18n:Events.S&S.EndDay.Question}}#{{i18n:Events.S&S.EndDay.Yes}}#{{i18n:Events.S&S.EndDay.No}}(break)end newDay(break)end"

      }
    }, 

    {
      "LogName": "Roslin and Dandelion's Intro",
      "Action": "EditData",
      "Target": "Data/Events/ManorHouse",
      "Entries": {

        "SnS.Ch1.Roslin/e SnS.Ch1.Val.4/t 900 1800/F": "SnS.LonelyTheme/-100 -100/farmer -100 -100 0 Lewis 3 7 2/skippable/addConversationTopic AdventurerArrival {{VariableTimegate}}/addTemporaryActor FakeDandelion 16 32 2 8 1 true Character/addTemporaryActor FakeRoslin 16 32 4 8 3 true Character/changeName FakeRoslin {{i18n:Strings.Names.???}}/changeName FakeDandelion {{i18n:Strings.Names.???}}/fade/viewport 11 7/pause 1000/speak Lewis \"{{i18n:Events.SnS.Intro.Lewis.1}}\"/pause 250/emote FakeDandelion 12/pause 250/speak FakeRoslin \"{{i18n:Events.SnS.Intro.Roslin.1}}\"/playSound doorOpen/warp farmer 5 11/faceDirection FakeRoslin 2/emote farmer 8/advancedMove farmer false 0 -3 3 10/pause 250/emote FakeRoslin 40/faceDirection FakeRoslin 1/speak FakeDandelion \"{{i18n:Events.SnS.Intro.Dandelion.1}}\"/pause 250/speak Lewis \"{{i18n:Events.SnS.Intro.Lewis.2}}\"/pause 250/faceDirection FakeRoslin 3/speak FakeRoslin \"{{i18n:Events.SnS.Intro.Roslin.2}}\"/faceDirection Lewis 2/pause 250/emote Lewis 28/pause 250/speak FakeRoslin \"{{i18n:Events.SnS.Intro.Roslin.3}}\"/pause 250/speak FakeDandelion \"{{i18n:Events.SnS.Intro.Dandelion.2}}\"/pause 250/speak Lewis \"{{i18n:Events.SnS.Intro.Lewis.3}}\"/pause 250/speak FakeDandelion \"{{i18n:Events.SnS.Intro.Dandelion.3}}\"/pause 250/textAboveHead Lewis \"{{i18n:Events.SnS.Intro.Lewis.4}}\"/pause 2000/speak FakeRoslin \"{{i18n:Events.SnS.Intro.Roslin.4}}\"/faceDirection FakeRoslin 1/shake FakeRoslin 1000/playSound thudStep/emote farmer 16 true/jump farmer/positionOffset farmer 4 0/pause 5/positionOffset farmer 4 0/pause 5/positionOffset farmer 4 0/pause 5/positionOffset farmer 4 0/pause 5/positionOffset farmer 4 0/pause 5/positionOffset farmer 4 0/pause 5/positionOffset farmer 4 0/pause 5/positionOffset farmer 4 0/pause 5/positionOffset farmer 4 0/pause 5/positionOffset farmer 4 0/pause 5/positionOffset farmer 4 0/pause 5/positionOffset farmer 4 0/pause 5/positionOffset farmer 4 0/pause 5/positionOffset farmer 4 0/pause 5/positionOffset farmer 4 0/pause 5/positionOffset farmer 4 0/pause 5/warp farmer 6 8/faceDirection farmer 2/advancedMove FakeRoslin false 0 3 2 10/advancedMove FakeDandelion false 0 1 3 0 0 2 2 10/waitForAllStationary/playSound doorClose/warp FakeDandelion -100 -100/warp FakeRoslin -100 -100/emote Lewis 40/pause 250/faceDirection farmer 3 true/faceDirection Lewis 1/speak Lewis \"{{i18n:Events.SnS.Intro.Lewis.5}}\"/fade/viewport -1000 -1000/message \"{{i18n:Events.SnS.Intro.Message.1}}\"/end"

      }

    },

    {
      "LogName": "Val's Pendant Response - Romance Fork Exclusive", 
      "Action": "EditData",                                           
      "Target": "Data/Events/EastScarp_Underforge",
      "Entries": {
    
        "SnS.Ch1.Val.19/r -1": "SnS.ValTheme/-100 -100/farmer 20 13 3 Val 6 7 0/addConversationTopic ValEngaged {{VariableTimegate}}/removeItem (O)460/setEngaged Val false 3/skippable/viewport 10 7 clamp true/pause 1000/advancedMove farmer false -5 0 0 -5 -8 0 0 -1 3 10/pause 1000/emote Val 40/pause 1000/jump Val 5 true/emote Val 16 true/faceDirection Val 1/speak Val \"{{i18n:SnS.S&S.Ch1.19.Val.1}}\"/message \"{{i18n:SnS.S&S.Ch1.19.Message.1}}\"/pause 250/speak Val \"{{i18n:SnS.S&S.Ch1.19.Val.2}}\"/shake Val 1000/advancedMove Val false -1 0 3 10/pause 500/textAboveHead Val \"{{i18n:SnS.S&S.Ch1.19.Val.3}}\"/pause 2000/advancedMove Val false 1 0 1 10/pause 500/quickQuestion {{i18n:SnS.S&S.Ch1.19.Q1.Answers}}(break)speak Val \"{{i18n:SnS.S&S.Ch1.19.Q1.Response.1}}\"(break)speak Val \"{{i18n:SnS.S&S.Ch1.19.Q1.Response.2}}\"/pause 250/showFrame Val 28/animate farmer true true 100 101 101/positionOffset Val 2 0/pause 100/specificTemporarySprite heart 32 12/positionOffset Val 2 0/positionOffset farmer -2 0/pause 100/positionOffset Val 2 0/positionOffset farmer -2 0/pause 2000/globalFade/viewport -1000 -1000/speak Val \"{{i18n:SnS.S&S.Ch1.19.Val.4}}\"/pause 250/end"
      

      }
            
    }

  ]

}

/* 

quickQuestion #That girl sounds overwhelmed. #That voice is familiar.(break)speak Val \"Let's check in on things, just in case.$32\"(break)speak Hector \"Right? Reminds me of something I was watching with Eloise...$7\"

(0 = up, 1 = right, 2 = down, 3 = left)

waitForAllStationary - waits until all advMoves are complete for next action 

stopAdvancedMoves - will prevent clipping issues at the end of an event when characters advMove off screen

advancedMove true/false (loop) parameters

parameters:
x y x y x y = move without pause

x y z t x y z t = move with pauses

x y x y z t x y = move with mix of mentioned above

x = how many tiles move in x axis (+ = right, - = left)
y = how many tiles move in y axis (+ = down, - = up)
z = direction face upon reaching destination (1=right, 2=down, 3=left, 4=up)
t = duration in milliseconds how long to stay in that spot (must be >= 10000ms)

4- empty can
8- question mark
12- angry
16- exclamation
20- heart
24- sleep
28- sad
32- happy
36- x
40- pause
52- video game
56- music note
60- blush 

*/
