{
    "Changes": [
        {
            "LogName": "NPC Dispositions - Hector",
            "Action": "EditData",
            "Target": "Data/Characters",
            "Entries": {
                "DN.Hector": {
                    "DisplayName": "{{i18n:Hector.Name}}",
                    "Gender": "Male",
                    "Age": "Adult",
                    "Manner": "Rude",
                    "SocialAnxiety": "Shy",
                    "Optimism": "Negative",
                    "BirthSeason": "Winter",
                    "BirthDay": 21,
                    "HomeRegion": "Town",
                    "CanBeRomanced": false,
                    //"LoveInterest": "",
                    "PerfectionScore": true,
                    "EndSlideShow": "TrailingGroup",
                    "SpawnIfMissing": true,
                    "SocialTab": "UnknownUntilMet",
                    "Calendar": "HiddenUntilMet",
                    "IntroductionsQuest": false,
                    "FlowerDanceCanDance": true,
                    "CanVisitIsland": false,
                    "WinterStarParticipant": false,
                    "IsDarkSkinned": false,
                    "ShakePortraits": [
                        99,
                        98
                    ],
                    /*"SpouseRoom": {
                        "MapAsset": "{{DN.HectorSpouseRoomOnOff}}"
                    },
                    "SpousePatio": {
                        "MapAsset": "{{DN.HectorSpousePatioOnOff}}"
                    */
                    "ItemDeliveryQuests": false,
                    "Home": [
                        {
                            "ID": "Hector - Spawn",
                            "Location": "EastScarp_DruidTower",
                            "Tile": {
                                "X": 19,
                                "Y": 7
                            },
                            "Direction": "Down"
                        }
                    ],
                    "Appearance": [
                        // SPRING
                        {
                            "ID": "Default",
                            "Precedence": -10,
                            "Weight": 1,
                            "Portrait": "Portraits/DN.Hector",
                            "Sprite": "Characters/DN.Hector"
                        }
                    ]
                }
            }
        }
    ]
}