{
    "Changes": [
        {
            "LogName": "NPC Dispositions - Lorin",
            "Action": "EditData",
            "Target": "Data/Characters",
            "Entries": {
                "DN.Lorin": {
                    "DisplayName": "{{i18n:Lorin.Name}}",
                    "Gender": "Female",
                    "Age": "Adult",
                    "Manner": "Neutral",
                    "SocialAnxiety": "Shy",
                    "Optimism": "Neutral",
                    "BirthSeason": "Winter",
                    "BirthDay": 13,
                    "HomeRegion": "Town",
                    "CanBeRomanced": false,
                    //"LoveInterest": "",
                    "PerfectionScore": true,
                    "EndSlideShow": "TrailingGroup",
                    "SpawnIfMissing": true,
                    "SocialTab": "UnknownUntilMet",
                    "Calendar": "HiddenUntilMet",
                    "IntroductionsQuest": false,
                    "FlowerDanceCanDance": true,
                    "CanVisitIsland": false,
                    "WinterStarParticipant": false,
                    "IsDarkSkinned": false,
                    "ShakePortraits": [
                        99,
                        98
                    ],
                    "ItemDeliveryQuests": false,
                    /*"SpouseRoom": {
                        "MapAsset": "{{DN.LorinSpouseRoomOnOff}}"
                    },
                    "SpousePatio": {
                        "MapAsset": "{{DN.LorinSpousePatioOnOff}}"
                    */
                    "Home": [
                        {
                            "ID": "Lorin - Spawn",
                            "Location": "EastScarp_RangerTower",
                            "Tile": {
                                "X": 4,
                                "Y": 6
                            },
                            "Direction": "Down"
                        }
                    ],
                    "Appearance": [
                        // SPRING
                        {
                            "ID": "Default",
                            "Precedence": -10,
                            "Weight": 1,
                            "Portrait": "Portraits/DN.Lorin",
                            "Sprite": "Characters/DN.Lorin"
                        }
                    ]
                }
            }
        }
    ]
}