{
    "Changes": [
        {
            "LogName": "NPC Dispositions - Roslin",
            "Action": "EditData",
            "Target": "Data/Characters",
            "Entries": {
                "DN.Roslin": {
                    "DisplayName": "{{i18n:Roslin.Name}}",
                    "Gender": "Female",
                    "Age": "Adult",
                    "Manner": "Rude",
                    "SocialAnxiety": "Neutral",
                    "Optimism": "Negative",
                    "BirthSeason": "Spring",
                    "BirthDay": 26,
                    "HomeRegion": "Town",
                    "CanBeRomanced": false,
                    "LoveInterest": "VB_Dandelion",
                    "PerfectionScore": true,
                    "EndSlideShow": "TrailingGroup",
                    "SpawnIfMissing": true,
                    "SocialTab": "HiddenUntilMet",
                    "Calendar": "HiddenUntilMet",
                    "IntroductionsQuest": false,
                    "FlowerDanceCanDance": true,
                    "CanVisitIsland": false,
                    "WinterStarParticipant": false,
                    "IsDarkSkinned": false,
                    "ShakePortraits": [
                        99,
                        98
                    ],
                    "ItemDeliveryQuests": false,
                    "Home": [
                        {
                            "ID": "Roslin - Spawn",
                            "Location": "EastScarp_SorcererHouse",
                            "Tile": {
                                "X": 7,
                                "Y": 5
                            },
                            "Direction": "Left",
                        },
                    ],
                    "Appearance": [
                        // SPRING
                        {
                            "ID": "Default",
                            "Precedence": -10,
                            "Weight": 1,
                            "Portrait": "Portraits/DN.Roslin",
                            "Sprite": "Characters/DN.Roslin"
                        }
                    ]
                }
            }
        }
    ]
}