{
    "Changes": [
        {
            "LogName": "BookInside",
            "Action": "EditMap",
            "Target": "Maps/EastScarp_DruidTower",
            "MapTiles": [
                {
                    "Position": { "X": 10, "Y": 16 },
                    "Layer": "Back",
                  "SetProperties": {
                    "CustomCompanions": "Spawn 1 SnS.CC.DN.SnS.BookInside"
                  }
                }
            ],
            "Update": "OnLocationChange",
            "EnableFarmerCollision": true, 
            "TravelSpeed": 1, 
            "EnableShadow": true
        }
        
    ]
}

