{
  "Changes": [
    //MAP TILESHEET LOADS
    //Buildings
    {
      "LogName": "Loads Building Tilesheets",
      "Action": "Load",
      "Target": "Maps/spring_DN.SnS_FinalMixBuildings, Maps/summer_DN.SnS_FinalMixBuildings, Maps/fall_DN.SnS_FinalMixBuildings, Maps/winter_DN.SnS_FinalMixBuildings",
      "FromFile": "Assets/Tilesheets/Buildings/{{TargetWithoutPath}}.png"
    },
    //Interiors
    {
      "LogName": "Loads Interior Tilesheets",
      "Action": "Load",
      "Target": "Maps/DN.SnS_FinalMixInteriors, Maps/DN.SnS_LavaFall, Maps/DN.SnS_mine_backup, Maps/DN.SnS_mine_lava, Maps/DN.SnS_TreehouseInterior, Maps/DN.SnS_volcano_dungeon",
      "FromFile": "Assets/Tilesheets/Interiors/{{TargetWithoutPath}}.png"
    },
    //Exteriors
    {
      "LogName": "Loads Exterior Tilesheets",
      "Action": "Load",
      "Target": "Maps/spring_DN.SnS_FinalMixExteriors, Maps/summer_DN.SnS_FinalMixExteriors, Maps/fall_DN.SnS_FinalMixExteriors, Maps/winter_DN.SnS_FinalMixExteriors, Maps/spring_directwaterfalls_stoutgoi, Maps/summer_directwaterfalls_stoutgoi, Maps/fall_directwaterfalls_stoutgoi, Maps/winter_directwaterfalls_stoutgoi,",
      "FromFile": "Assets/Tilesheets/Exteriors/{{TargetWithoutPath}}.png"
    },
    //INTERIOR MAP LOADS
    {
      "Action": "Load",
      "Target": "Maps/EastScarp_ArtificerHouse, Maps/EastScarp_BardHouse, Maps/EastScarp_DruidTower, Maps/EastScarp_ThiefTreehouse, Maps/EastScarp_SorcererHouse, Maps/EastScarp_RangerTower",
      "FromFile": "Assets/Maps/{{TargetWithoutPath}}.tmx"
    },
    //EXTERIOR PATCH LOADS
    {
      "Action": "Load",
      "Target": "Patches/DN.SnS_ArtificerHouseExterior, Patches/DN.SnS_BardHouseExterior, Patches/DN.SnS_DeepMountainsNorthwest",
      "FromFile": "Assets/Patches/{{TargetWithoutPath}}.tmx"
    },
    //EAST SCARP: ARTIFICER HOUSE 
    // Exterior 
    {
      "LogName": "Artificer House - Exterior",
      "Action": "EditMap",
      "Target": "Maps/EastScarp_Village",
      "PatchMode": "Replace",
      "FromFile": "Assets/Patches/DN.SnS_ArtificerHouseExterior.tmx",
      "ToArea": {
        "X": 89,
        "Y": 85,
        "Width": 9,
        "Height": 12
      },
    },
    //Interior 
    {
      "LogName": "Artificer House - Interior",
      "Action": "EditData",
      "Target": "Data/Locations",
      "Entries": {
        "EastScarp_ArtificerHouse": {
          "DisplayName": "{{i18n:miscellaneous.mapname.artificerhouse}}",
          "CreateOnLoad": {
            "MapPath": "Maps/EastScarp_ArtificerHouse"
          },
          "DefaultArrivalTile": {
            "X": 11,
            "Y": 21
          },
          "ExcludeFromNpcPathfinding": false,
          "ArtifactSpots": [],
          "FishAreas": {},
          "Fish": [],
          "Forage": [],
          "CustomFields": {}
        }
      }
    },
    //EAST SCARP: BARD HOUSE
    //Exterior
    {
      "LogName": "Bard House - Exterior",
      "Action": "EditMap",
      "Target": "Maps/EastScarp_Village",
      "FromFile": "Assets/Patches/DN.SnS_BardHouseExterior.tmx",
      "ToArea": {
        "X": 49,
        "Y": 0,
        "Width": 17,
        "Height": 16
      },
    },
    //Interior
    {
      "LogName": "Bard House - Interior",
      "Action": "EditData",
      "Target": "Data/Locations",
      "Entries": {
        "EastScarp_HouseHouse": {
          "DisplayName": "{{i18n:miscellaneous.mapname.BardHouse}}",
          "CreateOnLoad": {
            "MapPath": "Maps/EastScarp_BardHouse"
          },
          "DefaultArrivalTile": {
            "X": 8,
            "Y": 17
          },
          "ExcludeFromNpcPathfinding": false,
          "ArtifactSpots": [],
          "FishAreas": {},
          "Fish": [],
          "Forage": [],
          "CustomFields": {}
        }
      }
    },
    //DEEP MOUNTAINS: DRUID TOWER, THIEF TREEHOUSE, SORCERER HOUSE 
    //Exterior: Druid Tower, Thief Treehouse, Sorcerer House 
    {
      "LogName": "Druid Tower, Thief Treehouse, Sorcerer House - Exteriors",
      "Action": "EditMap",
      "Target": "Maps/EastScarp_DeepMountains",
      "FromFile": "Assets/Patches/DN.SnS_DeepMountainsNorthwest.tmx",
      "ToArea": {
        "X": 0,
        "Y": 0,
        "Width": 50,
        "Height": 29
      },
    },
    //Interior: Druid Tower 
    {
      "LogName": "Druid Tower - Interior",
      "Action": "EditData",
      "Target": "Data/Locations",
      "Entries": {
        "EastScarp_DruidTower": {
          "DisplayName": "{{i18n:miscellaneous.mapname.DruidTower}}",
          "CreateOnLoad": {
            "MapPath": "Maps/EastScarp_DruidTower"
          },
          "DefaultArrivalTile": {
            "X": 14,
            "Y": 30
          },
          "ExcludeFromNpcPathfinding": false,
        }
      }
    },
    //Interior: Thief Treehouse 
    {
      "LogName": "Thief Treehouse - Interior",
      "Action": "EditData",
      "Target": "Data/Locations",
      "Entries": {
        "EastScarp_ThiefTreehouse": {
          "DisplayName": "{{i18n:miscellaneous.mapname.ThiefTreehouse}}",
          "CreateOnLoad": {
            "MapPath": "Maps/EastScarp_ThiefTreehouse"
          },
          "DefaultArrivalTile": {
            "X": 3,
            "Y": 6
          },
          "ExcludeFromNpcPathfinding": false,
        }
      }
    },
    //Interior: Sorcerer House 
    {
      "LogName": "Sorcerer House - Interior",
      "Action": "EditData",
      "Target": "Data/Locations",
      "Entries": {
        "EastScarp_SorcererHouse": {
          "DisplayName": "{{i18n:miscellaneous.mapname.SorcererHouse}}",
          "CreateOnLoad": {
            "MapPath": "Maps/EastScarp_SorcererHouse"
          },
          "DefaultArrivalTile": {
            "X": 5,
            "Y": 26
          },
          "ExcludeFromNpcPathfinding": false,
        }
      }
    },
    //COAST BEYOND: RANGER TOWER, DRAGOON CABIN 
    //Exterior: Ranger Tower, Dragoon Cabin
    /*
    {
      "LogName": "Ranger Tower, Dragoon Cabin - Exteriors",
      "Action": "EditMap",
      "Target": "Maps/EastScarp_CoastBeyond",
      "FromFile": "Assets/Patches/DN.SnS_CoastBeyond.tmx",
      "ToArea": {
        "X": 0,
        "Y": 0,
        "Width": 0,
        "Height": 0
      },
    },
    */
    //Interior: Ranger Tower  
    {
      "LogName": "Ranger Tower - Interior",
      "Action": "EditData",
      "Target": "Data/Locations",
      "Entries": {
        "EastScarp_RangerTower": {
          "DisplayName": "{{i18n:miscellaneous.mapname.RangerTower}}",
          "CreateOnLoad": {
            "MapPath": "Maps/EastScarp_RangerTower"
          },
          "DefaultArrivalTile": {
            "X": 6,
            "Y": 22
          },
          "ExcludeFromNpcPathfinding": false,
        }
      }
    },
    //Interior: Dragoon Cabin
    /*
    {
      "LogName": "Ranger Tower - Interior",
      "Action": "EditData",
      "Target": "Data/Locations",
      "Entries": {
        "EastScarp_DragoonCabin": {
          "DisplayName": "{{i18n:miscellaneous.mapname.DragoonCabin}}",
          "CreateOnLoad": {
            "MapPath": "Maps/EastScarp_DragoonCabin"
          },
          "DefaultArrivalTile": {
            "X": 0,
            "Y": 0
          },
          "ExcludeFromNpcPathfinding": false,
        }
      }
    },
  */ 
  ]
}