{
    "Changes": [
        {
            "LogName": "Deep Dark Dungeon Maps",
            "Action": "Load",
            "Target": "Maps/DeepDark1, Maps/DeepDark2, Maps/DeepDark3, Maps/DeepDark4, Maps/DeepDark5, Maps/DeepDark6, Maps/DeepDark7, Maps/DeepDark8, Maps/DeepDark9, Maps/DeepDark10, Maps/DeepDark11, Maps/DeepDark12, Maps/DeepDark13, Maps/DeepDark14, Maps/DeepDark15, Maps/DeepDark16, Maps/DeepDark17, Maps/DeepDark18, Maps/DeepDark19, Maps/DeepDark20, Maps/DeepDarkMushroomEntrance",
            "FromFile": "Assets/Maps/DeepDark/Floors/{{TargetWithoutPath}}.tmx"
        },
        {
            "LogName": "Deep Dark Location (Dungeon Placeholder)",
            "Action": "EditData",
            "Target": "Data/Locations",
            "Entries": {
                "EastScarp_DeepDarkDungeon": {
                    "DisplayName": "{{i18n:miscellaneous.mapname.DeepDarkLv0}}",
                    "ExcludeFromNpcPathfinding": true,
                    "ArtifactSpots": [],
                    "FishAreas": {},
                    "Fish": [],
                    "Forage": [],
                    "CustomFields": {}
                }
            }
        },
        {
            "LogName": "Deep Dark Chest",
            "Action": "EditData",
            "Target": "Data/BigCraftables",
            "Entries": {
                "{{ModID}}_DeepDarkChest": {
                    "Name": "Deep Dark Chest",
                    "DisplayName": "{{i18n: deep-dark-chest.name}}",
                    "Description": "{{i18n: deep-dark-chest.description}}",
                    "Price": 0,
                    "Fragility": 0,
                    "CanBePlacedOutdoors": true,
                    "CanBePlacedIndoors": true,
                    "IsLamp": false,
                    "Texture": "{{InternalAssetKey: assets/Items & Crops/DeepDark_Treasure.png}}",
                    "SpriteIndex": 0,
                    "ContextTags": null,
                    "CustomFields": null
                },
            }
        },
        {
            "LogName": "Deep Dark Stones/Items",
            "Action": "EditData",
            "Target": "Data/Objects",
            "Entries": {
                "{{ModID}}_StygiumOreStone": {
                    "Name": "Stone",
                    "DisplayName": "Deep Dark Ore",
                    "Description": "You shouldn't have this",
                    "Type": "Litter",
                    "Category": -999,
                    "Price": 0,
                    "Texture": "{{InternalAssetKey: Assets/Maps/DeepDark-rocks.png}}",
                    "SpriteIndex": 35,
                    "Edibility": -300,
                },
                "{{ModID}}_StygiumOre": {
                  "Name": "Stygium Ore",
                  "DisplayName": "{{i18n: object.stygium-ore.name}}",
                  "Description": "{{i18n: object.stygium-ore.description}}",
                  "Type": "Basic",
                  "Category": -15,
                  "Price": 500,
                  "Texture": "{{InternalAssetKey: assets/Items & Crops/SnSObjects.png}}",
                  "SpriteIndex": 100,
                  "ExcludeFromRandomSale": true,
                  "ContextTags": [
                    "color_blue",
                    "ore_item",
                    "use_reverse_name_for_sorting"
                  ],
                },
                "{{ModID}}_StygiumBar": {
                    "Name": "Stygium Bar",
                    "DisplayName": "{{i18n: object.stygium-bar.name}}",
                    "Description": "{{i18n: object.stygium-bar.description}}",
                    "Type": "Basic",
                    "Category": -15,
                    "Price": 5000,
                    "Texture": "{{InternalAssetKey: assets/Items & Crops/SnSObjects.png}}",
                    "SpriteIndex": 99,
                    "ExcludeFromRandomSale": true,
                    "ContextTags": [
                      "color_blue",
                      "furnace_item",
                      "use_reverse_name_for_sorting"
                    ],
                },
                "{{ModID}}_DuskspireHeart": {
                    "Name": "Duskspire Heart",
                    "DisplayName": "{{i18n: object.duskspire-heart.name}}",
                    "Description": "{{i18n: object.duskspire-heart.description}}",
                    "Type": "Basic",
                    "Category": -28,
                    "Price": 2500,
                    "Texture": "{{InternalAssetKey: assets/Items & Crops/SnSObjects.png}}",
                    "SpriteIndex": 120,
                    "ExcludeFromRandomSale": true,
                },
            }
        },
        {
            "LogName": "Deep Dark Smelting",
            "Action": "EditData",
            "Target": "Data/Machines",
            "TargetField": [ "(BC)13", "OutputRules" ],
            "Entries": {
                "{{ModID}}_StygiumBar": {
                  "Triggers": [
                    {
                      "RequiredItemId": "(O){{ModID}}_StygiumOre",
                      "RequiredCount": 5,
                    }
                  ],
                  "OutputItem": [
                    {
                      "Id": "(O){{ModID}}_StygiumBar",
                      "ItemId": "(O){{ModID}}_StygiumBar",
                    }
                  ],
                  "MinutesUntilReady": 720,
                }
            }
        },
        {
            "LogName": "Deep Dark Smelting (Heavy)",
            "Action": "EditData",
            "Target": "Data/Machines",
            "TargetField": [ "(BC)HeavyFurnace", "OutputRules" ],
            "Entries": {
                "{{ModID}}_StygiumBar": {
                  "Triggers": [
                    {
                      "RequiredItemId": "(O){{ModID}}_StygiumOre",
                      "RequiredCount": 25,
                    }
                  ],
                  "OutputItem": [
                    {
                      "Id": "(O){{ModID}}_StygiumBar",
                      "ItemId": "(O){{ModID}}_StygiumBar",
                      "MinStack": 5,
                      "MaxStack": 6,
                    }
                  ],
                  "MinutesUntilReady": 720,
                }
            }
        },
        {
            "LogName": "Deep Dark Monster Stats",
            "Action": "EditData",
            "Target": "Data/Monsters",
            "Entries": {
                // "health/damage/_/_/_/_/drops/defense/_/_/speed/_/_/exp/name"
                "Stygium Crab": "2750/20/0/0/false/0/732 .5 386 .5 386 .5 386 .5/5/0/1/4/.0/true/30/Stygium Crab",
                "Stygium Skeleton": "3250/20/1/3/false/0/769 .25 105 .03 106 .03 166 .001 60 .04 232 .04 72 .03 74 .01 97 .005 99 .001/3/0/5/3/.0/true/25/Stygium Skeleton",
                "Stygium Party Skeleton": "12500/35/1/3/false/0/769 .25 105 .03 106 .03 166 .001 60 .04 232 .04 72 .03 74 .01 97 .005 99 .001/10/0/5/3/.0/true/150/Stygium Party Skeleton",
                "Stygium Rex": "4250/25/0/0/false/1000/80 0/8/.01/3/3/.0/true/12/Iridium Rex",
                "Stygium Golem": "2500/15/0/0/false/1000/771 .9 771 .5 770 .5 382 .1 86 .005 72 .001/3/.01/3/3/.00/true/10/Stygium Golem",
                "Stygium Golem (Blue)": "2500/15/0/0/false/1000/771 .9 771 .5 770 .5 382 .1 86 .005 72 .001/3/.01/3/3/.00/true/10/Stygium Golem (Blue)",
                "Stygium Bat": "3250/35/0/0/true/1000/386 .9 386 .5 386 .25 386 .1 288 .05 768 .5 773 .05 349 .05 787 .05 337 .008/3/.01/4/4/.00/true/30/Stygium Bat",
                "Stygium Miner": "3500/30/1/3/false/0/769 .25 105 .03 106 .03 166 .001 60 .04 232 .04 72 .03 74 .01 97 .005 99 .001/3/0/5/3/.0/true/25/Stygium Miner",
                "Stygium Head": "2500/25/0/0/false/2000/768 .65 378 .1 378 .1 380 .1 380 .1 382 .1 98 .005 99 .001/20/.01/8/3/.0/true/15/Stygium Head",
                "Stygium Skull": "4000/40/0/0/true/1000/386 .9 386 .5 386 .25 386 .1 288 .05 768 .5 773 .05 349 .05 787 .05 337 .008/5/.01/4/5/.00/true/30/Stygium Skull",
                "Stygium False Mushroom": "3125/25/0/0/false/0/851 .99 848 .5 848 .2/6/0/1/4/.0/true/20/Stygium False Mushroom",
                "Stygium Miner Mage": "2500/10/0/2/false/2000/80 0/2/.01/8/3/.0/true/15/Stygium Miner Mage",
                "Stygium Serpent": "2250/33/0/2/true/1000/769 .99 769 .15 287 .15 226 .06 446 .008 74 .001/0/.01/13/3/.0/true/30/Stygium Serpent",
                "Duskspire Behemoth": "10000/35/1/3/false/0//20/0/5/3/.0/true/250/Duskspire Behemoth",
                "Duskspire Remnant": "6500/25/1/3/false/0//10/0/5/3/.0/true/100/Duskspire Remnant",
            }
        },
        {
            "LogName": "Deep Dark Spawnable Definitions",
            "Action": "EditData",
            "Target": "spacechase0.SpaceCore/SpawnableDefinitions",
            "Entries": {
                // Minables
                "{{ModID}}_SpawnDeepDark_Minable_StygiumOre": {
                    "Type": "Minable",
                    "MinableTool": "Pickaxe",
                    "MinableObjectId": "{{ModID}}_StygiumOreStone",
                    "MineableHealth": 32,
                    "MinableDrops": [
                        [
                            {
                                "Weight": 1.0,
                                "Value": {
                                    "ItemId": "(O){{ModID}}_StygiumOre",
                                    "MinStack": 1,
                                    "MaxStack": 3,
                                }
                            }
                        ]
                    ],
                    "MinableExperienceGranted": 23,
                },
                "{{ModID}}_SpawnDeepDark_Minable_Stone1": {
                    "Type": "Minable",
                    "MinableTool": "Pickaxe",
                    "MinableObjectId": "845",
                    "MineableHealth": 9,
                    "MinableDrops": [
                        [
                            {
                                "Weight": 1.0,
                                "Value": {
                                    "ItemId": "(O)390",
                                    "MinStack": 1,
                                    "MaxStack": 3,
                                }
                            }
                        ]
                    ],
                    "MinableExperienceGranted": 3,
                },
                "{{ModID}}_SpawnDeepDark_Minable_Stone2": {
                    "Type": "Minable",
                    "MinableTool": "Pickaxe",
                    "MinableObjectId": "847",
                    "MineableHealth": 9,
                    "MinableDrops": [
                        [
                            {
                                "Weight": 1.0,
                                "Value": {
                                    "ItemId": "(O)390",
                                    "MinStack": 1,
                                    "MaxStack": 3,
                                }
                            }
                        ]
                    ],
                    "MinableExperienceGranted": 3,
                },
                // Large Minables
                "{{ModID}}_SpawnDeepDark_LargeMinable_BigStone": {
                    "Type": "LargeMinable",
                    "LargeMinableTool": "Pickaxe",
                    "LargeMinableHealth": 15,
                    "LargeMinableSizeX": 2,
                    "LargeMinableSizeY": 2,
                    "LargeMinableTexture": "{{InternalAssetKey: Assets/Maps/DeepDark-rocks.png}}",
                    "LargeMinableSpriteIndex": 2,
                    "LargeMinableDrops": [
                        [
                            {
                                "Weight": 1.0,
                                "Value": {
                                    "ItemId": "(O)390",
                                    "MinStack": 7,
                                    "MaxStack": 25
                                }
                            }
                        ],
                    ],
                    "LargeMinableExperienceGranted": 10,
                },
                // Forage
                "{{ModID}}_SpawnDeepDark_Forage_Mushrooms": {
                    "Type": "Forageable",
                    "ForageableItemData": [
                        {
                            "Weight": 1.0,
                            "Value": { "ItemId": "(O){{ModID}}_mushroom1" }
                        },
                        {
                            "Weight": 1.0,
                            "Value": { "ItemId": "(O){{ModID}}_mushroom2" }
                        },
                        {
                            "Weight": 1.0,
                            "Value": { "ItemId": "(O){{ModID}}_mushroom3" }
                        },
                        {
                            "Weight": 1.0,
                            "Value": { "ItemId": "(O){{ModID}}_mushroom4" }
                        }
                    ],
                    "ForageableExperienceGranted": 10,
                },
                "{{ModID}}_SpawnDeepDark_Forage_OtherTainted": {
                    "Type": "Forageable",
                    "ForageableItemData": [
                        {
                            "Weight": 1.0,
                            "Value": { "ItemId": "(O){{ModID}}_taintedcorn" }
                        },
                        {
                            "Weight": 1.0,
                            "Value": { "ItemId": "(O){{ModID}}_taintedgrasses" }
                        },
                        {
                            "Weight": 1.0,
                            "Value": { "ItemId": "(O){{ModID}}_taintedcrocus" }
                        }
                    ],
                    "ForageableExperienceGranted": 10,
                },
                // Tree
                "{{ModID}}_SpawnDeepDark_Tree_Mushroom": {
                    "Type": "WildTree",
                    "WildTreeType": "{{ModID}}_stygiummushroomtree",
                },
                // Loots chests
                "{{ModID}}_SpawnDeepDark_LootChest": {
                    "Type": "LootChest",
                    "LootChestBigCraftableId": "{{ModID}}_DeepDarkChest",
                    "LootChestDrops": [
                        [
                            {
                                "Weight": 1.0,
                                "Value": { "ItemID": "(W){{ModID}}_StygiumBlade" }
                            }
                        ]
                    ]
                },
                // Monsters
                "{{ModID}}_SpawnDeepDark_Monster_RockCrab": {
                    "Type": "Monster",
                    "MonsterType": "RockCrab",
                    "MonsterName": "Stygium Crab",
                    "MonsterTextureOverride": "{{InternalAssetKey: Assets/Maps/DeepDark/Monsters/Iridium Blue Crab.png}}",
                    "MonsterAdditionalData": {}
                },
                "{{ModID}}_SpawnDeepDark_Monster_Skeleton": {
                    "Type": "Monster",
                    "MonsterType": "Skeleton",
                    "MonsterName": "Stygium Skeleton",
                    "MonsterTextureOverride": "{{InternalAssetKey: Assets/Maps/DeepDark/Monsters/Iridium_skeleton.png}}",
                    "MonsterAdditionalData": {}
                },
                "{{ModID}}_SpawnDeepDark_Monster_Skeleton_Rare": {
                    "Type": "Monster",
                    "MonsterType": "Skeleton",
                    "MonsterName": "Stygium Party Skeleton",
                    "MonsterTextureOverride": "{{InternalAssetKey: Assets/Maps/DeepDark/Monsters/Iridium_skeleton_partyhat.png}}",
                    "MonsterAdditionalData": {}
                },
                "{{ModID}}_SpawnDeepDark_Monster_Dino": {
                    "Type": "Monster",
                    "MonsterType": "DinoMonster",
                    "MonsterName": "Stygium Rex",
                    "MonsterTextureOverride": "{{InternalAssetKey: Assets/Maps/DeepDark/Monsters/Iridium Rex.png}}",
                    "MonsterAdditionalData": {}
                },
                "{{ModID}}_SpawnDeepDark_Monster_Golem": {
                    "Type": "Monster",
                    "MonsterType": "RockGolem",
                    "MonsterName": "Stygium Golem",
                    "MonsterTextureOverride": "{{InternalAssetKey: Assets/Maps/DeepDark/Monsters/Iridium Golem.png}}",
                    "MonsterAdditionalData": {}
                },
                "{{ModID}}_SpawnDeepDark_Monster_Golem_Blue": {
                    "Type": "Monster",
                    "MonsterType": "RockGolem",
                    "MonsterName": "Stygium Golem (Blue)",
                    "MonsterTextureOverride": "{{InternalAssetKey: Assets/Maps/DeepDark/Monsters/Iridium Golem Blue.png}}",
                    "MonsterAdditionalData": {}
                },
                "{{ModID}}_SpawnDeepDark_Monster_Bat": {
                    "Type": "Monster",
                    "MonsterType": "Bat",
                    "MonsterName": "Stygium Bat",
                    "MonsterTextureOverride": "{{InternalAssetKey: Assets/Maps/DeepDark/Monsters/Iridium Bat.png}}",
                    "MonsterAdditionalData": {}
                },
                "{{ModID}}_SpawnDeepDark_Monster_Skeleton_Miner": {
                    "Type": "Monster",
                    "MonsterType": "Skeleton",
                    "MonsterName": "Stygium Miner",
                    "MonsterTextureOverride": "{{InternalAssetKey: Assets/Maps/DeepDark/Monsters/Skeleton_Miner.png}}",
                    "MonsterAdditionalData": {}
                },
                "{{ModID}}_SpawnDeepDark_Monster_MetalHead": {
                    "Type": "Monster",
                    "MonsterType": "MetalHead",
                    "MonsterName": "Stygium Head",
                    "MonsterTextureOverride": "{{InternalAssetKey: Assets/Maps/DeepDark/Monsters/Iridium Metal Head.png}}",
                    "MonsterAdditionalData": {}
                },
                "{{ModID}}_SpawnDeepDark_Monster_Bat_HauntedSkull": {
                    "Type": "Monster",
                    "MonsterType": "Bat",
                    "MonsterName": "Stygium Skull",
                    "MonsterTextureOverride": "{{InternalAssetKey: Assets/Maps/DeepDark/Monsters/Haunted Skull_dangerous.png}}",
                    "MonsterAdditionalData": {}
                },
                "{{ModID}}_SpawnDeepDark_Monster_RockCrab_Mushroom": {
                    "Type": "Monster",
                    "MonsterType": "RockCrab",
                    "MonsterName": "Stygium False Mushroom",
                    "MonsterTextureOverride": "{{InternalAssetKey: Assets/Maps/DeepDark/Monsters/False Mushroom.png}}",
                    "MonsterAdditionalData": {}
                },
                "{{ModID}}_SpawnDeepDark_Monster_Skeleton_MinerMage": {
                    "Type": "Monster",
                    "MonsterType": "Skeleton",
                    "MonsterName": "Stygium Miner Mage",
                    "MonsterTextureOverride": "{{InternalAssetKey: Assets/Maps/DeepDark/Monsters/Skeleton_Miner_Mage.png}}",
                    "MonsterAdditionalData": { "IsMage": true }
                },
                "{{ModID}}_SpawnDeepDark_Monster_Serpent": {
                    "Type": "Monster",
                    "MonsterType": "Serpent",
                    "MonsterName": "Stygium Serpent",
                    "MonsterTextureOverride": "{{InternalAssetKey: Assets/Maps/DeepDark/Monsters/Iridium Serpent.png}}",
                    //"MonsterAdditionalData": { "SegmentCount": 4 }
                },
            }
        },
        {
            "LogName": "Deep Dark Spawning Groups",
            "Action": "EditData",
            "Target": "spacechase0.SpaceCore/SpawningGroups",
            "Entries": {
                "{{ModID}}_DeepDarkSpawns_Common": {
                    "SpawnablesToSpawn": [
                        {
                            "SpawnableIds": [
                                {
                                    "Weight": 0.2,
                                    "Value": "{{ModID}}_SpawnDeepDark_Minable_StygiumOre"
                                },
                                {
                                    "Weight": 1.0,
                                    "Value": "{{ModID}}_SpawnDeepDark_Minable_Stone2"
                                },
                                {
                                    "Weight": 1.0,
                                    "Value": "{{ModID}}_SpawnDeepDark_Minable_Stone1"
                                },
                            ],
                            "Minimum": 12,
                            "Maximum": 54,
                        },
                        {
                            "SpawnableIds": [
                                {
                                    "Weight": 0.1,
                                    "Value": "{{ModID}}_SpawnDeepDark_LargeMinable_BigStone"
                                },
                            ],
                            "Minimum": -4, // Trick to make none spawning more common
                            "Maximum": 3,
                        },
                        {
                            "SpawnableIds": [
                                {
                                    "Weight": 0.1,
                                    "Value": "{{ModID}}_SpawnDeepDark_LootChest"
                                },
                            ],
                            "Minimum": -148,
                            "Maximum": 1,
                        }
                    ]
                },
                "{{ModID}}_DeepDarkSpawns_Dark": {
                    "SpawnablesToSpawn": [
                        {
                            "SpawnableIds": [
                                {
                                    "Weight": 1.0,
                                    "Value": "{{ModID}}_SpawnDeepDark_Monster_RockCrab"
                                },
                                {
                                    "Weight": 1.0,
                                    "Value": "{{ModID}}_SpawnDeepDark_Monster_Skeleton"
                                },
                                {
                                    "Weight": 0.05,
                                    "Value": "{{ModID}}_SpawnDeepDark_Monster_Skeleton_Rare"
                                },
                                {
                                    "Weight": 1.0,
                                    "Value": "{{ModID}}_SpawnDeepDark_Monster_Dino"
                                },
                                {
                                    "Weight": 1.0,
                                    "Value": "{{ModID}}_SpawnDeepDark_Monster_Golem"
                                },
                                {
                                    "Weight": 1.0,
                                    "Value": "{{ModID}}_SpawnDeepDark_Monster_Golem_Blue"
                                },
                                {
                                    "Weight": 3.0,
                                    "Value": "{{ModID}}_SpawnDeepDark_Monster_Bat"
                                },
                                {
                                    "Weight": 3.0,
                                    "Value": "{{ModID}}_SpawnDeepDark_Monster_Skeleton_Miner"
                                },
                                {
                                    "Weight": 3.0,
                                    "Value": "{{ModID}}_SpawnDeepDark_Monster_MetalHead"
                                }
                            ],
                            "Minimum": 15,
                            "Maximum": 30,
                        },
                        {
                            "SpawnableIds": [
                                {
                                    "Weight": 1.0,
                                    "Value": "{{ModID}}_SpawnDeepDark_Forage_OtherTainted"
                                },
                            ],
                            "Minimum": -5,
                            "Maximum": 5,
                        }
                    ]
                },
                "{{ModID}}_DeepDarkSpawns_Mushrooms": {
                    "SpawnablesToSpawn": [
                        {
                            "SpawnableIds": [
                                {
                                    "Weight": 1.0,
                                    "Value": "{{ModID}}_SpawnDeepDark_Monster_RockCrab"
                                },
                                {
                                    "Weight": 1.0,
                                    "Value": "{{ModID}}_SpawnDeepDark_Monster_Skeleton"
                                },
                                {
                                    "Weight": 0.05,
                                    "Value": "{{ModID}}_SpawnDeepDark_Monster_Skeleton_Rare"
                                },
                                {
                                    "Weight": 1.0,
                                    "Value": "{{ModID}}_SpawnDeepDark_Monster_Dino"
                                },
                                {
                                    "Weight": 1.0,
                                    "Value": "{{ModID}}_SpawnDeepDark_Monster_Golem"
                                },
                                {
                                    "Weight": 1.0,
                                    "Value": "{{ModID}}_SpawnDeepDark_Monster_Golem_Blue"
                                },
                                {
                                    "Weight": 3.0,
                                    "Value": "{{ModID}}_SpawnDeepDark_Monster_Bat_HauntedSkull"
                                },
                                {
                                    "Weight": 1.0,
                                    "Value": "{{ModID}}_SpawnDeepDark_Monster_RockCrab_Mushroom"
                                },
                                {
                                    "Weight": 3.0,
                                    "Value": "{{ModID}}_SpawnDeepDark_Monster_Skeleton_MinerMage"
                                },
                                {
                                    "Weight": 3.0,
                                    "Value": "{{ModID}}_SpawnDeepDark_Monster_Serpent"
                                }
                            ],
                            "Minimum": 20,
                            "Maximum": 35,
                        },
                        {
                            "SpawnableIds": [
                                {
                                    "Weight": 1.0,
                                    "Value": "{{ModID}}_SpawnDeepDark_Tree_Mushroom"
                                },
                            ],
                            "Minimum": -2,
                            "Maximum": 4,
                        },
                        {
                            "SpawnableIds": [
                                {
                                    "Weight": 1.0,
                                    "Value": "{{ModID}}_SpawnDeepDark_Forage_Mushroom"
                                },
                            ],
                            "Minimum": -10,
                            "Maximum": 4,
                        }
                    ]
                }
            }
        },
        {
            "LogName": "Deep Dark Spawning Trigger Actions",
            "Action": "EditData",
            "Target": "Data/TriggerActions",
            "Entries": {
                "{{ModID}}_SpawnDeepDarkStuff_Dark": {
                    "Id": "{{ModID}}_SpawnDeepDarkStuff_Dark",
                    "Trigger": "Manual",
                    "MarkActionApplied": false, // Important to make sure this will happen every time you go to the level
                    "HostOnly": true, // Important for multiplayer support
                    "Actions": [
                        "spacechase0.SpaceCore_TriggerSpawnGroup {{ModID}}_DeepDarkSpawns_Common Target",
                        "spacechase0.SpaceCore_TriggerSpawnGroup {{ModID}}_DeepDarkSpawns_Dark Target"
                    ]
                },
                "{{ModID}}_SpawnDeepDarkStuff_Mushrooms": {
                    "Id": "{{ModID}}_SpawnDeepDarkStuff_Mushrooms",
                    "Trigger": "Manual",
                    "MarkActionApplied": false, // Important to make sure this will happen every time you go to the level
                    "HostOnly": true, // Important for multiplayer support
                    "Actions": [
                        "spacechase0.SpaceCore_TriggerSpawnGroup {{ModID}}_DeepDarkSpawns_Common Target",
                        "spacechase0.SpaceCore_TriggerSpawnGroup {{ModID}}_DeepDarkSpawns_Mushrooms Target"
                    ]
                }
            }
        },
        {
            "LogName": "Deep Dark Dungeon Data",
            "Action": "EditData",
            "Target": "spacechase0.SpaceCore/Dungeons",
            "Entries": {
                "{{ModID}}_DeepDark": {
                    "Regions": {
                        "Dark": {
                            "LevelRange": { "Begin": 1, "End": 9 },
                            "MapPool": [
                                { "Weight": 1.0, "Value": "Maps/DeepDark1" },
                                { "Weight": 1.0, "Value": "Maps/DeepDark2" },
                                { "Weight": 1.0, "Value": "Maps/DeepDark3" },
                                { "Weight": 1.0, "Value": "Maps/DeepDark4" },
                                { "Weight": 1.0, "Value": "Maps/DeepDark6" },
                                { "Weight": 1.0, "Value": "Maps/DeepDark7" },
                                { "Weight": 1.0, "Value": "Maps/DeepDark8" },
                                { "Weight": 1.0, "Value": "Maps/DeepDark9" },
                                { "Weight": 1.0, "Value": "Maps/DeepDark10" },
                            ],
                            "TriggerActionsOnEntry": [
                                "{{ModID}}_SpawnDeepDarkStuff_Dark",
                            ],
                            "LocationDataEntry": "EastScarp_DeepDarkDungeon",
                        },
                        "DarkMushroomTransition": {
                            "LevelRange": { "Begin": 10, "End": 10 },
                            "MapPool": [
                                { "Weight": 1.0, "Value": "Maps/DeepDarkMushroomEntrance" },
                            ],
                            "TriggerActionsOnEntry": [
                                "{{ModID}}_SpawnDeepDarkStuff_Mushrooms",
                            ],
                            "LocationDataEntry": "EastScarp_DeepDarkDungeon",
                        },
                        "Mushrooms": {
                            "LevelRange": { "Begin": 11, "End": 20 },
                            "MapPool": [
                                { "Weight": 1.0, "Value": "Maps/DeepDark11" },
                                { "Weight": 1.0, "Value": "Maps/DeepDark12" },
                                { "Weight": 1.0, "Value": "Maps/DeepDark13" },
                                { "Weight": 1.0, "Value": "Maps/DeepDark14" },
                                { "Weight": 1.0, "Value": "Maps/DeepDark15" },
                                { "Weight": 1.0, "Value": "Maps/DeepDark16" },
                                { "Weight": 1.0, "Value": "Maps/DeepDark17" },
                                { "Weight": 1.0, "Value": "Maps/DeepDark18" },
                                { "Weight": 1.0, "Value": "Maps/DeepDark19" },
                                { "Weight": 1.0, "Value": "Maps/DeepDark20" },
                            ],
                            "TriggerActionsOnEntry": [
                                "{{ModID}}_SpawnDeepDarkStuff_Mushrooms",
                            ],
                            "LocationDataEntry": "EastScarp_DeepDark",
                        },
                        "DuskspireLairEntrance": {
                            "LevelRange": { "Begin": 21, "End": 21 },
                            "MapPool": [
                                { "Weight": 1.0, "Value": "Maps/DeepDark5" },
                            ],
                            "TriggerActionsOnEntry": [
                            ],
                            "LocationDataEntry": "EastScarp_DeepDarkDungeon",
                        },
                    },
                    "LadderExitLocation": "EastScarp_DeepDarkEntrance",
                    "LadderExitTile": "17, 8",
                    "ElevatorExitLocation": "EastScarp_DeepDarkEntrance",
                    "ElevatorExitTile": "16, 8",
                    "FloorsWithElevator": [ 5, 10, 15, 20 ],
                    "SpawnsLadders": false,
                    "SpawnsMineshafts": false,
                }
            }
        },
        {
            "LogName": "Stygium Poisoning",
            "Action": "EditData",
            "Target": "spacechase0.SpaceCore/WearableData",
            "Entries": {
                "(O){{ModID}}_StygiumOre": {
                    "BuffIdToApply": "{{ModID}}_StygiumPoisoning",
                },
                "(O){{ModID}}_StygiumBar": {
                    "BuffIdToApply": "{{ModID}}_StygiumPoisoning",
                },
                "(T){{ModID}}_StygiumHoe": {
                    "BuffIdToApply": "{{ModID}}_StygiumPoisoning",
                },
                "(T){{ModID}}_StygiumPickaxe": {
                    "BuffIdToApply": "{{ModID}}_StygiumPoisoning",
                },
                "(T){{ModID}}_StygiumAxe": {
                    "BuffIdToApply": "{{ModID}}_StygiumPoisoning",
                },
                "(T){{ModID}}_StygiumWateringCan": {
                    "BuffIdToApply": "{{ModID}}_StygiumPoisoning",
                },
                "(W){{ModID}}_StygiumBlade": {
                    "BuffIdToApply": "{{ModID}}_StygiumPoisoning",
                }
            }
        },
        {
            "LogName": "Stygium Poisoning Buff",
            "Action": "EditData",
            "Target": "Data/Buffs",
            "Entries": {
                "{{ModID}}_StygiumPoisoning": {
                    "DisplayName": "{{i18n:buff.stygium-poisoning}}",
                    "IconTexture": "TileSheets\\BuffsIcons",
                    "IconSpriteIndex": 26,
                    "CustomFields": { "spacechase0.SpaceCore/HealthRegeneration": -2 },
                }
            }
        },
        {
            "LogName": "Stygium and Blessed Tools",
            "Action": "EditData",
            "Target": "Data/Tools",
            "Entries": {
                "{{ModID}}_StygiumHoe": {
                    "ClassName": "Hoe",
                    "Name": "Stygium Hoe",
                    "SalePrice": 35000,
                    "DisplayName": "{{i18n: tool.stygium-hoe.name}}",
                    "Description": "{{i18n: tool.stygium-hoe.description}}",
                    "Texture": "{{InternalAssetKey: assets/Items & Crops/StygiumTools.png}}",
                    "SpriteIndex": 6,
                    "MenuSpriteIndex": 17,
                    "UpgradeLevel": 5,
                    "UpgradeFrom": [{
                        "RequireToolId": "(T)IridiumHoe",
                        "Price": 35000,
                        "TradeItemId": "(O){{ModID}}_StygiumBar",
                        "TradeItemAmount": 5
                    }]
                },
                "{{ModID}}_StygiumPickaxe": {
                    "ClassName": "Pickaxe",
                    "Name": "Stygium Pickaxe",
                    "SalePrice": 35000,
                    "DisplayName": "{{i18n: tool.stygium-pickaxe.name}}",
                    "Description": "{{i18n: tool.stygium-pickaxe.description}}",
                    "Texture": "{{InternalAssetKey: assets/Items & Crops/StygiumTools.png}}",
                    "SpriteIndex": 18,
                    "MenuSpriteIndex": 29,
                    "UpgradeLevel": 5,
                    "UpgradeFrom": [{
                        "RequireToolId": "(T)IridiumPickaxe",
                        "Price": 35000,
                        "TradeItemId": "(O){{ModID}}_StygiumBar",
                        "TradeItemAmount": 5
                    }]
                },
                "{{ModID}}_StygiumAxe": {
                    "ClassName": "Axe",
                    "Name": "Stygium Axe",
                    "SalePrice": 35000,
                    "DisplayName": "{{i18n: tool.stygium-axe.name}}",
                    "Description": "{{i18n: tool.stygium-axe.description}}",
                    "Texture": "{{InternalAssetKey: assets/Items & Crops/StygiumTools.png}}",
                    "SpriteIndex": 30,
                    "MenuSpriteIndex": 41,
                    "UpgradeLevel": 5,
                    "UpgradeFrom": [{
                        "RequireToolId": "(T)IridiumAxe",
                        "Price": 35000,
                        "TradeItemId": "(O){{ModID}}_StygiumBar",
                        "TradeItemAmount": 5
                    }]
                },
                "{{ModID}}_StygiumWateringCan": {
                    "ClassName": "WateringCan",
                    "Name": "Stygium Watering Can",
                    "SalePrice": 35000,
                    "DisplayName": "{{i18n: tool.stygium-watering-can.name}}",
                    "Description": "{{i18n: tool.stygium-watering-can.description}}",
                    "Texture": "{{InternalAssetKey: assets/Items & Crops/StygiumTools.png}}",
                    "SpriteIndex": 42,
                    "MenuSpriteIndex": 50,
                    "UpgradeLevel": 5,
                    "UpgradeFrom": [{
                        "RequireToolId": "(T)IridiumWateringCan",
                        "Price": 35000,
                        "TradeItemId": "(O){{ModID}}_StygiumBar",
                        "TradeItemAmount": 5
                    }]
                },
                "{{ModID}}_BlessedHoe": {
                    "ClassName": "Hoe",
                    "Name": "Blessed Hoe",
                    "SalePrice": 50000,
                    "DisplayName": "{{i18n: tool.blessed-hoe.name}}",
                    "Description": "{{i18n: tool.blessed-hoe.description}}",
                    "Texture": "{{InternalAssetKey: assets/Items & Crops/BlessedTools.png}}",
                    "SpriteIndex": 6,
                    "MenuSpriteIndex": 17,
                    "UpgradeLevel": 6,
                    "UpgradeFrom": [{
                        "RequireToolId": "(T){{ModID}}_StygiumHoe",
                        "Price": 50000,
                        "TradeItemId": "(O){{ModID}}_DuskspireHeart",
                        "TradeItemAmount": 1
                    }]
                },
                "{{ModID}}_BlessedPickaxe": {
                    "ClassName": "Pickaxe",
                    "Name": "Blessed Pickaxe",
                    "SalePrice": 50000,
                    "DisplayName": "{{i18n: tool.blessed-pickaxe.name}}",
                    "Description": "{{i18n: tool.blessed-pickaxe.description}}",
                    "Texture": "{{InternalAssetKey: assets/Items & Crops/BlessedTools.png}}",
                    "SpriteIndex": 18,
                    "MenuSpriteIndex": 29,
                    "UpgradeLevel": 6,
                    "UpgradeFrom": [{
                        "RequireToolId": "(T){{ModID}}_StygiumPickaxe",
                        "Price": 50000,
                        "TradeItemId": "(O){{ModID}}_DuskspireHeart",
                        "TradeItemAmount": 1
                    }]
                },
                "{{ModID}}_BlessedAxe": {
                    "ClassName": "Axe",
                    "Name": "Blessed Axe",
                    "SalePrice": 50000,
                    "DisplayName": "{{i18n: tool.blessed-axe.name}}",
                    "Description": "{{i18n: tool.blessed-axe.description}}",
                    "Texture": "{{InternalAssetKey: assets/Items & Crops/BlessedTools.png}}",
                    "SpriteIndex": 30,
                    "MenuSpriteIndex": 41,
                    "UpgradeLevel": 6,
                    "UpgradeFrom": [{
                        "RequireToolId": "(T){{ModID}}_StygiumAxe",
                        "Price": 50000,
                        "TradeItemId": "(O){{ModID}}_DuskspireHeart",
                        "TradeItemAmount": 1
                    }]
                },
                "{{ModID}}_BlessedWateringCan": {
                    "ClassName": "WateringCan",
                    "Name": "Blessed Watering Can",
                    "SalePrice": 50000,
                    "DisplayName": "{{i18n: tool.blessed-watering-can.name}}",
                    "Description": "{{i18n: tool.blessed-watering-can.description}}",
                    "Texture": "{{InternalAssetKey: assets/Items & Crops/BlessedTools.png}}",
                    "SpriteIndex": 42,
                    "MenuSpriteIndex": 50,
                    "UpgradeLevel": 6,
                    "UpgradeFrom": [{
                        "RequireToolId": "(T){{ModID}}_StygiumWateringCan",
                        "Price": 50000,
                        "TradeItemId": "(O){{ModID}}_DuskspireHeart",
                        "TradeItemAmount": 1
                    }]
                },
            }
        }
    ]
}