{
    "Changes": [
        {
            "LogName": "Letter from the Hospital",
            "Action": "EditData",
            "Target": "Data/Mail",
            "Entries": {
                "MateoHospital":"{{i18n:Mail.Mateo.Letter1}}",
            }
        },
        {
            "LogName": "Date in the Mines",
            "Action": "EditData",
            "Target": "Data/Mail",
            "Entries": {
                "MineDateInvite":"{{i18n:Mail.Mateo.Letter2}}"
            }
        },
        {
            "LogName": "From the mysterious 'B'",
            "Action": "EditData",
            "Target": "Data/Mail",
            "Entries": {
                "HectorIntroLetter":"{{i18n:Mail.Hector.Letter0}}"
            }
        },
        {
            "LogName": "From the mysterious 'B'",
            "Action": "EditData",
            "Target": "Data/Mail",
            "Entries": {
                "AetherQuest":"{{i18n:Mail.Hector.Letter1}}"
            }
        },
        {
            "LogName": "From the mysterious 'B'",
            "Action": "EditData",
            "Target": "Data/Mail",
            "Entries": {
                "AetherQuest2":"{{i18n:Mail.Hector.Letter2}}"
            }
        },
    ]
}