{
  "Changes": [
    {
      "Action": "Load",
      "Target": "Maps/EastScarp_MateoHome, Maps/EastScarp_CoastalGuild, Maps/EastScarp_DruidTower, Maps/EastScarp_DruidGrove, Maps/EastScarp_RiverStage1, Maps/EastScarp_RiverStage2, Maps/EastScarp_RiverStage3, Maps/EastScarp_RiverStage4, Maps/EastScarp_DateMine, Maps/EastScarp_LavaMine, Maps/EastScarp_IntroMine, Maps/EastScarp_HectorForest, Maps/EastScarp_VanInterior, Maps/EastScarp_LionsMane, Maps/EastScarp_Planetarium, Maps/EastScarp_Underforge, Maps/EastScarp_DeepDarkLv0, Maps/EastScarp_DeepDarkLv1, Maps/EastScarp_DeepDarkLv2, Maps/EastScarp_DeepDarkLv3, Maps/EastScarp_DeepDarkLv4, Maps/EastScarp_DeepDarkLv5, Maps/EastScarp_DuskspireLair",
      "FromFile": "Assets/Maps/{{TargetWithoutPath}}.tmx"
    },
    {
      "LogName": "Mateo's Tent",
      "Action": "EditData",
      "Target": "Data/Locations",
      "Entries": {
        "EastScarp_MateoHome": {
          "DisplayName": "{{i18n:miscellaneous.mapname.CoastalGuild.False}}",
          "CreateOnLoad": {
            "MapPath": "Maps/EastScarp_MateoHome"
          },
          "DefaultArrivalTile": {
            "X": 4,
            "Y": 8
          },
          "ExcludeFromNpcPathfinding": false,
          "ArtifactSpots": [],
          "FishAreas": {},
          "Fish": [],
          "Forage": [],
          "CustomFields": {}
        }
      }
    },
    {
      "LogName": "CoastalGuild",
      "Action": "EditData",
      "Target": "Data/Locations",
      "Entries": {
        "EastScarp_CoastalGuild": {
          "DisplayName": "{{i18n:miscellaneous.mapname.CoastalGuild.True}}",
          "CreateOnLoad": {
            "MapPath": "Maps/EastScarp_CoastalGuild"
          },
          "DefaultArrivalTile": {
            "X": 10,
            "Y": 18
          },
          "ExcludeFromNpcPathfinding": false,
          "ArtifactSpots": [],
          "FishAreas": {},
          "Fish": [],
          "Forage": [],
          "CustomFields": {}
        }
      }
    },
    {
      "LogName": "ESDruidTower",
      "Action": "EditData",
      "Target": "Data/Locations",
      "Entries": {
        "EastScarp_DruidTower": {
          "DisplayName": "{{i18n:miscellaneous.mapname.ESDruidTower}}",
          "CreateOnLoad": {
            "MapPath": "Maps/EastScarp_DruidTower"
          },
          "DefaultArrivalTile": {
            "X": 6,
            "Y": 28
          },
          "ExcludeFromNpcPathfinding": false,
          "ArtifactSpots": [],
          "FishAreas": {},
          "Fish": [],
          "Forage": [],
          "CustomFields": {}
        }
      }
    },
    {
      "LogName": "ESDruidGrove",
      "Action": "EditData",
      "Target": "Data/Locations",
      "Entries": {
        "EastScarp_DruidGrove": {
          "DisplayName": "{{i18n:miscellaneous.mapname.ESDruidGrove}}",
          "CreateOnLoad": {
            "MapPath": "Maps/EastScarp_DruidGrove"
          },
          "DefaultArrivalTile": {
            "X": 16,
            "Y": 70
          },
          "ExcludeFromNpcPathfinding": false,
          "ArtifactSpots": [],
          "FishAreas": {},
          "Fish": [],
          "Forage": [],
          "CustomFields": {}
        }
      }
    },
    {
      "LogName": "ESRiverStage1",
      "Action": "EditData",
      "Target": "Data/Locations",
      "Entries": {
        "EastScarp_RiverStage1": {
          "DisplayName": "{{i18n:miscellaneous.mapname.ESRiverStage1}}",
          "CreateOnLoad": {
            "MapPath": "Maps/EastScarp_RiverStage1"
          },
          "DefaultArrivalTile": {
            "X": 8,
            "Y": 48
          },
          "ExcludeFromNpcPathfinding": false,
          "ArtifactSpots": [],
          "FishAreas": {},
          "Fish": [],
          "Forage": [],
          "CustomFields": {}
        }
      }
    },
    {
      "LogName": "ESRiverStage2",
      "Action": "EditData",
      "Target": "Data/Locations",
      "Entries": {
        "EastScarp_RiverStage2": {
          "DisplayName": "{{i18n:miscellaneous.mapname.ESRiverStage2}}",
          "CreateOnLoad": {
            "MapPath": "Maps/EastScarp_RiverStage2"
          },
          "DefaultArrivalTile": {
            "X": 8,
            "Y": 48
          },
          "ExcludeFromNpcPathfinding": false,
          "ArtifactSpots": [],
          "FishAreas": {},
          "Fish": [],
          "Forage": [],
          "CustomFields": {}
        }
      }
    },
    {
      "LogName": "ESRiverStage3Maps",
      "Action": "EditData",
      "Target": "Data/Locations",
      "Entries": {
        "EastScarp_RiverStage3": {
          "DisplayName": "{{i18n:miscellaneous.mapname.ESRiverStage3}}",
          "CreateOnLoad": {
            "MapPath": "Maps/EastScarp_RiverStage3"
          },
          "DefaultArrivalTile": {
            "X": 8,
            "Y": 48
          },
          "ExcludeFromNpcPathfinding": false,
          "ArtifactSpots": [],
          "FishAreas": {},
          "Fish": [],
          "Forage": [],
          "CustomFields": {}
        }
      }
    },
    {
      "LogName": "ESRiverStage4Maps",
      "Action": "EditData",
      "Target": "Data/Locations",
      "Entries": {
        "EastScarp_RiverStage4": {
          "DisplayName": "{{i18n:miscellaneous.mapname.ESRiverStage4}}",
          "CreateOnLoad": {
            "MapPath": "Maps/EastScarp_RiverStage4"
          },
          "DefaultArrivalTile": {
            "X": 8,
            "Y": 48
          },
          "ExcludeFromNpcPathfinding": false,
          "ArtifactSpots": [],
          "FishAreas": {},
          "Fish": [],
          "Forage": [],
          "CustomFields": {}
        }
      }
    },
    {
      "LogName": "DateMine",
      "Action": "EditData",
      "Target": "Data/Locations",
      "Entries": {
        "EastScarp_DateMine": {
          "DisplayName": "{{i18n:miscellaneous.mapname.DateMine}}",
          "CreateOnLoad": {
            "MapPath": "Maps/EastScarp_DateMine"
          },
          "DefaultArrivalTile": {
            "X": 12,
            "Y": 10
          },
          "ExcludeFromNpcPathfinding": false,
          "ArtifactSpots": [],
          "FishAreas": {},
          "Fish": [],
          "Forage": [],
          "CustomFields": {}
        }
      }
    },
    {
      "LogName": "LavaMine",
      "Action": "EditData",
      "Target": "Data/Locations",
      "Entries": {
        "EastScarp_LavaMine": {
          "DisplayName": "{{i18n:miscellaneous.mapname.LavaMine}}",
          "CreateOnLoad": {
            "MapPath": "Maps/EastScarp_LavaMine"
          },
          "DefaultArrivalTile": {
            "X": 12,
            "Y": 10
          },
          "ExcludeFromNpcPathfinding": false,
          "ArtifactSpots": [],
          "FishAreas": {},
          "Fish": [],
          "Forage": [],
          "CustomFields": {}
        }
      }
    },
    {
      "LogName": "IntroMine",
      "Action": "EditData",
      "Target": "Data/Locations",
      "Entries": {
        "EastScarp_IntroMine": {
          "DisplayName": "{{i18n:miscellaneous.mapname.IntroMine}}",
          "CreateOnLoad": {
            "MapPath": "Maps/EastScarp_IntroMine"
          },
          "DefaultArrivalTile": {
            "X": 12,
            "Y": 10
          },
          "ExcludeFromNpcPathfinding": false,
          "ArtifactSpots": [],
          "FishAreas": {},
          "Fish": [],
          "Forage": [],
          "CustomFields": {}
        }
      }
    },
    {
      "LogName": "HectorForest",
      "Action": "EditData",
      "Target": "Data/Locations",
      "Entries": {
        "EastScarp_HectorForest": {
          "DisplayName": "{{i18n:miscellaneous.mapname.HectorForest}}",
          "CreateOnLoad": {
            "MapPath": "Maps/EastScarp_HectorForest"
          },
          "DefaultArrivalTile": {
            "X": 21,
            "Y": 32
          },
          "ExcludeFromNpcPathfinding": false,
          "ArtifactSpots": [],
          "FishAreas": {},
          "Fish": [],
          "Forage": [],
          "CustomFields": {}
        }
      }
    },
    {
      "LogName": "VanInterior",
      "Action": "EditData",
      "Target": "Data/Locations",
      "Entries": {
        "EastScarp_VanInterior": {
          "DisplayName": "{{i18n:miscellaneous.mapname.VanInterior}}",
          "CreateOnLoad": {
            "MapPath": "Maps/EastScarp_VanInterior"
          },
          "DefaultArrivalTile": {
            "X": 2,
            "Y": 6
          },
          "ExcludeFromNpcPathfinding": false,
          "ArtifactSpots": [],
          "FishAreas": {},
          "Fish": [],
          "Forage": [],
          "CustomFields": {}
        }
      }
    },
    {
      "LogName": "LionsMane",
      "Action": "EditData",
      "Target": "Data/Locations",
      "Entries": {
        "EastScarp_LionsMane": {
          "DisplayName": "{{i18n:miscellaneous.mapname.LionsMane}}",
          "CreateOnLoad": {
            "MapPath": "{{LionsManeStatus}}"
          },
          "DefaultArrivalTile": {
            "X": 26,
            "Y": 35
          },
          "ExcludeFromNpcPathfinding": false,
          "ArtifactSpots": [],
          "FishAreas": {},
          "Fish": [],
          "Forage": [],
          "CustomFields": {}
        }
      }
    },
    {
      "LogName": "Planetarium",
      "Action": "EditData",
      "Target": "Data/Locations",
      "Entries": {
        "EastScarp_Planetarium": {
          "DisplayName": "{{i18n:miscellaneous.mapname.Planetarium}}",
          "CreateOnLoad": {
            "MapPath": "Maps/EastScarp_Planetarium"
          },
          "DefaultArrivalTile": {
            "X": 1,
            "Y": 15
          },
          "ExcludeFromNpcPathfinding": false,
          "ArtifactSpots": [],
          "FishAreas": {},
          "Fish": [],
          "Forage": [],
          "CustomFields": {}
        }
      }
    },
    {
      "LogName": "Underforge",
      "Action": "EditData",
      "Target": "Data/Locations",
      "Entries": {
        "EastScarp_Underforge": {
          "DisplayName": "{{i18n:miscellaneous.mapname.Underforge}}",
          "CreateOnLoad": {
            "MapPath": "Maps/EastScarp_Underforge"
          },
          "DefaultArrivalTile": {
            "X": 24,
            "Y": 5
          },
          "ExcludeFromNpcPathfinding": true,
          "ArtifactSpots": [],
          "FishAreas": {},
          "Fish": [],
          "Forage": [],
          "CustomFields": {}
        }
      }
    },
    {
      "LogName": "Deep Dark Lv 0",
      "Action": "EditData",
      "Target": "Data/Locations",
      "Entries": {
        "EastScarp_DeepDarkLv0": {
          "DisplayName": "{{i18n:miscellaneous.mapname.DeepDarkLv0}}",
          "CreateOnLoad": {
            "MapPath": "Maps/EastScarp_DeepDarkLv0"
          },
          "DefaultArrivalTile": {
            "X": 9,
            "Y": 19
          },
          "ExcludeFromNpcPathfinding": true,
          "ArtifactSpots": [],
          "FishAreas": {},
          "Fish": [],
          "Forage": [],
          "CustomFields": {}
        }
      }
    },
    {
      "LogName": "Deep Dark Lv 1",
      "Action": "EditData",
      "Target": "Data/Locations",
      "Entries": {
        "EastScarp_DeepDarkLv1": {
          "DisplayName": "{{i18n:miscellaneous.mapname.DeepDarkLv1}}",
          "CreateOnLoad": {
            "MapPath": "Maps/EastScarp_DeepDarkLv1"
          },
          "DefaultArrivalTile": {
            "X": 5,
            "Y": 9
          },
          "ExcludeFromNpcPathfinding": true,
          "ArtifactSpots": [],
          "FishAreas": {},
          "Fish": [],
          "Forage": [],
          "CustomFields": {}
        }
      }
    },
    {
      "LogName": "Deep Dark Lv 2",
      "Action": "EditData",
      "Target": "Data/Locations",
      "Entries": {
        "EastScarp_DeepDarkLv2": {
          "DisplayName": "{{i18n:miscellaneous.mapname.DeepDarkLv2}}",
          "CreateOnLoad": {
            "MapPath": "Maps/EastScarp_DeepDarkLv2"
          },
          "DefaultArrivalTile": {
            "X": 21,
            "Y": 31
          },
          "ExcludeFromNpcPathfinding": true,
          "ArtifactSpots": [],
          "FishAreas": {},
          "Fish": [],
          "Forage": [],
          "CustomFields": {}
        }
      }
    },
    {
      "LogName": "Deep Dark Lv 3",
      "Action": "EditData",
      "Target": "Data/Locations",
      "Entries": {
        "EastScarp_DeepDarkLv3": {
          "DisplayName": "{{i18n:miscellaneous.mapname.DeepDarkLv3}}",
          "CreateOnLoad": {
            "MapPath": "Maps/EastScarp_DeepDarkLv3"
          },
          "DefaultArrivalTile": {
            "X": 25,
            "Y": 20
          },
          "ExcludeFromNpcPathfinding": true,
          "ArtifactSpots": [],
          "FishAreas": {},
          "Fish": [],
          "Forage": [],
          "CustomFields": {}
        }
      }
    },
    {
      "LogName": "Deep Dark Lv 4",
      "Action": "EditData",
      "Target": "Data/Locations",
      "Entries": {
        "EastScarp_DeepDarkLv4": {
          "DisplayName": "{{i18n:miscellaneous.mapname.DeepDarkLv4}}",
          "CreateOnLoad": {
            "MapPath": "Maps/EastScarp_DeepDarkLv4"
          },
          "DefaultArrivalTile": {
            "X": 8,
            "Y": 5
          },
          "ExcludeFromNpcPathfinding": true,
          "ArtifactSpots": [],
          "FishAreas": {},
          "Fish": [],
          "Forage": [],
          "CustomFields": {}
        }
      }
    },
    {
      "LogName": "Deep Dark Lv 5",
      "Action": "EditData",
      "Target": "Data/Locations",
      "Entries": {
        "EastScarp_DeepDarkLv5": {
          "DisplayName": "{{i18n:miscellaneous.mapname.DeepDarkLv5}}",
          "CreateOnLoad": {
            "MapPath": "Maps/EastScarp_DeepDarkLv5"
          },
          "DefaultArrivalTile": {
            "X": 10,
            "Y": 9
          },
          "ExcludeFromNpcPathfinding": true,
          "ArtifactSpots": [],
          "FishAreas": {},
          "Fish": [],
          "Forage": [],
          "CustomFields": {}
        }
      }
    },
    {
      "LogName": "Deep Dark Duskspire Lair",
      "Action": "EditData",
      "Target": "Data/Locations",
      "Entries": {
        "EastScarp_DuskspireLair": {
          "DisplayName": "{{i18n:miscellaneous.mapname.DuskspireLair}}",
          "CreateOnLoad": {
            "MapPath": "Maps/EastScarp_DuskspireLair"
          },
          "DefaultArrivalTile": {
            "X": 3,
            "Y": 15
          },
          "ExcludeFromNpcPathfinding": true,
          "ArtifactSpots": [],
          "FishAreas": {},
          "Fish": [],
          "Forage": [],
          "CustomFields": {}
        }
      }
    },
  ]
}