{
    "Changes": [

        // AUDIO DATA
        {
            "LogName": "Gunshot SFX",
            "Action": "EditData",
            "Target": "Data/AudioChanges",
            "Entries": {
                "sns_gunshot": {
                    "ID": "sns_gunshot",
                    "Category": "Sound",
                    "FilePaths": [ "{{AbsoluteFilePath: Assets/SoundEffects/sns_gunshot.wav}}" ],
                    "UseReverb": true,
                }
            }
        },
     ]
}