{
    "Changes": [
        {
            "Action": "Load",
            "Target": "Portraits/CGEmblem",
            "FromFile": "assets/TemporaryActors/{{TargetPathOnly}}/CGEmblem.png"
        },
        {
            "Action": "Load",
            "Target": "Characters/MateoMarlon, Portraits/MateoMarlon",
            "FromFile": "assets/TemporaryActors/{{TargetPathOnly}}/MateoMarlon.png"
        },
        {
            "Action": "Load",
            "Target": "Characters/MateoGunther, Portraits/MateoGunther",
            "FromFile": "assets/TemporaryActors/{{TargetPathOnly}}/MateoGunther.png"
        },
        {
            "Action": "Load",
            "Target": "Characters/MateoEmeritus, Portraits/MateoEmeritus",
            "FromFile": "assets/TemporaryActors/{{TargetPathOnly}}/MateoEmeritus.png"
        },
        {
            "Action": "Load",
            "Target": "Characters/MateoKrobus, Portraits/MateoKrobus",
            "FromFile": "assets/TemporaryActors/{{TargetPathOnly}}/MateoKrobus.png"
        },
        {
            "Action": "Load",
            "Target": "Characters/MateoFinale",
            "FromFile": "assets/TemporaryActors/Characters/MateoFinale{{MateoHorns}}.png"
        },
        {
            "Action": "Load",
            "Target": "Characters/StygiumPendant",
            "FromFile": "assets/TemporaryActors/Characters/StygiumPendant.png"
        },
        {
            "Action": "Load",
            "Target": "Characters/GuildBadge",
            "FromFile": "assets/TemporaryActors/Characters/GuildBadge.png"
        },
        {
            "Action": "Load",
            "Target": "Characters/SlimeyBoiJr, Characters/SlimeyBoiJr2, Characters/SlimeyBoiJr3, Characters/SlimeyBoiJr4, Characters/SlimeyBoiJr5",
            "FromFile": "assets/TemporaryActors/Characters/SlimeyBoiJr.png"
        },
        {
            "Action": "Load",
            "Target": "Characters/HectorBook, Portraits/HectorBook",
            "FromFile": "assets/TemporaryActors/{{TargetPathOnly}}/HectorBook.png"
        },
        {
            "Action": "Load",
            "Target": "Characters/HectorCast",
            "FromFile": "assets/Characters/Hector/HectorCast/{{TrueShape}}/HectorCast.png"
        },
        {
            "Action": "Load",
            "Target": "Characters/HectorBadger, Characters/HectorOpossum, Characters/HectorRaccoon, Characters/HectorSkunk",
            "FromFile": "assets/TemporaryActors/{{Target}}.png"
        },
        {
            "Action": "Load",
            "Target": "Characters/ThornedCircletFragment",
            "FromFile": "assets/TemporaryActors/Characters/ThornedCircletFragment.png"
        },
        {
            "Action": "Load",
            "Target": "Characters/LumisteriaCloset",
            "FromFile": "assets/TemporaryActors/Characters/LumisteriaCloset.png"
        },
        {
            "Action": "Load",
            "Target": "Characters/BookDryad, Portraits/BookDryad",
            "FromFile": "assets/TemporaryActors/{{TargetPathOnly}}/BookDryad.png"
        },
        {
            "Action": "Load",
            "Target": "Characters/PizzaVan",
            "FromFile": "assets/TemporaryActors/{{TargetPathOnly}}/PizzaVan.png"
        },
        {
            "Action": "Load",
            "Target": "Characters/AetherdrakeScale",
            "FromFile": "assets/TemporaryActors/Characters/AetherdrakeScale.png"
        },
        {
            "Action": "Load",
            "Target": "Characters/PlanetariumBus",
            "FromFile": "assets/TemporaryActors/Characters/PlanetariumBus.png"
        },
        {
            "Action": "Load",
            "Target": "Characters/PlanetariumScreen",
            "FromFile": "assets/TemporaryActors/Characters/PlanetariumScreen.png"
        },
        {
            "Action": "Load",
            "Target": "Characters/FakeDandelion, Portraits/FakeDandelion",
            "FromFile": "assets/TemporaryActors/{{TargetPathOnly}}/FakeDandelion.png"
        },
        {
            "Action": "Load",
            "Target": "Characters/FakeRoslin, Portraits/FakeRoslin",
            "FromFile": "assets/TemporaryActors/{{TargetPathOnly}}/FakeRoslin.png"
        },
        {
            "Action": "Load",
            "Target": "Characters/FakeSolomon, Portraits/FakeSolomon", // UNIQUE SIZE: 43 X 45
            "FromFile": "assets/TemporaryActors/{{TargetPathOnly}}/FakeSolomon.png"
        },
        {
            "Action": "Load",
            "Target": "Characters/ForgedD20",
            "FromFile": "assets/TemporaryActors/Characters/ForgedD20.png"
        },
        {
            "Action": "Load",
            "Target": "Portraits/YoungMateo, Characters/YoungMateo",
            "FromFile": "assets/TemporaryActors/{{TargetPathOnly}}/YoungMateo{{MateoHorns}}.png"
        },
        {
            "Action": "Load",
            "Target": "Portraits/BlacksmithMateo, Characters/BlacksmithMateo",
            "FromFile": "assets/TemporaryActors/{{TargetPathOnly}}/BlacksmithMateo{{MateoHorns}}.png"
        },
        {
            "Action": "Load",
            "Target": "Characters/DandelionShield",
            "FromFile": "assets/TemporaryActors/Characters/DandelionShield.png"
        },
        {
            "Action": "Load",
            "Target": "Characters/SolomonGrimoire",
            "FromFile": "assets/TemporaryActors/Characters/SolomonGrimoire.png"
        },
    ]
}