{
  "Changes": [
    {
      "LogName": "Roslin's 0 Heart Event",
      "Action": "EditData",
      "Target": "Data/Events/EastScarp_CoastalGuild",
      "Entries": {
        "SnS.Ch4.Roslin.1/e SnS.Ch3.Cirrus.14/f Mateo 2500/f Hector 2500/f Cirrus 2500/t 800 2200/A CirrusLionsMane3/w sunny/F": "SnS.MateoTheme/-100 -100/farmer 9 14 2 Cirrus 14 12 0 Mateo 24 15 2 Hector 5 16 3 Roslin -100 -100 0/skippable/addConversationTopic RoslinNeedsHelp 2/addTemporaryActor MateoEmeritus 32 32 2 17 2 true Character/globalFadeToClear/changeName MateoEmeritus Emeritus/viewport 13 12 clamp true/pause 1000/emote Mateo 40/pause 250/speak Hector \"Mateo, doesn't Emeritus lay eggs?$8\"/faceDirection Mateo 3/speak Mateo \"Yup!$1\"/faceDirection Cirrus 2/speak Cirrus \"...I thought Emeritus was a boy.$17\"/speak Mateo \"To be honest, I've just never questioned it.$32\"/speak MateoEmeritus \"Huuuuuuuur!\"/speak Hector \"I see, I see. So you don't mind either way. Understood, Emeritus.$14#$b#Wait, also, it takes two to tango - where are the eggs coming from, then-$23\"/stopMusic/pause 250/playSound stoneStep/faceDirection Hector 1/warp Roslin 10 19/advancedMove Roslin false 0 -5 3 10/emote Mateo 8 true/emote Cirrus 8 true/emote Hector 8 true/pause 250/faceDirection farmer 1/speak Roslin \"You, farmer. I...$9#$b#I need your help.$8\"/playMusic SnS.LonelyTheme/advancedMove Hector false 5 0 4 10/advancedMove Cirrus false -4 0 2 10/advancedMove Mateo false -5 0 0 -1 -1 0 0 -1 -7 0 0 1 3 10/speak Hector \"You reek of Void magic. Who are you? @, how do you know this person?$16\"/speak Cirrus \"I've never seen her before.$16\"/speak Roslin \"You don't WANT to have seen me around. I've said it before, it would've been better off if I'd never spoken to @ again.$5\"/speak Mateo \"Alright, let's settle down. Who are you, and what do you need help with?$10\"/quickQuestion #This is Roslin, she and another adventurer were investigating something underneath East Scarp. #(Let Roslin introduce herself.)(break)speak Roslin \"Thank you, @.$1\"\\friendship Roslin 25(break)speak Roslin \"My name is Roslin. Archmagus of the White Lodge, Aethric Champion, Sorcerer Supreme - ah, whatever.$13#$b#My companion and I were investigating something underneath your town, and it's gone haywire.$14\"\\emote farmer 16/speak Roslin \"I'll try and keep things concise. Around when @ moved to the Valley, Dandelion, the aforementioned companion and I...$2#$b#Well, we started looking into a magical disturbance centered here, in East Scarp.$16#$b#We notified your mayor when we suspected the townsfolk were in danger, but he dismissed us; as did Marlon.$15\"/speak Mateo \"Marlon wouldn't dismiss a problem if there really was one-$16\"/speak Roslin \"You're right, he probably wouldn't. But I've long since abdicated my position in the White Lodge - erm, a court of sorcerers...$13#$b#And Dandelion has refused to join Marlon's ranks in the past.$5#$b#I suppose it's not entirely unreasonable for him to be cautious.$9\"/speak Mateo \"Can you fill us in on what you're investigating?$10\"/faceDirection Roslin 1/speak Roslin \"{{RoslinStygiumComment}}\"/emote Mateo 8/speak Roslin \"Stygium is a material uniquely coalesced from lingering feelings, positive or negative.$5#$b#I don't know who's familiar with East Scarp's history, but tragedy has struck that mine in the past...$15\"/speak Hector \"There was a collapse. Nearly a town's worth of workers got trapped down there.$23\"/speak Roslin \"Correct. And when their hopes and dreams got crushed under the rubble, all that remained was the negative feelings. All of their darkness, all of their Void energy.$16\"/speak Mateo \"So that's where the Stygium comes from, but was there something else?$34\"/speak Hector \"Actually, I see what Roslin's getting at. An incident that substantial may have created-$2\"/speak Roslin \"-A monster, formed entirely from grief. Something unlike anything Dandelion and I have fought before.$2#$b#She went to scout a while back and hasn't returned. I expect the worst.$13\"/emote farmer 16 true/emote Cirrus 16 true/emote Mateo 16 true/emote 40 Hector true/speak Hector \"I assume such a talented sorcerer to have prepared for such an outcome.$8\"/speak Roslin \"Of course I did. But I'll need some assistance seeing it through.$11#$b#I cast a spell on Dandelion that, should she receive a fatal blow, she would be unable to truly die - I already suspect this had an unintentional side effect.$2#$b#Regardless, I'll need a slew of ritual components for the second portion of this. Namely, essences of all sorts.$7\"/speak Cirrus \"Void... solar, and Druidic?$2\"/speak Roslin \"And more! Fire, water, air, and earth essences as well. You need to be particularly in tune with magic to be able to see them. And that's where you come in, @.$9#$b#Close your eyes, think deeply of your own potential... Let me help you reach it...$11\"/fade/viewport -1000 -1000/warp farmer -100 -100/faceDirection farmer 2/viewport -100 -100/fade/startJittering/sns_bardicsunlock -100 -100/showFrame farmer 94/pause 10000/message \"You've unlocked the ability to sense Elemental Essences! They drop from various sources in the world.\"/fade/viewport -1000 -1000/warp farmer 9 14/faceDirection farmer 1/faceDirection Roslin 3/viewport 13 12 clamp true/pause 1000/speak Roslin \"Now, if you can help me, we may be able to save Dandelion. With her back on our side, we can deal with the beast.$9\"/speak Cirrus \"Are you... going to be okay, Roslin? I mean, if Dandelion's your companion and she's-$2\"/speak Roslin \"No reason to dwell. Not when I've already presented a potential solution.$13\"/speak Mateo \"Roslin, I know we just met, but that's not he-$2\"/jump Roslin 5/emote Roslin 12/speak Roslin \"I said I don't want to think about it - let's just focus on the matter at hand!$5\"/emote Mateo 28/pause 250/fade/viewport -1000 -1000/speak Hector \"A monster lingering under the Scarp... that would explain why the chronic fatigue continued on after the river was purified...$23\"/speak Mateo \"We'll get this sorted. That's what the Adventurer's Guild is for, after all!$14\"/speak Cirrus \"I'm worried about Roslin...$2\"/pause 250/end",
      },
    },

    {
      "LogName": "Roslin's 1 Heart Event",
      "Action": "EditData",
      "Target": "Data/Events/ManorHouse",
      "Entries": {
        "SnS.Ch4.Roslin.2/e SnS.Ch4.Roslin.1/f Roslin 250/t 800 2000/A RoslinNeedsHelp3/w sunny/F": "SnS.LonelyTheme/-100 -100/farmer -100 -100 0 Lewis 6 6 1 Roslin -100 -100 0 Mateo -100 -100 0/addTemporaryActor MateoMarlon 16 32 8 6 3 true Character/skippable/addConversationTopic RoslinAndMateo 2/fade/viewport 7 9 clamp true/pause 1000/changeName MateoMarlon Marlon/speak MateoMarlon \"The adventurers you're referring to - Dandelion and Roslin... I've looked into them since the last time we spoke.$5#$b#The former is not aligned with The Guild, and the latter left her conclave of sorcerers.$3#$b#I don't have the context, but it doesn't bode will. I understand why their warnings can be difficult to heed.$0\"/pause 250/emote Lewis 40/pause 250/speak Lewis \"Marlon, I need you to understand that I don't really comprehend what that means.$2#$b#I'm not willfully ignorant, but your world and your responsibilities are different than mine.$2#$b#I don't want it to seem like their warnings aren't weighing heavily on my shoulders, I'm worried for the townsfolk over a problem I can't comprehend-\"/playSound doorOpen/warp Roslin 4 11/warp Mateo 5 11/advancedMove Mateo false 0 -3 3 0 4 10/pause 500/advancedMove Roslin false 0 -3 2 0 4 10/pause 1000/warp farmer 4 11/advancedMove farmer false 0 -4 1 0 1 10/faceDirection MateoMarlon 2 true/faceDirection Lewis 2 true/jump Lewis 5 true/emote Lewis 16 true/emote MateoMarlon 40/pause 500/speak Roslin \"I've got words for you, Mayor!$15\"/speak MateoMarlon \"Now, Roslin, I understand you may take issue with how Lewis is handling things, but-$2\"/speak Roslin \"Dandelion is gone. I don't care for your platitudes.$16\"/speak Lewis \"Gone? You mean to say-?$3\"/speak Roslin \"I'm assuming the worst. Her absence confirms my suspicions that there IS, in fact, a monster residing underneath The Scarp. As we originally warned.$15\"/emote Lewis 16 true/emote MateoMarlon 16 true/pause 250/speak Lewis \"Oh my goodness, Roslin, I'm so sorry-$2\"/speak Roslin \"It's too late for you to be sorry! But it's not too late for you to do something. Anything!$5\"/pause 250/speak MateoMarlon \"Mateo, what say you of the situation?$2\"/speak Mateo \"I'm really disappointed this has been a danger the entire time I've been back in The Valley, and that our Mayor was keeping it from us.$5#$b#I'm also frustrated you didn't say anything if you knew, Marlon.$6\"/speak MateoMarlon \"Mateo, you don't know the circumstances surrounding these adventurers. The cards are stacked against them; they seem untrustworthy-$5\"/speak Mateo \"So was I.$8\"/shake Lewis 1000/emote Lewis 12/pause 1000/speak Mateo \"As the Master of the Coastal Adventurer's Guild, I will be assisting regardless of your input or permission.$10\"/speak MateoMarlon \"Mateo-$2\"/speak Mateo \"C'mon, Roslin. @. I don't think this is going to be productive, after all.$16\"/speak Roslin \"You're right. Anger won't do us any good, we're wasting precious time.$2\"/advancedMove Roslin false -1 0 0 3 2 10/advancedMove Mateo false -4 0 0 3 2 10/waitForAllStationary/warp Mateo -100 -100/warp Roslin -100 -100/playSound doorClose/advancedMove farmer false 2 0 4 10/pause 500/quickQuestion #Lewis, there HAS to be something you can do. #Marlon, you should know better than to pass judgement like that.(break)speak Lewis \"You're right, @... I just need to figure out what. I can do better, just give me some time. This is all very over my head.$2\"(break)speak MateoMarlon \"Aye, you're right, @... they were right to call me out. Lewis and I will figure out what support we can muster.$2\"/pause 250/emote farmer 32/pause 250/fade/viewport -1000 -1000/speak MateoMarlon \"Mateo's come a long way, callin' me out on my blunders... Feels like only yesterday they were hidin' from me.$2\"/speak Lewis \"I'll do what I can to make things right... I just need help figuring out what to do, and how to do it...$2\"/speak MateoMarlon \"Don't worry, Lewis. Looks like we've got some mistakes to atone for together.$2\"/end",
      },
    },

    {
      "LogName": "Roslin's 2 Heart Event",
      "Action": "EditData",
      "Target": "Data/Events/EastScarp_DeepMountains",
      "Entries": {
        "SnS.Ch4.Roslin.3/e SnS.Ch4.Roslin.2/f Roslin 500/t 1800 2200/A RoslinAndMateo/w sunny/F": "SnS.HectorTheme/-100 -100/farmer 16 24 0 Hector -100 -100 0 Roslin -100 -100 0/globalFadeToClear/skippable/changePortrait Hector truedown/changeSprite Hector truedown/addConversationTopic RoslinAndHector 2/viewport 17 16 clamp true/pause 1000/faceDirection farmer 3/pause 200/faceDirection farmer 1/pause 200/faceDirection farmer 0/emote farmer 40/pause 200/advancedMove farmer false 0 -20 4 10/pause 2000/emote farmer 8/pause 2000/fade/viewport -200 -200/message \"You hear voices coming from Hector's glade.\"/waitForAllStationary/changeLocation EastScarp_HectorForest/warp Hector 21 21/faceDirection Hector 1/warp Roslin 23 21/faceDirection Roslin 3/warp farmer 22 31/faceDirection farmer 0/viewport 21 22/advancedMove farmer false 0 -9 4 10/pause 3000/speak Hector \"Can you repeat the vocal component of the spell one more time?$23\"/speak Roslin \"'Let her blood leave no stain, let her feel no pain, let her bones never break.'$13\"/emote farmer 8/speak Hector \"If that worked, it sounds very open ended... it could've done anything, like turn her into an inanimate object. Technically, that fits the description of a scarecrow.$16\"/speak Roslin \"Not that I don't appreciate the help, but how do you know so much about sorcery, Druid?$9\"/speak Hector \"Aether is aether. Manipulating it comes down to one thing, regardless of it's form: Intention.$14\"/speak Roslin \"I know I've been told that before... have we met? Your name isn't exactly common, and yet, it's familiar...$9\"/speak Hector \"Perhaps, back when I led the Circle of Thorns. I was much more active outside Stardew Valley back then.$6\"/jump farmer 5 true/emote farmer 16/pause 250/faceDirection Hector 2 true/faceDirection Roslin 2/speak Hector \"Try not to be so surprised. I was the leader of a druid conclave years and years ago - before East Scarp was even settled.$7#$b#One of the hardest lessons I had to learn, however, was that I wasn't suited for leadership. Don't know if you can really tell, @. But it's just not my thing.$24#$b#So, I scattered the druids. This way, they'd spread the teachings and start conclaves of their own.$23#$b#I may no longer be able to travel far from The Grove, since I'm the only remaining druid connected to it, but I thought that a fair concession.$14\"/emote Roslin 40/pause 250/speak Roslin \"That's... quite a sacrifice to make. Do you miss the world outside the valley?$13\"/speak Hector \"Not one bit. I made my choices, I'm proud of them, and I'll stand by them.$12\"/emote Roslin 12/pause 250/speak Roslin \"You're... making me empathize with Lewis, of all people.$14\"/speak Hector \"I don't like him, but I won't claim to be suited to managing a whole town of people.$14\"/speak Roslin \"I suppose Marlon isn't in the wrong, either. He's lacking in context, but it's wrong to have made such a harsh judgement...$16\"/quickQuestion #Why did you leave the White Lodge, anyway? #Why won't Dandelion join the Adventurer's Guild?(break)speak Roslin \"Shadowfolk have a more intrinsic connection with Aether than Humans do, so I befriended one. The Lodge didn't approve.$17#$b#At the time, we were debating waging war against them. I was considered a traitor, so I left before I could be...removed.$15#$b#I don't regret my decision. I know I'm rough around the edges, but I've always believed in the moral good.$10\"(break)speak Roslin \"Dandelion couldn't, originally. She was already part of a Paladin Order; so she couldn't have other commitments, as part of the oath she took.$4#$b#That...includes people commitments, if you catch my drift. So, I get to be the entirely flattering reason her being deposed.$12\"\\speak Hector \"So Marlon's entirely off base in his estimations. Color me surprised.$6\"/speak Roslin \"Anyway, thank you for your help, Biróg. @.$14\"/emote farmer 32/speak Hector \"You're in good company, Roslin. We'll work this out.$12\"/fade/viewport -1000 -1000/speak Hector \"I promise.$13\"/pause 250/end"
      },
    },

    {
      "LogName": "Roslin's 3 Heart Event",
      "Action": "EditData",
      "Target": "Data/Events/EastScarp_LionsMane",
      "Entries": {
        "SnS.Ch4.Roslin.4/e SnS.Ch4.Roslin.3/f Roslin 500/t 1800 2200/A RoslinAndHector/w sunny/F": "SnS.CirrusTheme/-100 -100/farmer -100 -100 0 Cirrus 29 30 2 Roslin 14 30 1/animate Cirrus false true 200 16 16 17 17 18 18 19 19 20 20 21 21 22 22 23 23 24 24 25 25/globalFadeToClear/skippable/addConversationTopic RoslinAndCirrus 2/viewport 26 25 clamp true/pause 1000/advancedMove Roslin false 13 0 1 10/pause 500/emote Roslin 12/pause 500/waitForAllStationary/stopAnimation Cirrus/stopMusic/faceDirection Cirrus 3 true/emote Cirrus 8/speak Cirrus \"Hey, Roslin! Something on your mind?$1\"/playMusic SnS.LonelyTheme/speak Roslin \"Yeah, actually. I'm wondering how you've got the energy to be jovial in the face of being told there's a giant monster beneath your feet.$5\"/speak Cirrus \"Oh, well. That's fair, I suppose-$3\"/playSound doorOpen/warp farmer 26 34/faceDirection Roslin 2 true/emote Roslin 40/faceDirection Cirrus 2 true/emote Cirrus 16/advancedMove farmer false 0 -3 2 0 4 10/speak Cirrus \"Hey, @!\"/emote farmer 32/pause 250/faceDirection Cirrus 3 true/faceDirection Roslin 1/speak Cirrus \"Your question caught me a little off-guard, Roslin. I'll admit. But I think it's really important to find small joys even when things are bleak.$17\"/emote farmer 8/pause 250/speak Roslin \"Aren't you afraid?$17\"/speak Cirrus \"Oh, I'm plenty afraid. But I've been afraid my whole life, Roslin. Fear is part of the human experience.$22\"/speak Roslin \"That... is very bold, and very wise. Those don't often go hand-in-hand.$10\"/speak Cirrus \"I'm scared of the rain, Roslin! And rain is inevitable, I can't control it. But it's just something I've learned to live with.$1#$b#When I changed careers, it was the scariest thing I've ever done - but here I am, grateful to have made the leap despite the fear.$15#$b#I had even lost my passion for music, and THAT scared me. But when I found it again, it came with magic - magic that I'm getting closer to mastering every day.$22\"/speak Roslin \"Ah, you're a bard. That doesn't surprise me as much as the lapse in your interest does.$11\"/speak Cirrus \"It's a long story, but what I'm getting at... is that fear is constant, and you shouldn't deprive yourself of little joys just because of it.$17#$b#I know you're hurting for Dandelion. That's okay to feel. But that won't keep the sun from shining, or the birds from singing, so you might as well enjoy.$1\"/speak Roslin \"That's exactly the sort of sugar-sweet thing Dandelion would say.$12\"/quickQuestion #Why don't you tell us a little about her? #How did you two meet?(break)speak Roslin \"Well, she's heroic as if it's her nature. I really admire that; she always puts others before herself, and she's very kind.$10#$b#She likes to read. If she wasn't an adventurer, I think she'd like to own a bookstore. She mentioned wanting to retire and be a writer, once.$11#$b#I miss her. I hope my spell worked; I'd like to reunite with her soon. It's like missing my other half.$13\"(break)speak Roslin \"Well, I was buying a pastry from a street vendor, and I was lacking the change. Dandelion paid for it, as she was nearby as I was fumbling through my pockets.$19#$b#We met again later, fighting a monster. I tried to pay her back after that, but she refused. So I said I'd accompany her on her next mission as thanks...$18\"\\speak Cirrus \"And then you never stopped accompanying her. How cute!$4\"/speak Roslin \"Thank you both for listening. It... does feel good to indulge in a little reminiscing.$3\"/speak Cirrus \"It's okay to take a breath, Roslin. I know things are dire, but you won't help yourself being wound up all the time.$17\"/speak Roslin \"You're right... I'm sorry to have interrupted your song, would you like to continue? I'd love to listen.$11\"/textAboveHead Cirrus \"Gladly!\"/playMusic SnS.CirrusTheme/animate Cirrus false true 200 16 16 17 17 18 18 19 19 20 20 21 21 22 22 23 23 24 24 25 25/viewport move 0 -1 5000/pause 4000/fade/viewport -1000 -1000/speak Roslin \"For what it's worth, Cirrus - I know you've only recently learned of your prowess, but you are positively dripping with Aether.$10#$b#That is to say, I think Bardic mastery will come easily to you one day.$11\"/speak Cirrus \"Thank you, Roslin. I've been so much more engaged with music again, and I think that's helping a lot.$23#$b#I'm excited about my abilities, and I'm excited to share them with the people around me.$1\"/pause 250/end"
      },
    },
  ]
}
/* 

quickQuestion #That girl sounds overwhelmed. #That voice is familiar.(break)speak Mateo \"Let's check in on things, just in case.$32\"(break)speak Hector \"Right? Reminds me of something I was watching with Eloise...$7\"

(0 = up, 1 = right, 2 = down, 3 = left)

waitForAllStationary - waits until all advMoves are complete for next action 

stopAdvancedMoves - will prevent clipping issues at the end of an event when characters advMove off screen

advancedMove true/false (loop) parameters

parameters:
x y x y x y = move without pause

x y z t x y z t = move with pauses

x y x y z t x y = move with mix of mentioned above

x = how many tiles move in x axis (+ = right, - = left)
y = how many tiles move in y axis (+ = down, - = up)
z = direction face upon reaching destination (1=right, 2=down, 3=left, 4=up)
t = duration in milliseconds how long to stay in that spot (must be >= 10000ms)

4- empty can
8- question mark
12- angry
16- exclamation
20- heart
24- sleep
28- sad
32- happy
36- x
40- pause
52- video game
56- music note
60- blush 

*/