{

  "Changes": [

    {
      "LogName": "Epilogue pt 1 - Dandelion Proposes", 
      "Action": "EditData",
      "Target": "Data/Events/EastScarp_LionsMane", 
      "Entries": {
        "SnS.Ch5.Dandelion/f Dandelion 2000/t 800 2200/n DuskspireDefeated/F": "SnS.RoslinTheme/-100 -100/farmer 3 21 0 Roslin 6 16 3 Dandelion 5 16 1 Solomon 12 26 2 Cirrus 18 32 1 Juliet 19 31 2 Jessie 20 31 2 MadDog.HashtagBearFam.Sigurd? 28 27 2 MadDog.HashtagBearFam.Teren? 27 30 0 MadDog.HashtagBearFam.Gunnar? 29 30 0 Hector 11 31 2 Mateo 4 30 3/removeTile 18 32 Buildings/animate Solomon false true 100 28 28 29 29 30 30 31 31 32 32 33 33 34 34 35 35 36 36 37 37 38 38 39 39 40 40/globalFadeToClear/skippable/addConversationTopic DandelionProposes {{VariableTimegate}}/viewport 10 20 clamp true/pause 1000/playSound doorOpen/doAction 3 22/advancedMove farmer false 0 -2 4 10/emote farmer 8/speak Roslin \"{{i18n:Events.SnS.Ch5.Dandelion.Roslin.01}}\"/jump farmer 5/advancedMove farmer false -1 0 4 10/speak Dandelion \"{{i18n:Events.SnS.Ch5.Dandelion.Dandelion.02}}\"/speak Roslin \"{{i18n:Events.SnS.Ch5.Dandelion.Roslin.03}}\"/speak Dandelion \"{{i18n:Events.SnS.Ch5.Dandelion.Dandelion.04}}\"/emote Roslin 40/shake Roslin 2000/speak Roslin \"{{i18n:Events.SnS.Ch5.Dandelion.Roslin.05}}\"/showFrame Dandelion 34/pause 250/emote Roslin 16 true/jump Roslin 5/pause 250/speak Dandelion \"{{i18n:Events.SnS.Ch5.Dandelion.Dandelion.06}}\"/speak Roslin \"{{i18n:Events.SnS.Ch5.Dandelion.Roslin.07}}\"/speak Dandelion \"{{i18n:Events.SnS.Ch5.Dandelion.Dandelion.08}}\"/speak Roslin \"{{i18n:Events.SnS.Ch5.Dandelion.Roslin.09}}\"/speak Dandelion \"{{i18n:Events.SnS.Ch5.Dandelion.Dandelion.10}}\"/pause 250/message \"{{i18n:Events.SnS.Ch5.Dandelion.Message.11}}\"/speak Dandelion \"{{i18n:Events.SnS.Ch5.Dandelion.Dandelion.12}}\"/shake Roslin 2000/textAboveHead Roslin \"{{i18n:Events.SnS.Ch5.Dandelion.Roslin.13}}\"/pause 250/advancedMove Roslin false 0 1 -2 0 0 -2 4 10/waitForAllStationary/playSound pickUpItem/emote Dandelion 8/pause 500/advancedMove Roslin false 0 2 2 0 0 -1 3 10/emote Dandelion 40 true/emote Roslin 40 true/waitForAllStationary/message \"{{i18n:Events.SnS.Ch5.Dandelion.Message.14}}\"/shake Dandelion 2000/speak Roslin \"{{i18n:Events.SnS.Ch5.Dandelion.Roslin.15}}\"/playSound leafrustle/jump Dandelion 5 true/faceDirection Dandelion 2 true/emote Dandelion 16 true/jump Roslin 5 true/faceDirection Roslin 2 true/emote Roslin 12 true/pause 250/speed farmer 5/advancedMove farmer false 1 0 0 8 3 0 0 5 10 2/emote farmer 60/pause 250/faceDirection Mateo 1 true/emote Mateo 8 true/faceDirection Hector 3 true/emote Hector 8 true/fade/viewport -1000 -1000/pause 1000/stopAdvancedMoves/end",
      }
    },

    {
      "LogName": "Epilogue pt 2 - Wyatt Returns", 
      "Action": "EditData",
      "Target": "Data/Events/EastScarp_CoastalGuild", 
      "Entries": {
        "SnS.Ch5.Mateo/e SnS.Ch5.Dandelion/f Mateo 2000/t 800 2200/n DuskspireDefeated/A DandelionProposes/F": "SnS.MateoTheme/-100 -100/farmer 100 -100 2 Mateo 20 14 2/addTemporaryActor MateoEmeritus 32 32 2 17 2 true Character/changeName MateoEmeritus Emeritus/animate MateoEmeritus false true 500 23 24 25 26 0 23/addTemporaryActor MateoWyatt 16 32 12 13 0 true Character/changeName MateoWyatt Wyatt/addConversationTopic WyattReturns {{VariableTimegate}}/skippable/viewport 12 12/globalFadeToClear/pause 500/advancedMove Mateo false -2 0 0 -1 -4 0 3 10/textAboveHead Mateo \"{{i18n:Events.SnS.Ch5.Mateo.Mateo.01}}\"/pause 250/warp farmer 20 14/advancedMove farmer false -2 0 0 -1 -3 0 0 -1 -1 0 3 10/pause 250/faceDirection MateoWyatt 1/speak MateoWyatt \"{{i18n:Events.SnS.Ch5.Mateo.MateoWyatt.02}}\"/speak Mateo \"{{i18n:Events.SnS.Ch5.Mateo.Mateo.03}}\"/speak MateoWyatt \"{{i18n:Events.SnS.Ch5.Mateo.MateoWyatt.04}}\"/speak Mateo \"{{i18n:Events.SnS.Ch5.Mateo.Mateo.05}}\"/speak MateoWyatt \"{{i18n:Events.SnS.Ch5.Mateo.MateoWyatt.06}}\"/shake Mateo 1000/emote Mateo 40/pause 500/speak MateoWyatt \"{{i18n:Events.SnS.Ch5.Mateo.MateoWyatt.07}}\"/faceDirection Mateo 0 true/faceDirection farmer 2/quickQuestion #{{i18n:Events.SnS.Ch5.Mateo.QuickQuestion.08}}#{{i18n:Events.SnS.Ch5.Mateo.QuickQuestion.09}}(break)speak Mateo \"{{i18n:Events.SnS.Ch5.Mateo.Mateo.10}}\"(break)speak Mateo \"{{i18n:Events.SnS.Ch5.Mateo.Mateo.11}}\"/faceDirection Mateo 3 true/faceDirection farmer 3/speak MateoWyatt \"{{i18n:Events.SnS.Ch5.Mateo.MateoWyatt.12}}\"/speak Mateo \"{{i18n:Events.SnS.Ch5.Mateo.Mateo.13}}\"/shake MateoWyatt 1000/emote MateoWyatt 40/pause 250/speak MateoWyatt \"{{i18n:Events.SnS.Ch5.Mateo.MateoWyatt.14}}\"/speak Mateo \"{{i18n:Events.SnS.Ch5.Mateo.Mateo.15}}\"/speak MateoWyatt \"{{i18n:Events.SnS.Ch5.Mateo.MateoWyatt.16}}\"/shake Mateo 1000/emote Mateo 40/pause 250/speak MateoWyatt \"{{i18n:Events.SnS.Ch5.Mateo.MateoWyatt.17}}\"/speak Mateo \"{{i18n:Events.SnS.Ch5.Mateo.Mateo.18}}\"/speak MateoWyatt \"{{i18n:Events.SnS.Ch5.Mateo.MateoWyatt.19}}\"/faceDirection farmer 2/emote farmer 40/pause 1000/speak Mateo \"{{i18n:Events.SnS.Ch5.Mateo.Mateo.20}}\"/shake MateoWyatt 1000/speak MateoWyatt \"{{i18n:Events.SnS.Ch5.Mateo.MateoWyatt.21}}\"/speak Mateo \"{{i18n:Events.SnS.Ch5.Mateo.Mateo.22}}\"/speak MateoWyatt \"{{i18n:Events.SnS.Ch5.Mateo.MateoWyatt.23}}\"/speak Mateo \"{{i18n:Events.SnS.Ch5.Mateo.Mateo.24}}\"/jump MateoWyatt 5/speak MateoWyatt \"{{i18n:Events.SnS.Ch5.Mateo.MateoWyatt.25}}\"/advancedMove farmer false -5 0 0 5 2 10/pause 500/fade/viewport -1000 -1000/speak Mateo \"{{i18n:Events.SnS.Ch5.Mateo.Mateo.26}}\"/speak MateoWyatt \"{{i18n:Events.SnS.Ch5.Mateo.MateoWyatt.27}}\"/pause 500/end",
      }
    },

    {
			"LogName": "Epilogue pt 3 - Hector Gets Promoted",
			"Action": "EditData",
			"Target": "Data/Events/EastScarp_VetHouse",
			"Entries": { 
	  
			  "SnS.Ch5.Hector/e SnS.Ch5.Mateo/f Hector 2000/t 800 2200/n DuskspireDefeated/A WyattReturns/F": "{{season}}_day_ambient/-100 -100/farmer 12 27 0 Hector 10 24 3 RichieTheMacaw 8 21 2 Jacob 8 24 1 Eloise 9 23 2/addConversationTopic HectorPromotion {{VariableTimegate}}/skippable/playSound doorOpen/viewport 10 26/globalFadeToClear/emote farmer 8/advancedMove farmer false 0 -3 3 10/speak Jacob \"{{i18n:Events.SnS.Ch5.Hector.Jacob.01}}\"/shake Hector 500/emote Hector 28/speak Hector \"{{i18n:Events.SnS.Ch5.Hector.Hector.02}}\"/emote Eloise 8 true/emote Jacob 8 true/speak Jacob \"{{i18n:Events.SnS.Ch5.Hector.Jacob.03}}\"/speak Eloise \"{{i18n:Events.SnS.Ch5.Hector.Eloise.04}}\"/speak Hector \"{{i18n:Events.SnS.Ch5.Hector.Hector.05}}\"/jump Eloise 5 true/emote Eloise 20 true/speak Eloise \"{{i18n:Events.SnS.Ch5.Hector.Eloise.06}}\"/pause 250/speak Hector \"{{i18n:Events.SnS.Ch5.Hector.Hector.07}}\"/speak Jacob \"{{i18n:Events.SnS.Ch5.Hector.Jacob.08}}\"/speak Hector \"{{i18n:Events.SnS.Ch5.Hector.Hector.09}}\"/speak Jacob \"{{i18n:Events.SnS.Ch5.Hector.Jacob.10}}\"/textAboveHead Hector \"{{i18n:Events.SnS.Ch5.Hector.Hector.11}}\"/pause 1000/speak Jacob \"{{i18n:Events.SnS.Ch5.Hector.Jacob.12}}\"/speak Hector \"{{i18n:Events.SnS.Ch5.Hector.Hector.13}}\"/speak Eloise \"{{i18n:Events.SnS.Ch5.Hector.Eloise.14}}\"/jump Hector 5 true/emote Hector 16 true/speak Hector \"{{i18n:Events.SnS.Ch5.Hector.Hector.15}}\"/speak Jacob \"{{i18n:Events.SnS.Ch5.Hector.Jacob.16}}\"/textAboveHead Eloise \"{{i18n:Events.SnS.Ch5.Hector.Eloise.17}}\"/pause 2000/emote Jacob 8/pause 250/speak Eloise \"{{i18n:Events.SnS.Ch5.Hector.Eloise.18}}\"/emote Hector 60/speak Hector \"{{i18n:Events.SnS.Ch5.Hector.Hector.19}}\"/pause 250/speak Jacob \"{{i18n:Events.SnS.Ch5.Hector.Jacob.20}}\"/speak Hector \"{{i18n:Events.SnS.Ch5.Hector.Hector.21}}\"/speak Eloise \"{{i18n:Events.SnS.Ch5.Hector.Eloise.22}}\"/emote Hector 8/speak Jacob \"{{i18n:Events.SnS.Ch5.Hector.Jacob.23}}\"/speak Eloise \"{{i18n:Events.SnS.Ch5.Hector.Eloise.24}}\"/speak Hector \"{{i18n:Events.SnS.Ch5.Hector.Hector.25}}\"/advancedMove farmer false 0 3 2 10/pause 50/fade/viewport -1000 -1000/speak Hector \"{{i18n:Events.SnS.Ch5.Hector.Hector.26}}\"/speak Jacob \"{{i18n:Events.SnS.Ch5.Hector.Jacob.27}}\"/end",
			}
	  
		},

    {
      "LogName": "Epilogue pt 4 - Cirrus Reconnects w/ Mom",
      "Action": "EditData",                                           
      "Target": "Data/Events/EastScarp_DeepMountains",
      "Entries": {
    
        "SnS.Ch5.Cirrus/e SnS.Ch5.Hector/f Cirrus 2000/t 1400 2200/n DuskspireDefeated/w sunny/A HectorPromotion/F": "SnS.VulnerableTheme/-100 -100/farmer 16 24 0 Cirrus -100 -100 0/globalFadeToClear/addConversationTopic CirrusAndMom {{VariableTimegate}}/viewport 17 16 clamp true/pause 1000/faceDirection farmer 3/pause 200/faceDirection farmer 1/pause 200/faceDirection farmer 0/emote farmer 40/pause 200/advancedMove farmer false 0 -20 4 10/pause 2000/emote farmer 16/pause 2000/fade/viewport -200 -200/message \"{{i18n:Events.SnS.Ch5.Cirrus.Message.01}}\"/waitForAllStationary/changeLocation EastScarp_HectorForest/warp Cirrus 22 21/warp farmer 21 32/faceDirection farmer 0/faceDirection Cirrus 2/animate Cirrus false true 200 16 16 17 17 18 18 19 19 20 20 21 21 22 22 23 23 24 24 25 25/viewport 21 25/advancedMove farmer false 0 -11 1 10/pause 3000/emote Cirrus 16/jump Cirrus 5/stopAnimation Cirrus/stopMusic/faceDirection Cirrus 3/speak Cirrus \"{{i18n:Events.SnS.Ch5.Cirrus.Cirrus.02}}\"/pause 200/emote farmer 32 true/pause 200/speak Cirrus \"{{i18n:Events.SnS.Ch5.Cirrus.Cirrus.03}}\"/jump farmer 5 true/emote farmer 16 true/pause 250/speak Cirrus \"{{i18n:Events.SnS.Ch5.Cirrus.Cirrus.04}}\"/pause 250/emote farmer 8/pause 250/speak Cirrus \"{{i18n:Events.SnS.Ch5.Cirrus.Cirrus.05}}\"/pause 250/emote farmer 60/pause 250/speak Cirrus \"{{i18n:Events.SnS.Ch5.Cirrus.Cirrus.06}}\"/faceDirection farmer 2 true/faceDirection Cirrus 2 true/pause 250/speak Cirrus \"{{i18n:Events.SnS.Ch5.Cirrus.Cirrus.07}}\"/emote farmer 20/pause 500/emote Cirrus 32/pause 500/speak Cirrus \"{{i18n:Events.SnS.Ch5.Cirrus.Cirrus.08}}\"/pause 250/emote farmer 56 true/emote Cirrus 56 true/pause 250/animate Cirrus false true 200 16 16 17 17 18 18 19 19 20 20 21 21 22 22 23 23 24 24 25 25/animate farmer false true 98 98 99 99 100 100/playMusic SnS.VulnerableTheme/viewport move 0 -1 7000/pause 7000/fade/viewport -1000 -1000/end",

      },
            
    },

    {
      "LogName": "Epilogue pt 5 - Rosalion Wedding", 
      "Action": "EditData",
      "Target": "Data/Events/EastScarp_CoastalGuild", 
      "Entries": {
        "SnS.Ch5.Roslin/e SnS.Ch5.Cirrus/f Roslin 2000/t 800 2200/n DuskspireDefeated/A CirrusAndMom/F": "SnS.HopeTheme/-100 -100/farmer 10 18 0 Mateo 10 13 2 Hector -100 -100 0 Cirrus -100 -100 0 Roslin -100 -100 1 Dandelion -100 -100 3 Solomon -100 -100 0 Juliet -100 -100 0 Rosa -100 -100 0 Jessie -100 -100 0 MadDog.HashtagBearFam.Sigurd? -100 -100 0 MadDog.HashtagBearFam.Teren? -100 -100 0 MadDog.HashtagBearFam.Gunnar? -100 -100 0 RodneyOBrien? -100 -100 0 SenS? -100 -100 0 Krobus -100 -100 0 Nova.Eli? -100 -100 0 Nova.Dylan? -100 -100 0 Aideen -100 -100 0 Jacob -100 -100 0 Eloise -100 -100 0 ToriLK -100 -100 0 Nora? -100 -100 0 FC.Barron? -100 -100 0 FC.John? -100 -100 0 Fievel? -100 -100 0 OliverK -100 -100 0 JosephineK -100 -100 0 Beatrice -100 -100 0 Jasper -100 -100 0 KennedyLK -100 -100 0/addTemporaryActor MateoEmeritus 32 32 2 17 2 true Character/changeName MateoEmeritus Emeritus/animate MateoEmeritus false true 500 23 24 25 26 0 23/addConversationTopic RosalionWedding {{VariableTimegate}}/skippable/viewport 12 12/globalFadeToClear/pause 500/playSound doorOpen/emote Mateo 16 true/jump Mateo 5 true/pause 250/faceDirection Mateo 2 true/emote farmer 40 true/speak Mateo \"{{i18n:Events.SnS.Ch5.Roslin.Mateo.01}}\"/quickQuestion {{i18n: Events.SnS.Ch5.Roslin.QQ.A}}(break)speak Mateo \"{{i18n: Events.SnS.Ch5.Roslin.QQ.B}}\"/pause 500/fade/viewport -1000 -1000/changeLocation EastScarp_VioletMoonFestivalGrounds/addTemporaryActor WeddingArch 125 80 52 39 0 false Character/warp Roslin 55 40 true/warp Mateo 55 42 true/faceDirection Mateo 0 true/showFrame Dandelion 37/warp Dandelion 56 40 true/warp Hector 52 43/warp Cirrus 53 43/warp Solomon 54 43/warp Juliet 56 43 true/warp Rosa 57 43 true/warp Jessie 58 43 true/addTemporaryActor MateoGunther 16 32 52 44 0 true character/addTemporaryActor MateoMarlon 16 32 54 44 0 true/warp Krobus 53 44 true/addTemporaryActor MateoWyatt 16 32 56 44 0 true/warp Jasper 57 44 true/viewport 55 40/warp ToriLK 58 44 true/warp MadDog.HashtagBearFam.Sigurd? 52 46 true/warp MadDog.HashtagBearFam.Teren? 53 46 true/warp MadDog.HashtagBearFam.Gunnar? 54 46 true/warp Nova.Eli? 56 45 true/warp Fievel? 57 45 true/warp Nova.Dylan 58 45 true/warp MateoEmeritus 51 41 true/stopAnimation MateoEmeritus/faceDirection MateoEmeritus 1 true/warp Jacob 52 45 true/warp Eloise 53 45 true/warp Aideen 54 45 true/warp SenS? 56 46 true/warp RodneyOBrien 57 46 true/warp Beatrice 58 46 true/addTemporaryActor BookDryad 16 32 59 41 3 true Character/warp FC.Barron? 52 47 true/warp FC.John? 53 47 true/warp FC.Pop? 54 47 true/warp OliverK 56 47 true/warp KennedyLK 57 47 true/warp JosephineK 58 47 true/pause 2000/speak Mateo \"{{i18n:Events.SnS.Ch5.Roslin.Mateo.02}}\"/pause 250/emote MateoMarlon 12/pause 250/speak Mateo \"{{i18n:Events.SnS.Ch5.Roslin.Mateo.03}}\"/pause 250/showFrame Roslin 37/showFrame Dandelion 38/positionOffset Roslin 2 0/positionOffset Dandelion -2 0/pause 100/positionOffset Roslin 2 0/positionOffset Dandelion -2 0/pause 100/positionOffset Roslin 2 0/positionOffset Dandelion -2 0/pause 100/positionOffset Roslin 2 0/positionOffset Dandelion -2 0/pause 100/positionOffset Roslin 2 0/positionOffset Dandelion -2 0/pause 100/positionOffset Roslin 2 0/positionOffset Dandelion -2 0/specificTemporarySprite heart 56 39/viewport move 0 -1 10000/pause 10000/fade/viewport -1000 -1000/changeName MateoMarlon Marlon/changeName MateoGunther Gunther/changeName MateoWyatt Wyatt/speak MateoMarlon \"{{i18n:Events.SnS.Ch5.Roslin.MateoMarlon.04}}\"/speak MateoWyatt \"{{i18n:Events.SnS.Ch5.Roslin.MateoWyatt.05}}\"/speak MateoGunther \"{{i18n:Events.SnS.Ch5.Roslin.MateoGunther.06}}\"/pause 500/end",
      }
    },

    {
      "LogName": "Epilogue pt 6 - Violet Moon Renaissance Faire", 
      "Action": "EditData",
      "Target": "Data/Events/EastScarp_CoastalGuild", 
      "Entries": {
        "SnS.Ch5.VioletMoon/e SnS.Ch5.Roslin/f Mateo 2000/t 800 2200/n DuskspireDefeated/A RosalionWedding/F": "SnS.HopeTheme/-100 -100/farmer 29 5 3 Mateo 27 5 2 Hector 26 7 0 Cirrus 27 7 0 Roslin 29 7 0 Dandelion 30 7 0 Solomon 28 7 0/addTemporaryActor MateoEmeritus 32 32 2 17 2 true Character/changeName MateoEmeritus Emeritus/animate MateoEmeritus false true 500 23 24 25 26 0 23/addConversationTopic VioletMoonRennFaire {{VariableTimegate}}/skippable/viewport 12 12/globalFadeToClear/pause 1000/speak Mateo \"{{i18n:Events.SnS.Ch5.VioletMoon.Mateo.01}}\"/speak Hector \"{{i18n:Events.SnS.Ch5.VioletMoon.Hector.02}}\"/speak Cirrus \"{{i18n:Events.SnS.Ch5.VioletMoon.Cirrus.03}}\"/speak Roslin \"{{i18n:Events.SnS.Ch5.VioletMoon.Roslin.04}}\"/speak Dandelion \"{{i18n:Events.SnS.Ch5.VioletMoon.Dandelion.05}}\"/speak Solomon \"{{i18n:Events.SnS.Ch5.VioletMoon.Solomon.06}}\"/speak Hector \"{{i18n:Events.SnS.Ch5.VioletMoon.Hector.07}}\"/speak Solomon \"{{i18n:Events.SnS.Ch5.VioletMoon.Solomon.08}}\"/speak Mateo \"{{i18n:Events.SnS.Ch5.VioletMoon.Mateo.09}}\"/jump farmer 5 true/emote farmer 16 true/speak Hector \"{{i18n:Events.SnS.Ch5.VioletMoon.Hector.10}}\"/speak Cirrus \"{{i18n:Events.SnS.Ch5.VioletMoon.Cirrus.11}}\"/speak Mateo \"{{i18n:Events.SnS.Ch5.VioletMoon.Mateo.12}}\"/speak Dandelion \"{{i18n:Events.SnS.Ch5.VioletMoon.Dandelion.13}}\"/speak Roslin \"{{i18n:Events.SnS.Ch5.VioletMoon.Roslin.14}}\"/speak Hector \"{{i18n:Events.SnS.Ch5.VioletMoon.Hector.15}}\"/speak Cirrus \"{{i18n:Events.SnS.Ch5.VioletMoon.Cirrus.16}}\"/speak Mateo \"{{i18n:Events.SnS.Ch5.VioletMoon.Mateo.17}}\"/speak Solomon \"{{i18n:Events.SnS.Ch5.VioletMoon.Solomon.18}}\"/speak Roslin \"{{i18n:Events.SnS.Ch5.VioletMoon.Roslin.19}}\"/speak Hector \"{{i18n:Events.SnS.Ch5.VioletMoon.Hector.20}}\"/speak Dandelion \"{{i18n:Events.SnS.Ch5.VioletMoon.Dandelion.21}}\"/speak Mateo \"{{i18n:Events.SnS.Ch5.VioletMoon.Mateo.22}}\"/fade/viewport -1000 -1000/message \"{{i18n:Events.SnS.Ch5.VioletMoon.Message.23}}\"/pause 250/end",
      }
    },

    {
      "LogName": "Epilogue pt 6 - Sword & Sorcery", 
      "Action": "EditData",
      "Target": "Data/Events/EastScarp_CoastalGuild", 
      "Entries": {
        "SnS.Ch5.End/e SnS.Ch5.VioletMoon/f Mateo 2000/t 800 2200/n DuskspireDefeated/A VioletMoonRennFaire/F": "SnS.MateoTheme/-100 -100/farmer 15 17 0 Cirrus 16 17 0 Dandelion 17 17 0 Roslin 13 17 0 Mateo 15 14 2 Hector 14 17 0 Solomon 4 16 3 Krobus 4 17 3 MadDog.HashtagBearFam.Gunnar? 18 16 3/skippable/addConversationTopic SwordAndSorcery {{VariableTimegate}}/removeTile 14 17 Buildings/removeTile 16 17 Buildings/removeTile 12 16 Buildings/removeTile 12 15 Buildings/removeTile 14 14 Buildings/removeTile 16 14 Buildings/removeTile 18 15 Buildings/removeTile 18 16 Buildings/addTemporaryActor MateoEmeritus 32 32 2 17 2 true Character/changeName MateoEmeritus Emeritus/animate MateoEmeritus false true 500 23 24 25 26 0 23/viewport 13 12/globalFadeToClear/pause 1000/emote Mateo 40/pause 250/speak Cirrus \"{{i18n:Events.SnS.Ch5.End.Cirrus.01}}\"/speak Hector \"{{i18n:Events.SnS.Ch5.End.Hector.02}}\"/speak Mateo \"{{i18n:Events.SnS.Ch5.End.Mateo.03}}\"/speak Roslin \"{{i18n:Events.SnS.Ch5.End.Roslin.04}}\"/speak Dandelion \"{{i18n:Events.SnS.Ch5.End.Dandelion.05}}\"/jump Cirrus 5 true/emote Cirrus 16 true/pause 250/speak Cirrus \"{{i18n:Events.SnS.Ch5.End.Cirrus.06}}\"/speak Hector \"{{i18n:Events.SnS.Ch5.End.Hector.07}}\"/speak Mateo \"{{i18n:Events.SnS.Ch5.End.Mateo.08}}\"/speak Dandelion \"{{i18n:Events.SnS.Ch5.End.Dandelion.09}}\"/speak Roslin \"{{i18n:Events.SnS.Ch5.End.Roslin.10}}\"/speak Mateo \"{{i18n:Events.SnS.Ch5.End.Mateo.11}}\"/speak Cirrus \"{{i18n:Events.SnS.Ch5.End.Cirrus.12}}\"/speak Hector \"{{i18n:Events.SnS.Ch5.End.Hector.13}}\"/pause 250/emote Mateo 20/pause 250/fade/viewport -1000 -1000/warp Hector -100 -100 true/warp Cirrus -100 -100 true/warp Dandelion -100 -100 true/warp Roslin -100 -100 true/warp Krobus -100 -100 true/warp Solomon -100 -100 true/warp MadDog.HashtagBearFam.Gunnar? -100 -100 true/warp MateoEmeritus -100 -100 true/warp Mateo 25 15 true/warp farmer 24 15 true/faceDirection farmer 2 true/speak Cirrus \"{{i18n:Events.SnS.Ch5.End.Cirrus.14}}\"/speak MateoEmeritus \"{{i18n:Events.SnS.Ch5.End.MateoEmeritus.15}}\"/speak Solomon \"{{i18n:Events.SnS.Ch5.End.Solomon.16}}\"/speak Mateo \"{{i18n:Events.SnS.Ch5.End.Mateo.17}}\"/pause 250/stopMusic/fade/viewport 25 12/pause 1000/emote Mateo 60/pause 250/speak Mateo \"{{i18n:Events.SnS.Ch5.End.Mateo.18}}\"/emote farmer 16 true/jump farmer 5 true/faceDirection farmer 1 true/pause 250/speak Mateo \"{{i18n:Events.SnS.Ch5.End.Mateo.19}}\"/pause 250/emote farmer 60/pause 250/speak Mateo \"{{i18n:Events.SnS.Ch5.End.Mateo.20}}\"/pause 250/emote farmer 32/pause 1000/fade/viewport -1000 -1000/speak Mateo \"{{i18n:Events.SnS.Ch5.End.Mateo.21}}\"/changeLocation EastScarp_Village/warp farmer 93 111 true/faceDirection farmer 2 true/faceDirection Mateo 3 true/warp Mateo 94 111 true/pause 250/playMusic ocean/fade/viewport 93 110 clamp true/pause 2000/emote Mateo 8 true/emote farmer 40 true/pause 2000/showFrame farmer 57/playSound discoverMineral/addTemporaryActor DestysKeychain 16 16 93 109 0 false Character/positionOffset DestysKeychain 0 -20/hideShadow DestysKeychain true/ignoreCollisions DestysKeychain/pause 2000/message \"{{i18n:Events.SnS.Ch5.End.Message.22}}\"/warp DestysKeychain -100 -100/showFrame farmer 0/speak Mateo \"{{i18n:Events.SnS.Ch5.End.Mateo.23}}\"/pause 250/emote farmer 32/faceDirection Mateo 2/pause 250/viewport move 0 -1 15000/pause 15000/fade/viewport -1000 -1000/pause 1000/addTemporaryActor KeyArt 327 279 -500 -500 0/pause 250/fade/viewport -487 -502/pause 2000/message \"{{i18n:Events.SnS.Ch5.End.Message.24}}\"/pause 5000/fade/viewport -1000 -1000/end"
      }
    },

    

  ]

}

/* addTemporaryActor MateoWyatt 16 32 12 13 0 true Character/changeName MateoWyatt Wyatt/

quickQuestion #That girl sounds overwhelmed. #That voice is familiar.(break)speak Mateo \"Let's check in on things, just in case.$32\"(break)speak Hector \"Right? Reminds me of something I was watching with Eloise...$7\"

(0 = up, 1 = right, 2 = down, 3 = left)

waitForAllStationary - waits until all advMoves are complete for next action 

stopAdvancedMoves - will prevent clipping issues at the end of an event when characters advMove off screen

advancedMove true/false (loop) parameters

parameters:
x y x y x y = move without pause

x y z t x y z t = move with pauses

x y x y z t x y = move with mix of mentioned above

x = how many tiles move in x axis (+ = right, - = left)
y = how many tiles move in y axis (+ = down, - = up)
z = direction face upon reaching destination (1=right, 2=down, 3=left, 4=up)
t = duration in milliseconds how long to stay in that spot (must be >= 10000ms)

4- empty can
8- question mark
12- angry
16- exclamation
20- heart
24- sleep
28- sad
32- happy
36- x
40- pause
52- video game
56- music note
60- blush 

*/
