{

  "Changes": [

    {
      "LogName": "Hector's 0 Heart Event",
      "Action": "EditData",                                           
      "Target": "Data/Events/Railroad",
      "Entries": {
    
        "{{HectorIntroRequirement}}": "playful/-100 -100/farmer 29 49 0 Mateo 28 49 0 Linus 27 36 1 Hector -999 -999 1/addConversationTopic HectorIntro 2/animate Linus false true 500 20 21 20 21 20 21 20 21/addTemporaryActor HectorBook 32 32 -999 -999 2 true Character/ignoreCollisions HectorBook/skippable/viewport 29 44/globalFadeToClear/textAboveHead Mateo \"{{i18n:Events.S&S.Ch2.0H.Mateo.1}}\"/pause 250/viewport move 0 -1 5000/advancedMove farmer false 0 -8 4 10/advancedMove Mateo false 0 -8 4 10/pause 2750/emote Mateo 8 true/emote farmer 32 true/pause 250/stopAnimation Linus/faceDirection Linus 2/jump Linus 5/pause 100/emote Linus 16 true/speak Linus \"{{i18n:Events.S&S.Ch2.0H.Linus.1}}\"/faceDirection Linus 1/pause 250/speak Linus \"{{i18n:Events.S&S.Ch2.0H.Linus.2}}\"/pause 250/stopMusic/showFrame Linus 21/shake Linus 500/pause 500/playSound wand/warp Linus -999 -999/speed Mateo 4/speed farmer 4/advancedMove Mateo false 0 -4 4 10/advancedMove farmer false -2 0 0 -5 2 10/pause 2100/startJittering/showFrame farmer 94/shake Mateo 2000/pause 1000/faceDirection farmer 1/emote farmer 8/pause 250/animate farmer false true 500 34 34/pause 250/playSound thudStep/stopJittering/playSound wand/warp farmer -999 -999/shake Mateo 8000/pause 500/faceDirection Mateo 1/pause 100/faceDirection Mateo 3/pause 100/faceDirection Mateo 2/pause 2100/globalFade/warp Mateo -999 -999/viewport 999 999/stopAnimation farmer/changeLocation EastScarp_DruidTower/removeTile 6 15 Buildings/removeTile 6 14 Front/warp HectorBook 6 15/faceDirection HectorBook 2/positionOffset HectorBook -20 0/animate HectorBook false true 500 32 33 34 35/warp Hector 6 25/faceDirection Hector 2/warp Linus 6 26/faceDirection Linus 0/warp farmer 6 28/faceDirection farmer 0/shake Linus 8000/changeName Hector ???/playMusic SnS.HectorTheme/viewport 6 22/globalFadeToClear/speak Hector \"{{i18n:Events.S&S.Ch2.0H.Hector.1}}\"/pause 250/speak Linus \"{{i18n:Events.S&S.Ch2.0H.Linus.3}}\"/pause 250/speak Hector \"{{i18n:Events.S&S.Ch2.0H.Hector.2}}\"/speed Linus 4/speed farmer 2/advancedMove farmer false -1 0 4 10/advancedMove Linus false 0 6 2 10/pause 500/playSound doorOpen/warp Linus 999 999/advancedMove farmer false 1 0 0 -1 4 10/speak Hector \"{{i18n:Events.S&S.Ch2.0H.Hector.3}}\"/pause 250/emote Hector 40/pause 1000/animate Hector false true 500 17 17 18 18 17 17 18 18 17 17/textAboveHead Hector \"{{i18n:Events.S&S.Ch2.0H.Hector.4}}\"/pause 2000/stopAnimation Hector/faceDirection Hector 0/pause 500/faceDirection Hector 1/pause 1000/emote Hector 28/pause 1000/advancedMove Hector false -3 0 3 10/pause 2000/faceDirection Hector 0/emote Hector 40/pause 1500/textAboveHead Hector \"{{i18n:Events.S&S.Ch2.0H.Hector.5}}\"/pause 1000/advancedMove Hector false 3 0 2 10/changeName Hector Hector?/pause 1800/faceDirection Hector 2/speak Hector \"{{i18n:Events.S&S.Ch2.0H.Hector.6}}\"/pause 250/emote farmer 12/changeName Hector Hector/speak Hector \"{{i18n:Events.S&S.Ch2.0H.Hector.7}}\"/quickQuestion #{{i18n:Events.S&S.Ch2.0H.Q1.Answer.1}}#{{i18n:Events.S&S.Ch2.0H.Q1.Answer.2}}(break)friendship Hector 25\\speak Hector \"{{i18n:Events.S&S.Ch2.0H.Q1.Response.1}}\"(break)friendship Hector 50\\speak Hector \"{{i18n:Events.S&S.Ch2.0H.Q1.Response.2}}\"/pause 250/speak Hector \"{{i18n:Events.S&S.Ch2.0H.Hector.8}}\"/emote farmer 8/advancedMove farmer false 0 5 2 10/pause 800/playSound doorOpen/warp farmer 999 999/pause 1000/globalFade/viewport 999 999/playSound wand/pause 250/speak Mateo \"{{i18n:Events.S&S.Ch2.0H.Mateo.2}}\"/speak Hector \"{{i18n:Events.S&S.Ch2.0H.Hector.9}}\"/pause 100/stopAdvancedMoves/end position 28 37"

      },

      "When": {"HasSeenEvent |contains=SnS.Ch1.Mateo.14": true}
            
    },

    {
      "LogName": "Hector's 1 Heart Event",
      "Action": "EditData",                                           
      "Target": "Data/Events/EastScarp_DruidTower",
      "Entries": {
    
        "SnS.Ch2.Hector.2/e SnS.Ch2.Hector.1/f Hector 250/t 0800 2200/A HectorIntro/F": "playful/-100 -100/farmer 6 28 0 Hector 4 17 3/addTemporaryActor HectorBook 32 32 3 15 2 true Character/ignoreCollisions HectorBook/changeName HectorBook Book/skippable/viewport 6 25/addConversationTopic HectorBookIntro 2/playSound doorOpen/globalFadeToClear/viewport move 0 -1 5000/advancedMove farmer false 0 -11 3 10/emote farmer 8/pause 2500/emote farmer 16 true/emote Hector 12/pause 250/faceDirection Hector 1/speak Hector \"{{i18n:Events.S&S.Ch2.1H.Hector.1}}\"/jump HectorBook 5/faceDirection Hector 0 true/emote Hector 16/speak HectorBook \"{{i18n:Events.S&S.Ch2.1H.Book.1}}\"/pause 250/emote Hector 12 true/faceDirection Hector 1/pause 250/speak Hector \"{{i18n:Events.S&S.Ch2.1H.Hector.2}}\"/jump HectorBook 5 true/faceDirection HectorBook 3/pause 25/faceDirection HectorBook 0/pause 25/faceDirection HectorBook 1/pause 25/faceDirection HectorBook 2/emote Hector 40/pause 1000/animate Hector false true 500 17 17 18 18 17 17 18 18 17 17/pause 1000/speak Hector \"{{i18n:Events.S&S.Ch2.1H.Hector.3}}\"/pause 250/emote Hector 28/pause 250/stopAnimation Hector/faceDirection Hector 1/speak Hector \"{{i18n:Events.S&S.Ch2.1H.Hector.4}}\"/pause 250/jump HectorBook 5 true/faceDirection HectorBook 3/pause 25/faceDirection HectorBook 0/pause 25/faceDirection HectorBook 1/pause 25/faceDirection HectorBook 2/speed HectorBook 4/advancedMove HectorBook false 2 0 0 -1 1 0 0 -9 1 0 2 10/pause 250/speak Hector \"{{i18n:Events.S&S.Ch2.1H.Hector.5}}\"/pause 250/advancedMove Hector false 0 -3 2 0 0 -9 2 10/pause 250/textAboveHead Hector \"{{i18n:Events.S&S.Ch2.1H.Hector.6}}\"/pause 750/viewport move 0 -2 8000/advancedMove farmer false -1 0 0 -3 1 0 0 -7 4 10/pause 6000/emote farmer 16/pause 250/speak Hector \"{{i18n:Events.S&S.Ch2.1H.Hector.7}}\"/pause 250/emote Hector 28/pause 250/speak Hector \"{{i18n:Events.S&S.Ch2.1H.Hector.8}}\"/jump Hector 5/emote farmer 16/advancedMove farmer false 0 9 2 10/pause 500/globalFade/viewport -999 -999/speak HectorBook \"{{i18n:Events.S&S.Ch2.1H.Book.2}}\"/pause 100/speak Hector \"{{i18n:Events.S&S.Ch2.1H.Hector.9}}\"/pause 100/speak HectorBook \"{{i18n:Events.S&S.Ch2.1H.Book.3}}\"/pause 100/speak Hector \"{{i18n:Events.S&S.Ch2.1H.Hector.10}}\"/pause 100/speak HectorBook \"{{i18n:Events.S&S.Ch2.1H.Book.4}}\"/stopAdvancedMoves/end position 6 28"

      }
    },
    
    {
      "LogName": "Hector's 2 Heart Event",
      "Action": "EditData",                                           
      "Target": "Data/Events/EastScarp_DruidTower",
      "Entries": {
    
        "SnS.Ch2.Hector.3/e SnS.Ch2.Hector.2/f Hector 500/t 0800 2200/A HectorBookIntro/F": "playful/-100 -100/farmer 6 28 0 Hector 7 25 0/addTemporaryActor HectorBook 32 32 4 24 2 true Character/ignoreCollisions HectorBook/addConversationTopic HectorShapeshift 2/changeName HectorBook Book/skippable/viewport 6 21/playSound doorOpen/globalFadeToClear/advancedMove Hector false 2 0 4 250 -1 0 4 250 1 0 4 250 -2 0 2 500/emote farmer 8/pause 2250/jump Hector 5 true/emote Hector 16/faceDirection Hector 2/advancedMove farmer false 0 -2 1 0 4 10/speak Hector \"{{i18n:Events.S&S.Ch2.2H.Hector.1}}\"/pause 250/emote farmer 40/pause 250/speak Hector \"{{i18n:Events.S&S.Ch2.2H.Hector.2}}\"/jump HectorBook 5 true/emote HectorBook 20 true/faceDirection Hector 3 true/faceDirection HectorBook 3/pause 25/faceDirection HectorBook 0/pause 25/faceDirection HectorBook 1/pause 25/faceDirection HectorBook 2 true/emote Hector 28 true/faceDirection Hector 2/pause 250/speak Hector \"{{i18n:Events.S&S.Ch2.2H.Hector.3}}\"/pause 250/emote farmer 8/pause 250/speak Hector \"{{i18n:Events.S&S.Ch2.2H.Hector.4}}\"/pause 250/emote farmer 32/pause 250/fade/changeLocation EastScarp_HectorForest/viewport -200 -200/warp farmer 21 32/faceDirection farmer 0/positionOffset farmer 0 12/warp Hector 23 32/positionOffset Hector -32 0/warp HectorBook 19 32/faceDirection HectorBook 0/faceDirection Hector 0/addTemporaryActor HectorBadger 32 32 999 999 2 true Character/addTemporaryActor HectorOpossum 32 32 999 999 2 true Character/addTemporaryActor HectorRaccoon 32 32 999 999 2 true Character/addTemporaryActor HectorSkunk 32 32 999 999 2 true Character/addTemporaryActor HectorWolf 32 32 999 999 2 true Character/changePortrait Hector hooddown/changeSprite Hector hooddown/viewport 21 25/playMusic SnS.HectorTheme/globalFadeToClear/pause 1000/emote farmer 8 true/emote Hector 56/pause 250/advancedMove Hector false 0 -9 3 10/advancedMove farmer false 0 -9 1 10/advancedMove HectorBook false 0 -9 1 10/pause 1000/speak Hector \"{{i18n:Events.S&S.Ch2.2H.Hector.5}}\"/faceDirection Hector 0/pause 250/speak Hector \"{{i18n:Events.S&S.Ch2.2H.Hector.6}}\"/faceDirection Hector 2/playSound coldSpell/shake Hector 500/showFrame Hector 51/shake Hector 500/warp Hector 999 999/showFrame HectorWolf 16/warp HectorWolf 22 23/pause 1000/showFrame HectorWolf 0/startJittering/positionOffset farmer -4 0/pause 5/positionOffset farmer -4 0/pause 5/positionOffset farmer -4 0/pause 5/positionOffset farmer -4 0/pause 5/animate farmer false true 500 7 7/positionOffset farmer -4 0/pause 5/positionOffset farmer -4 0/pause 5/positionOffset farmer -4 0/pause 5/positionOffset farmer -4 0/pause 5/changePortrait Hector wolf/textAboveHead Hector \"Ehehehehehe!\"/jump farmer 5 true/emote farmer 16/pause 250/speak Hector \"{{i18n:Events.S&S.Ch2.2H.Hector.7}}\"/faceDirection HectorWolf 3/speak Hector \"{{i18n:Events.S&S.Ch2.2H.Hector.8}}\"/advancedMove HectorWolf false 0 3 2 10/faceDirection farmer 2 true/startJittering/showFrame farmer 94/faceDirection HectorBook 2/pause 2500/playSound coldSpell/shake HectorWolf 500/showFrame HectorWolf 16/pause 1000/showFrame HectorBadger 16/faceDirection HectorBadger 2/warp HectorWolf 999 999/showFrame HectorBadger 16/warp HectorBadger 22 26/pause 500/showFrame HectorBadger 0/textAboveHead HectorBadger \"{{i18n:Events.S&S.Ch2.2H.Hector.9}}\"/pause 2500/advancedMove HectorBadger false -4 0 2 10/pause 2500/playSound coldSpell/shake HectorBadger 500/showFrame HectorBadger 16/showFrame HectorOpossum 16/warp HectorBadger 999 999/warp HectorOpossum 18 26/pause 250/showFrame HectorOpossum 0/pause 250/textAboveHead HectorOpossum \"{{i18n:Events.S&S.Ch2.2H.Hector.10}}\"/advancedMove HectorOpossum false 4 0 2 10/pause 2500/playSound coldSpell/shake HectorOpossum 500/showFrame HectorOpossum 16/showFrame HectorSkunk 16/warp HectorOpossum 999 999/warp HectorSkunk 22 26/pause 250/showFrame HectorSkunk 0/pause 250/textAboveHead HectorSkunk \"{{i18n:Events.S&S.Ch2.2H.Hector.11}}\"/advancedMove HectorSkunk false -4 0 2 10/pause 2500/playSound coldSpell/shake HectorSkunk 500/showFrame HectorSkunk 16/showFrame HectorRaccoon 16/warp HectorSkunk 999 999/warp HectorRaccoon 18 26/pause 250/showFrame HectorRaccoon 0/pause 250/textAboveHead HectorRaccoon \"{{i18n:Events.S&S.Ch2.2H.Hector.12}}\"/pause 250/advancedMove HectorRaccoon false 2 0 2 10/pause 2500/playSound coldSpell/shake HectorRaccoon 500/showFrame HectorRaccoon 16/showFrame HectorWolf 16/warp HectorRaccoon 999 999/warp HectorWolf 20 26/shake HectorWolf 1000/pause 2500/showFrame HectorWolf 8/pause 250/speak Hector \"{{i18n:Events.S&S.Ch2.2H.Hector.13}}\"/pause 250/stopJittering/showFrame farmer 0/emote farmer 40/pause 250/speak Hector \"{{i18n:Events.S&S.Ch2.2H.Hector.14}}\"/pause 250/jump HectorWolf 5/textAboveHead HectorWolf \"{{i18n:Events.S&S.Ch2.2H.Hector.15}}\"/pause 1000/emote farmer 8/pause 250/faceDirection HectorWolf 3/pause 25/faceDirection HectorWolf 1/pause 25/faceDirection HectorWolf 2/pause 25/faceDirection HectorWolf 0/pause 25/emote Hector 28/pause 250/speak Hector \"{{i18n:Events.S&S.Ch2.2H.Hector.16}}\"/jump farmer 5/emote farmer 12/fade/viewport -999 -999/message \"{{i18n:Events.S&S.Ch2.2H.Message.1{{HectorPronouns}}}}\"/pause 250/changePortrait Hector hooddown/speak Hector \"{{i18n:Events.S&S.Ch2.2H.Hector.17}}\"/pause 250/speak HectorBook \"{{i18n:Events.S&S.Ch2.2H.Book.1}}\"/pause 250/stopAdvancedMoves/end position 6 28"

      }
    },
    
    {
      "LogName": "Hector's 3 Heart Event Pt1",
      "Action": "EditData",                                           
      "Target": "Data/Events/EastScarp_DruidTower",
      "Entries": {
    
        "SnS.Ch2.Hector.4/e SnS.Ch2.Hector.3/f Hector 750/t 0800 2200/A HectorShapeshift/F": "SnS.HectorTheme/-100 -100/farmer 6 28 0 Hector 999 999 2/addTemporaryActor HectorBook 32 32 2 15 0 true Character/addConversationTopic HectorBookQuest 1/ignoreCollisions HectorBook/changeName HectorBook Book/skippable/viewport 6 25/playSound doorOpen/globalFadeToClear/emote farmer 8 true/faceDirection farmer 1/pause 25/faceDirection farmer 3/pause 25/viewport move 0 -1 5000/advancedMove farmer false 0 -11 4 10/emote farmer 16/jump HectorBook 5 true/emote HectorBook 16/speed HectorBook 3/advancedMove HectorBook false 3 0 0 1 1 0 2 10/pause 1000/emote HectorBook 20/pause 250/quickQuestion #{{i18n:Events.S&S.Ch2.3H1.Q1.Answer.1}}#{{i18n:Events.S&S.Ch2.3H1.Q1.Answer.2}}(break)speak HectorBook \"{{i18n:Events.S&S.Ch2.3H1.Q1.Response.1}}\"(break)friendship Hector 25\\speak HectorBook \"{{i18n:Events.S&S.Ch2.3H1.Q1.Response.2}}\"/pause 250/emote HectorBook 16 true/faceDirection HectorBook 0/pause 250/animate HectorBook false false 250 16 17 18 19 20 21 22 23 24 25 26 27 23 24 25 26 27 22/pause 4600/showFrame HectorBook 22/message \"{{i18n:Events.S&S.Ch2.3H1.Message.1}}\"/pause 250/jump farmer 5 true/emote farmer 16 true/pause 250/speak HectorBook \"{{i18n:Events.S&S.Ch2.3H1.Book.1}}\"/pause 250/emote farmer 8/pause 250/speak HectorBook \"{{i18n:Events.S&S.Ch2.3H1.Book.2{{HectorPronouns}}}}\"/quickQuestion #{{i18n:Events.S&S.Ch2.3H1.Q2.Answer.1}}#{{i18n:Events.S&S.Ch2.3H1.Q2.Answer.2}}(break)speak HectorBook \"{{i18n:Events.S&S.Ch2.3H1.Q2.Response.1}}\"(break)friendship Hector 25\\speak HectorBook \"{{i18n:Events.S&S.Ch2.3H1.Q2.Response.2}}\"/pause 250/emote farmer 40/pause 250/speak HectorBook \"{{i18n:Events.S&S.Ch2.3H1.Book.3{{HectorPronouns}}}}\"/pause 250/emote farmer 16/pause 250/speak HectorBook \"{{i18n:Events.S&S.Ch2.3H1.Book.4{{HectorPronouns}}}}\"/pause 250/quickQuestion #{{i18n:Events.S&S.Ch2.3H1.Q3.Answer.1}}#{{i18n:Events.S&S.Ch2.3H1.Q3.Answer.2}}(break)speak HectorBook \"{{i18n:Events.S&S.Ch2.3H1.Q3.Response.1}}\"(break)friendship Hector 25\\speak HectorBook \"{{i18n:Events.S&S.Ch2.3H1.Q3.Response.2}}\"/pause 250/emote farmer 32/pause 250/speak HectorBook \"{{i18n:Events.S&S.Ch2.3H1.Q3.Book.5{{HectorPronouns}}}}\"/pause 250/emote HectorBook 56 true/emote farmer 56/fade/viewport -100 -100/speak HectorBook \"{{i18n:Events.S&S.Ch2.3H1.Q3.Book.6}}\"/pause 250/stopAdvancedMoves/end"

      }
    },

    {
      "LogName": "Hector's 3 Heart Event Pt2",
      "Action": "EditData",                                           
      "Target": "Data/Events/EastScarp_DruidTower",
      "Entries": {
    
        "SnS.Ch2.Hector.5/e SnS.Ch2.Hector.4/f Hector 750/t 0800 2200/w sunny/A HectorBookQuest/F": "SnS.HectorTheme/-10100 -100/farmer 6 14 0 Hector 6 5 2 Jacob -100 -100 2/addTemporaryActor HectorBook 32 32 7 5 2 true Character/ignoreCollisions HectorBook/changeName HectorBook Book/skippable/viewport 6 10/addConversationTopic HectorVet 1/playSound doorOpen/showFrame Hector 19/globalFadeToClear/advancedMove farmer false 0 -7 4 10/emote farmer 40/pause 250/emote Hector 40/pause 500/speak Hector \"{{i18n:Events.S&S.Ch2.3H2.Hector.1}}\"/jump farmer 5 true/emote farmer 12/pause 250/speak Hector \"{{i18n:Events.S&S.Ch2.3H2.Hector.2}}\"/jump Hector 5/faceDirection Hector 1/emote HectorBook 16/faceDirection HectorBook 3/pause 25/faceDirection HectorBook 0/pause 25/faceDirection HectorBook 1/pause 25/faceDirection HectorBook 2 true/emote Hector 40/showFrame Hector 16/speak Hector \"{{i18n:Events.S&S.Ch2.3H2.Hector.3}}\"/pause 250/speak HectorBook \"{{i18n:Events.S&S.Ch2.3H2.Book.1}}\"/pause 250/speak Hector \"{{i18n:Events.S&S.Ch2.3H2.Hector.4}}\"/emote HectorBook 20 true/emote Hector 28 true/emote farmer 32/globalFade/stopMusic/viewport -999 -999/changeLocation EastScarp_Village/warp Hector 4 3/warp farmer 5 4/warp HectorBook 100 100/advancedMove farmer false 0 7 2 10/advancedMove Hector false 0 7 1 10/globalFadeToClear/playMusic {{season}}_day_ambient/viewport 14 14 clamp true/pause 1000/textAboveHead Hector \"{{i18n:Events.S&S.Ch2.3H2.Hector.5}}\"/pause 1000/emote farmer 8/speed Hector 4/advancedMove Hector false 0 20 2 10/emote farmer 16/pause 500/globalFade/viewport -999 -999/pause 2000/changeToTemporaryMap ESJacobBarn false/warp Hector 12 7/faceDirection Hector 0/warp farmer 11 14/faceDirection farmer 0/viewport 11 7/globalFadeToClear/advancedMove farmer false 0 -7 4 10/pause 250/emote Hector 40/pause 250/speak Hector \"{{i18n:Events.S&S.Ch2.3H2.Hector.6}}\"/playSound doorOpen/warp Jacob 11 14/faceDirection Hector 2 true/emote Hector 16 true/faceDirection farmer 2 true/advancedMove Jacob false 0 -5 4 10/emote Jacob 8/quickQuestion {{i18n:Events.S&S.Ch2.3H2.Question.1}}#{{i18n:Events.S&S.Ch2.3H2.Q1.Answer.1{{HectorPronouns}}}}#{{i18n:Events.S&S.Ch2.3H2.Q1.Answer.2}}(break)friendship Hector 25\\speak Jacob \"{{i18n:Events.S&S.Ch2.3H2.Q1.Response.1}}\"(break)friendship Hector 50\\speak Jacob \"{{i18n:Events.S&S.Ch2.3H2.Q1.Response.2}}\"/pause 250/speak Jacob \"{{i18n:Events.S&S.Ch2.3H2.Jacob.1}}\"/shake Hector 500/pause 500/speak Hector \"{{i18n:Events.S&S.Ch2.3H2.Hector.7}}\"/pause 250/speak Jacob \"{{i18n:Events.S&S.Ch2.3H2.Jacob.2}}\"/pause 250/speak Hector \"{{i18n:Events.S&S.Ch2.3H2.Hector.8}}\"/speak Jacob \"{{i18n:Events.S&S.Ch2.3H2.Jacob.3}}\"/emote Hector 32/pause 250/animate Hector false true 500 17 17 18 18 17 17 18 18 17 17/speak Hector \"{{i18n:Events.S&S.Ch2.3H2.Hector.9}}\"/globalFade/viewport -999 -999/message \"{{i18n:Events.S&S.Ch2.3H2.Message.1}}\"/pause 250/speak Hector \"{{i18n:Events.S&S.Ch2.3H2.Hector.10}}\"/stopAdvancedMoves/end"

      }
    },

    {
      "LogName": "Hector's 4 Heart Event",
      "Action": "EditData",                                           
      "Target": "Data/Events/EastScarp_Village",
      "Entries": {
    
        "SnS.Ch2.Hector.6/e SnS.Ch2.Hector.5/f Hector 1000/t 0900 1700/A HectorVet/F": "{{season}}_day_ambient/-100 -100/farmer 5 4 2 Hector -100 -100 2 Jacob -100 -100 2 Eloise -100 -100 2/addTemporaryActor HectorWolf 32 32 -100 -100 2 true Character/skippable/globalFadeToClear/addConversationTopic HectorVet2 2/advancedMove farmer false 0 6 1 10/globalFadeToClear/playMusic {{season}}_day_ambient/viewport 14 14 clamp true/pause 1000/emote farmer 40/pause 1000/emote farmer 8/globalFade/viewport -999 -999/pause 2000/changeLocation ESJacobBarn false/warp Hector 12 7/faceDirection Hector 0/warp farmer 11 14/faceDirection farmer 0/globalFadeToClear/viewport 11 7/advancedMove farmer false 0 -7 4 10/pause 1000/emote Hector 16/pause 1500/faceDirection Hector 3 true/faceDirection farmer 1/speak Hector \"{{i18n:Events.S&S.Ch2.4H.Hector.1}}\"/playSound doorOpen/warp Eloise 11 14/faceDirection Hector 2 true/emote Hector 8 true/faceDirection farmer 2 true/advancedMove Eloise false 0 -5 4 10/pause 250/speak Eloise \"{{i18n:Events.S&S.Ch2.4H.Eloise.1}}\"/pause 250/shake Hector 1000/emote Hector 28/changeName HectorWolf Hector/playSound coldSpell/shake Hector 500/showFrame Hector 51/shake Hector 500/warp Hector 999 999/showFrame HectorWolf 16/warp HectorWolf 22 23/showFrame HectorWolf 0/showFrame Hector 51/shake Hector 500/showFrame HectorWolf 16/warp HectorWolf 12 7/startJittering/showFrame farmer 94/jump farmer 5 true/emote farmer 16/pause 500/showFrame HectorWolf 0/speak HectorWolf \"{{i18n:Events.S&S.Ch2.4H.Hector.2}}\"/emote Eloise 40/pause 250/speak Eloise \"{{i18n:Events.S&S.Ch2.4H.Eloise.2}}\"/pause 250/emote HectorWolf 28/pause 250/stopJittering/showFrame farmer 0/emote farmer 12 true/faceDirection farmer 1/pause 250/shake HectorWolf 500/showFrame HectorWolf 16/pause 250/warp HectorWolf -100 -100/warp Hector 12 7/showFrame Hector 51/pause 500/showFrame Hector 0/pause 250/speak Hector \"{{i18n:Events.S&S.Ch2.4H.Hector.3}}\"/pause 250/speak Eloise \"{{i18n:Events.S&S.Ch2.4H.Eloise.3}}\"/pause 250/speak Hector \"{{i18n:Events.S&S.Ch2.4H.Hector.4}}\"/pause 250/emote farmer 28 true/faceDirection farmer 2/speak Eloise \"{{i18n:Events.S&S.Ch2.4H.Eloise.4}}\"/pause 250/speak Hector \"{{i18n:Events.S&S.Ch2.4H.Hector.5}}\"/playSound doorOpen/stopMusic/warp Jacob 11 14/advancedMove Jacob false 0 -4 1 0 0 -1 4 10/emote Hector 16/pause 2000/speak Jacob \"{{i18n:Events.S&S.Ch2.4H.Jacob.1}}\"/jump Eloise 5/faceDirection Eloise 1 true/faceDirection Jacob 3/pause 250/speak Eloise \"{{i18n:Events.S&S.Ch2.4H.Eloise.5}}\"/playMusic event1/pause 250/emote Jacob 40 true/emote Hector 28/pause 250/speak Hector \"{{i18n:Events.S&S.Ch2.4H.Hector.6}}\"/pause 250/faceDirection Jacob 0 true/faceDirection Eloise 0/speak Jacob \"{{i18n:Events.S&S.Ch2.4H.Jacob.2}}\"/jump Hector 5/emote Hector 16/pause 250/animate Hector false true 500 17 17 18 18 17 17 18 18 17 17/pause 250/speak Hector \"{{i18n:Events.S&S.Ch2.4H.Hector.7}}\"/pause 250/speak Eloise \"{{i18n:Events.S&S.Ch2.4H.Eloise.6}}\"/pause 250/speak Hector \"{{i18n:Events.S&S.Ch2.4H.Hector.8}}\"/emote Eloise 20 true/emote farmer 32/pause 250/speak Jacob \"{{i18n:Events.S&S.Ch2.4H.Jacob.3}}\"/fade/viewport -999 -999/playSound coldSpell/message \"{{i18n:Events.S&S.Ch2.4H.Message.1{{HectorPronouns}}}}\"/stopAdvancedMoves/end"

      } 
    },

    {
    
      "LogName": "Hector's 5 Heart Event Pt1",
      "Action": "EditData",                                           
      "Target": "Data/Events/EastScarp_Village",
      "Entries": {
    
        "SnS.Ch2.Hector.7/e SnS.Ch2.Hector.6/f Hector 1250/f Mateo 2500/t 0900 1700/A HectorVet2/F": "junimoKart_whaleMusic/-100 -100/farmer 64 32 0 Hector 73 23 2 Mateo 75 23 2/skippable/addLantern 735 74 20 1/animate Hector false true 100 29 29 30 30 31 31 32 32 33 33 34 34 33 33 32 32 31 31 30 30 29 29/animate Mateo false true 100 22 22 22 22 21 21 21 22 22 22 23 23 23 22 22 22 22/viewport 74 24/globalFadeToClear/addConversationTopic HectorGender 2/advancedMove farmer false 0 -10 1 10/globalFadeToClear/pause 1500/emote farmer 8/speak Hector \"{{i18n:Events.S&S.Ch2.5H1.Hector.1}}\"/pause 250/speak Mateo \"{{i18n:Events.S&S.Ch2.5H1.Mateo.1}}\"/pause 250/speak Hector \"{{i18n:Events.S&S.Ch2.5H1.Hector.2}}\"/pause 250/speak Mateo \"{{i18n:Events.S&S.Ch2.5H1.Mateo.2}}\"/jump farmer 5 true/emote farmer 16/pause 250/speak Mateo \"{{i18n:Events.S&S.Ch2.5H1.Mateo.3}}\"/pause 250/emote Hector 40/pause 500/textAboveHead Mateo \"{{i18n:Events.S&S.Ch2.5H1.Mateo.4}}\"/pause 1000/speak Hector \"{{i18n:Events.S&S.Ch2.5H1.Hector.3}}\"/pause 250/emote farmer 8/pause 250/speak Mateo \"{{i18n:Events.S&S.Ch2.5H1.Mateo.5}}\"/pause 250/speak Hector \"{{i18n:Events.S&S.Ch2.5H1.Hector.4}}\"/pause 250/textAboveHead Mateo \"{{i18n:Events.S&S.Ch2.5H1.Mateo.6}}\"/pause 2000/speak Hector \"{{i18n:Events.S&S.Ch2.5H1.Hector.5}}\"/pause 250/speak Mateo \"{{i18n:Events.S&S.Ch2.5H1.Mateo.7}}\"/pause 250/speak Hector \"{{i18n:Events.S&S.Ch2.5H1.Hector.6}}\"/pause 250/speak Mateo \"{{i18n:Events.S&S.Ch2.5H1.Mateo.8}}\"/pause 250/speak Hector \"{{i18n:Events.S&S.Ch2.5H1.Hector.7}}\"/advancedMove farmer false 0 10 2 10/emote farmer 20/pause 750/textAboveHead Mateo \"{{i18n:Events.S&S.Ch2.5H1.Mateo.9}}\"/fade/viewport -999 -999/playSound pullItemFromWater/pause 250/speak Mateo \"{{i18n:Events.S&S.Ch2.5H1.Mateo.10}}\"/pause 250/speak Hector \"{{i18n:Events.S&S.Ch2.5H1.Hector.8}}\"/stopAdvancedMoves/end"

      } 
    },

    {
    
      "LogName": "Hector's 5 Heart Event Pt2",
      "Action": "EditData",                                           
      "Target": "Data/Events/EastScarp_VetHouse",
      "Entries": {
    
        "SnS.Ch2.Hector.8/e SnS.Ch2.Hector.7/f Hector 1250/t 1500 2200/A HectorGender/F": "{{season}}_day_ambient/-100 -100/farmer 12 27 0 Hector 5 23 2 RichieTheMacaw 8 21 2/skippable/showFrame Hector 16/viewport 10 26/globalFadeToClear/emote farmer 16/advancedMove farmer false 0 -2 -7 0 4 10/addConversationTopic HectorVet3 1/pause 500/textAboveHead Hector\"{{i18n:Events.S&S.Ch2.5H2.Hector.1}}\"/pause 500/quickQuestion #{{i18n:Events.S&S.Ch2.5H2.Q1.Answer.1}}#{{i18n:Events.S&S.Ch2.5H2.Q1.Answer.2}}(break)friendship Hector 50\\speak Hector \"{{i18n:Events.S&S.Ch2.5H2.Q1.Response.1}}\"(break)friendship Hector 50\\speak Hector \"{{i18n:Events.S&S.Ch2.5H2.Q1.Response.2}}\"/pause 250/emote farmer 20/pause 250/speak Hector \"{{i18n:Events.S&S.Ch2.5H2.Hector.2}}\"/pause 250/playSound parrot/pause 250/emote Hector 28/speak Hector \"{{i18n:Events.S&S.Ch2.5H2.Hector.3}}\"/emote farmer 32/advancedMove farmer false 7 0 0 2 2 10/pause 2500/playSound parrot/pause 2000/warp farmer 999 999/playSound doorClose/stopMusic/pause 500/faceDirection Hector 0/shake Hector 1000/pause 500/speak Hector \"{{i18n:Events.S&S.Ch2.5H2.Hector.4}}\"/pause 250/shake Hector 1000/emote Hector 12/playSound parrot/speak RichieTheMacaw \"{{i18n:Events.S&S.Ch2.5H2.Richie.1}}\"/jump Hector 5/faceDirection Hector 1/speak Hector \"{{i18n:Events.S&S.Ch2.5H2.Hector.5}}\"/pause 250/playSound parrot/speak RichieTheMacaw \"{{i18n:Events.S&S.Ch2.5H2.Richie.2}}\"/shake Hector 1000/pause 250/speak Hector \"{{i18n:Events.S&S.Ch2.5H2.Hector.6}}\"/fade/viewport -999 -999/speak Hector \"{{i18n:Events.S&S.Ch2.5H2.Hector.7}}\"/stopAdvancedMoves/end"

      } 
    },

    {
    
      "LogName": "Hector's 5 Heart Event Pt3",
      "Action": "EditData",                                           
      "Target": "Data/Events/EastScarp_CoastalGuild",
      "Entries": {
    
        "SnS.Ch2.Hector.9/e SnS.Ch2.Hector.8/f Hector 1250/t 1700 2200/A HectorVet3/F": "SnS.MateoTheme/-100 -100/farmer 23 18 2 Mateo 15 14 2 Aideen 16 13 2 OliverK 8 13 3 RodneyOBrien? 8 12 3 Nova.Dylan? 5 17 3 Nova.Eli? 18 16 3 Sterling? 12 15 1 Mia? 15 12 0 Henry? 3 18 0 TraceV? 14 12 0 Jasper? 12 16 1 Cambria? 5 16 3 SenS? 8 5 2 MisterGinger? 24 15 0 Lavril? 14 14 2 Void? 9 5 3 Gunnar? 18 13 3 PlumForrest? 2 19 0 Juliet? 18 15 3 Lyell? 25 15 0 Barron? 9 14 2 Yri? 20 15 0 Charles? 21 14 3 DialaSBV? 19 17 3 DeryaSBV? 18 18 0 Jio? 27 16 3 Lance? 26 16 1/animate SenS? false true 200 20 20 21 21 22 22 23 23 20 20/skippable/addConversationTopic HectorDND 2/removeTile 14 17 Buildings/removeTile 16 17 Buildings/removeTile 12 16 Buildings/removeTile 12 15 Buildings/removeTile 14 14 Buildings/removeTile 16 14 Buildings/removeTile 18 15 Buildings/removeTile 18 16 Buildings/addTemporaryActor MateoEmeritus 32 32 2 17 2 true Character/changeName MateoEmeritus Emeritus/animate MateoEmeritus false true 500 23 24 25 26 0 23/viewport 13 12/globalFadeToClear/speak Mateo \"{{i18n:Events.S&S.Ch2.5H3.Mateo.1}}\"/advancedMove farmer false 0 -2 3 0 4 10/emote farmer 16/pause 500/speak Mateo \"{{i18n:Events.S&S.Ch2.5H3.Mateo.2}}\"/shake Eloise 500 true/emote Jacob 28 true/jump Hector 5 true/emote Hector 16/pause 500/speak Mateo \"{{i18n:Events.S&S.Ch2.5H3.Mateo.3}}\"/globalFade/stopMusic/viewport -999 -999/message \"{{i18n:Events.S&S.Ch2.5H3.Message.1}}\"/globalFadeToClear/viewport 13 12/speak Mateo \"{{i18n:Events.S&S.Ch2.5H3.Mateo.4}}\"/shake Hector 500/emote Hector 40/pause 250/speak Hector \"{{i18n:Events.S&S.Ch2.5H3.Hector.1}}\"/pause 250/emote Mateo 8/pause 250/speak Mateo \"{{i18n:Events.S&S.Ch2.5H3.Mateo.5}}\"/pause 250/playMusic junimoKart_mushroomMusic/speak Hector \"{{i18n:Events.S&S.Ch2.5H3.Hector.2}}\"/emote Eloise 16 true/jump Eloise 5/faceDirection Eloise 3/pause 250/speak Mateo \"{{i18n:Events.S&S.Ch2.5H3.Mateo.6}}\"/pause 250/faceDirection Hector 1/emote Hector 32/pause 250/faceDirection Hector 0 true/faceDirection Eloise 0/pause 250/speak Hector \"{{i18n:Events.S&S.Ch2.5H3.Hector.3}}\"/pause 250/speak Eloise \"{{i18n:Events.S&S.Ch2.5H3.Eloise.1}}\"/pause 250/speak Jacob \"{{i18n:Events.S&S.Ch2.5H3.Jacob.1}}\"/pause 250/speak Mateo \"{{i18n:Events.S&S.Ch2.5H3.Mateo.7}}\"/shake Hector 500/pause 500/playSound skeletonHit/pause 250/emote Mateo 16 true/jump Mateo 5 true/emote Aideen 16 true/jump Aideen 5 true/emote Jacob 16 true/jump Jacob 5 true/emote Eloise 16 true/jump Eloise 5 true/emote Hector 16 true/jump Hector 5 true/pause 250/speak Hector \"{{i18n:Events.S&S.Ch2.5H3.Hector.4}}\"/pause 250/speak Mateo \"{{i18n:Events.S&S.Ch2.5H3.Mateo.8}}\"/pause 250/textAboveHead Hector \"{{i18n:Events.S&S.Ch2.5H3.Hector.5}}\"/pause 1000/speak Mateo \"{{i18n:Events.S&S.Ch2.5H3.Mateo.9}}\"/pause 250/emote Eloise 12 true/emote Jacob 16 true/emote Hector 40/pause 250/speak Hector \"{{i18n:Events.S&S.Ch2.5H3.Hector.6}}\"/jump Eloise 5/speak Eloise \"{{i18n:Events.S&S.Ch2.5H3.Eloise.2}}\"/pause 250/speak Jacob \"{{i18n:Events.S&S.Ch2.5H3.Jacob.2}}\"/pause 250/speak Aideen \"{{i18n:Events.S&S.Ch2.5H3.Aideen.1}}\"/pause 250/stopMusic/playMusic SnS.MateoTheme/speak Mateo \"{{i18n:Events.S&S.Ch2.5H3.Mateo.10}}\"/textAboveHead Hector \"{{i18n:Events.S&S.Ch2.5H3.Hector.7}}\"/pause 1000/textAboveHead Eloise \"{{i18n:Events.S&S.Ch2.5H3.Eloise.3}}\"/pause 1000/textAboveHead Jacob \"{{i18n:Events.S&S.Ch2.5H3.Jacob.3}}\"/pause 1000/textAboveHead Aideen \"{{i18n:Events.S&S.Ch2.5H3.Aideen.2}}\"/jump Aideen 5/faceDirection Aideen 3/emote Aideen 12/globalFade/viewport -999 -999/speak Hector \"{{i18n:Events.S&S.Ch2.5H3.Hector.8}}\"/stopAdvancedMoves/end"

      } 
    },

    {
      "LogName": "Hector's 6 Heart Event",
      "Action": "EditData",                                           
      "Target": "Data/Events/EastScarp_DruidTower",
      "Entries": {
    
        "SnS.Ch2.Hector.10/e SnS.Ch2.Hector.9/f Hector 1500/t 0800 2200/A HectorDND/F": "SnS.HectorTheme/-100 -100/farmer 999 999 0 Hector 3 15 0/addConversationTopic HectorRiver1 2/addTemporaryActor HectorBook 32 32 4 24 2 true Character/ignoreCollisions HectorBook/changeName HectorBook Book/skippable/viewport 6 16/globalFadeToClear/speed Hector 3/advancedMove Hector false 2 0 0 -1 2 0 0 1 4 0 2 10/emote Hector 12/pause 2000/faceDirection Hector 3/pause 250/faceDirection Hector 1/pause 250/advancedMove Hector false -4 0 0 -1 -2 0 0 1 -2 0 4 10/pause 5500/emote Hector 40 true/faceDirection Hector 2/pause 250/advancedMove Hector false 2 0 0 1 1 0 4 10/pause 1500/playSound doorOpen/warp farmer 6 28/pause 250/emote farmer 8 true/emote Hector 16 true/jump Hector 5/faceDirection Hector 2/pause 250/advancedMove farmer false 0 -10 4 10/shake Hector 2000/pause 1000/speak Hector \"{{i18n:Events.S&S.Ch2.6H.Hector.1}}\"/pause 250/emote farmer 8/pause 250/fade/viewport -999 -999/warp Hector 22 17/faceDirection Hector 0/warp farmer 23 17/faceDirection farmer 2/warp HectorBook 999 999/changeLocation EastScarp_RiverStage1/changePortrait Hector hooddown/changeSprite Hector hooddown/viewport 23 17/globalFadeToClear/startJittering/showFrame farmer 94/speak Hector \"{{i18n:Events.S&S.Ch2.6H.Hector.2}}\"/pause 250/faceDirection Hector 1 true/faceDirection farmer 3 true/speak Hector \"{{i18n:Events.S&S.Ch2.6H.Hector.3}}\"/quickQuestion #{{i18n:Events.S&S.Ch2.6H.Q1.Answer.1}}#{{i18n:Events.S&S.Ch2.6H.Q1.Answer.2}}(break)friendship Hector 50\\speak Hector \"{{i18n:Events.S&S.Ch2.6H.Q1.Response.1}}\"(break)friendship Hector 50\\speak Hector \"{{i18n:Events.S&S.Ch2.6H.Q1.Response.2}}\"/pause 250/emote farmer 32/globalFade/viewport -999 -999/speak Hector \"{{i18n:Events.S&S.Ch2.6H.Hector.4}}\"/warp Hector 24 15/faceDirection Hector 3/warp farmer 23 15/faceDirection farmer 1/changeLocation EastScarp_RiverStage2/viewport 23 17/globalFadeToClear/speak Hector \"{{i18n:Events.S&S.Ch2.6H.Hector.5}}\"/faceDirection farmer 0 true/faceDirection Hector 0 true/jump Hector 5 true/emote Hector 12 true/pause 250/speak Hector \"{{i18n:Events.S&S.Ch2.6H.Hector.6}}\"/pause 250/quickQuestion #{{i18n:Events.S&S.Ch2.6H.Q2.Answer.1}}#{{i18n:Events.S&S.Ch2.6H.Q2.Answer.2}}(break)speak Hector \"{{i18n:Events.S&S.Ch2.6H.Q2.Response.1}}\"(break)friendship Hector 50\\speak Hector \"{{i18n:Events.S&S.Ch2.6H.Q2.Response.2}}\"/pause 250/fade/viewport -999 -999/speak Hector \"{{i18n:Events.S&S.Ch2.6H.Hector.7}}\"/addSpecialOrder CAGQuest.UntimedSpecialOrder.River1/stopAdvancedMoves/end"

      } 
    },

    {
      "LogName": "Hector's 7 Heart Event",
      "Action": "EditData",
      "Target": "Data/Events/EastScarp_Village",
      "Entries": {
    
        "SnS.Ch2.Hector.11/e SnS.Ch2.Hector.10/f Mateo 2500/f Hector 1750/t 0800 1800/w sunny/A HectorRiver1/F": "echos/-100 -100/farmer 23 108 2 Eloise 24 108 2 Hector 51 128 2 Mateo 49 128 2/addConversationTopic HectorDinner 2/skippable/positionOffset Mateo 25 20/animate Mateo false true 500 21 22 23 22 21 22 23 22/positionOffset Hector -25 30/animate Hector false true 100 29 29 30 30 31 31 32 32 33 33 34 34 33 33 32 32 31 31 30 30 29 29/viewport 48 129/advancedMove farmer false 0 6 22 0 2 10/advancedMove Eloise false 0 5 23 0 2 10/globalFadeToClear/speak Mateo \"{{i18n:Events.S&S.Ch2.7H1.Mateo.1}}\"/pause 250/textAboveHead Eloise \"{{i18n:Events.S&S.Ch2.7H1.Eloise.1{{HectorPronouns}}}}\"/emote Hector 40/pause 250/emote Mateo 8/pause 250/speak Hector \"{{i18n:Events.S&S.Ch2.7H1.Hector.1}}\"/waitForAllStationary/pause 250/stopAnimation Mateo/showFrame Mateo 16/textAboveHead Mateo \"{{i18n:Events.S&S.Ch2.7H1.Mateo.2}}\"/pause 250/emote Eloise 8 true/emote farmer 40 true/advancedMove farmer false 0 9 2 10/advancedMove Eloise false 0 10 2 10/speak Hector \"{{i18n:Events.S&S.Ch2.7H1.Hector.2}}\"/pause 250/emote Mateo 40/pause 250/showFrame Mateo 20/waitForAllStationary/speak Eloise \"{{i18n:Events.S&S.Ch2.7H1.Eloise.2}}\"/pause 250/speak Mateo \"{{i18n:Events.S&S.Ch2.7H1.Mateo.3}}\"/pause 250/emote Hector 12/pause 250/speak Hector \"{{i18n:Events.S&S.Ch2.7H1.Hector.3}}\"/speak Mateo \"{{i18n:Events.S&S.Ch2.7H1.Mateo.4}}\"/pause 250/showFrame Mateo 17/emote Hector 28/pause 250/faceDirection farmer 1 true/faceDirection Eloise 3/speak Hector \"{{i18n:Events.S&S.Ch2.7H1.Hector.4}}\"/speak Mateo \"{{i18n:Events.S&S.Ch2.7H1.Mateo.5}}\"/speak Hector \"{{i18n:Events.S&S.Ch2.7H1.Hector.5}}\"/faceDirection farmer 2 true/faceDirection Eloise 2/shake Hector 2000/stopAnimation Hector/showFrame Hector 29/speak Hector \"{{i18n:Events.S&S.Ch2.7H1.Hector.6}}\"/speed Eloise 4/jump Eloise 6 true/showFrame Mateo 21 true/emote Mateo 40 true/advancedMove Eloise false 0 2 -1 0 0 4 1 10/advancedMove farmer false 0 4 1 0 2 10/textAboveHead Eloise \"{{i18n:Events.S&S.Ch2.7H1.Eloise.3}}\"/pause 250/advancedMove Hector false 0 1 -2 0 3 10/pause 1000/advancedMove Mateo false 0 2 3 10/speak Eloise \"{{i18n:Events.S&S.Ch2.7H1.Eloise.4}}\"/pause 250/emote Hector 40/speak Hector \"{{i18n:Events.S&S.Ch2.7H1.Hector.7}}\"/pause 250/speak Eloise \"{{i18n:Events.S&S.Ch2.7H1.Eloise.5}}\"/pause 250/textAboveHead Mateo \"{{i18n:Events.S&S.Ch2.7H1.Mateo.6}}\"/pause 250/speak Eloise \"{{i18n:Events.S&S.Ch2.7H1.Eloise.6}}\"/speed Eloise 2/advancedMove farmer false 0 -15 -15 0 3 10/advancedMove Eloise false 0 -15 -15 0 3 10/advancedMove Mateo false -3 0 0 -15 -10 0 3 10/advancedMove Hector false -3 0 0 -3 2 10/pause 2500/speak Hector \"{{i18n:Events.S&S.Ch2.7H1.Hector.8}}\"/pause 250/textAboveHead Eloise \"{{i18n:Events.S&S.Ch2.7H1.Eloise.7}}\"/speed Hector 3/emote Hector 16/advancedMove Hector false 0 -15 -15 0 3 10/pause 500/globalFade/viewport -999 -999/speak Hector \"[649]\"/message \"{{i18n:Events.S&S.Ch2.7H1.Message.1}}\"/stopAdvancedMoves/end"

      }
    },

    {
      "LogName": "Hector's 7 Heart Event Pt2", 
      "Action": "EditData",                                           
      "Target": "Data/Events/EastScarp_DruidTower",
      "Entries": {
        
        "SnS.Ch2.Hector.12/e SnS.Ch2.Hector.11/f Hector 1750/t 0800 2200/n Hector_SpecialOrders_River1/F": "SnS.HectorTheme/-100 -100/farmer 6 28 0 Hector 6 16 0/addConversationTopic HectorRiver2 2/removeTile 6 15 Buildings/removeTile 6 14 Front/addTemporaryActor HectorBook 32 32 6 15 2 true Character/ignoreCollisions HectorBook/positionOffset HectorBook -13 0/addConversationTopic AncientSeeds1 4/mail AncientAmaranth/changeName HectorBook Book/changePortrait Hector hooddown/changeSprite Hector hooddown/skippable/viewport 6 25/playSound doorOpen/globalFadeToClear/faceDirection farmer 1/pause 25/faceDirection farmer 3/pause 25/viewport move 0 -1 5000/advancedMove farmer false 0 -10 4 10/emote farmer 40/pause 500/speak Hector \"{{i18n:Events.S&S.Ch2.7H2.Hector.1}}\"/faceDirection Hector 2/animate Hector false true 500 17 17 18 18 17 17 18 18 17 17/pause 500/speak Hector \"{{i18n:Events.S&S.Ch2.7H2.Hector.2}}\"/emote farmer 8/pause 250/stopAnimation Hector/quickQuestion {{i18n:Events.S&S.Ch2.7H2.Question.1}}#{{i18n:Events.S&S.Ch2.7H2.Q1.Answer.1}}#{{i18n:Events.S&S.Ch2.7H2.Q1.Answer.2}}(break)friendship Hector 50\\speak Hector \"{{i18n:Events.S&S.Ch2.7H2.Q1.Response.1}}\"(break)friendship Hector 25\\speak Hector \"{{i18n:Events.S&S.Ch2.7H2.Q1.Response.2}}\"/pause 250/faceDirection Hector 0/animate HectorBook false false 250 16 17 18 19 20 21 22 23 24 25 26 27 23 24 25 26 27 22/pause 250/speak Hector \"{{i18n:Events.S&S.Ch2.7H2.Hector.3}}\"/startJittering/playSound thunder/warp Hector 999 999/addTemporaryActor HectorCast 32 32 999 999 0 true Character/positionOffset HectorCast -90 0/animate HectorCast false true 100 4 4 5 5 6 6 7 7 4 4 5 5 6 6 7 7/stopAnimation HectorBook/showFrame HectorBook 22/warp HectorCast 5 16/pause 2500/playSound thunder/viewport -999 -999/specificTemporarySprite farmerForestVision/pause 7000/playSound thunder/pause 19500/viewport -1000 -1000/pause 2000/playSound reward/pause 300/message \"{{i18n:Events.S&S.Ch2.7H2.Message.1}}\"/globalFade .008/removeTemporarySprites/warp HectorCast 999 999/warp Hector 6 16/viewport 6 16/globalFadeToClear/emote Hector 40/animate farmer false true 350 104 105/pause 250/faceDirection Hector 2/speak Hector \"{{i18n:Events.S&S.Ch2.7H2.Hector.4}}\"/stopAnimation farmer/pause 250/speak Hector \"{{i18n:Events.S&S.Ch2.7H2.Hector.5}}\"/jump farmer 5/advancedMove farmer false 0 10 4 10/pause 2500/textAboveHead Hector \"{{i18n:Events.S&S.Ch2.7H2.Hector.6{{PlayerPronouns}}}}\"/pause 2500/playSound doorOpen/warp farmer 999 999/stopMusic/pause 500/shake Hector 1000/faceDirection Hector 0/shake Hector 1000/advancedMove HectorBook false 1 0 3 10/pause 250/emote Hector 28/shake Hector 1000/pause 250/advancedMove Hector false 0 -11 4 10/pause 500/advancedMove HectorBook false -1 0 0 -8 4 10/viewport move 0 -1 5000/shake Hector 1000/pause 2500/shake Hector 1000/pause 4000/playSound thudStep/showFrame Hector 19/pause 250/speak Hector \"{{i18n:Events.S&S.Ch2.7H2.Hector.7}}\"/pause 1000/globalFade/viewport -999 -999/addSpecialOrder CAGQuest.UntimedSpecialOrder.River2/stopAdvancedMoves/end"

      }
    },

    {
			"LogName": "Hector's 8 Heart Event",
			"Action": "EditData",
			"Target": "Data/Events/EastScarp_DruidTower",
			"Entries": { 
	  
       "SnS.Ch2.Hector.13/e SnS.Ch2.Hector.12/f Hector 2000/t 0800 2200/n Hector_SpecialOrders_River2/F": "SnS.HectorTheme/-100 -100/farmer 6 14 0 Hector 6 5 0/addTemporaryActor HectorBook 32 32 7 5 2 true Character/ignoreCollisions HectorBook/changeName HectorBook Book/skippable/viewport 6 10/playSound doorOpen/globalFadeToClear/advancedMove farmer false 0 -7 4 10/addConversationTopic HectorRiver3 2/emote farmer 40/pause 250/emote Hector 40/pause 500/speak Hector \"{{i18n:Events.S&S.Ch2.8H.Hector.1}}\"/pause 250/emote farmer 8 true/faceDirection Hector 2/pause 250/speak Hector \"{{i18n:Events.S&S.Ch2.8H.Hector.2}}\"/fade/viewport -999 -999/warp Hector 25 15/faceDirection Hector 0/warp farmer 24 15/faceDirection farmer 2/warp HectorBook 999 999/changePortrait Hector hooddown/changeSprite Hector hooddown/faceDirection farmer 0/faceDirection Hector 0/-* EastScarp_RiverStage2/viewport 24 15 clamp true/bgColor 0 0 0/ambientLight 0 0 0/pause 1000/speak Hector \"{{i18n:Events.S&S.Ch2.8H.Hector.3}}\"/playSound thunder/warp Hector 999 999/addTemporaryActor HectorCast 32 32 999 999 0 true Character/positionOffset HectorCast -90 0/animate HectorCast false true 100 4 4 5 5 6 6 7 7 4 4 5 5 6 6 7 7/warp HectorCast 24 15/pause 250/emote farmer 16 true/playSound thunder/faceDirection farmer 1 true/jump farmer/positionOffset farmer -4 0/pause 5/positionOffset farmer -4 0/pause 5/positionOffset farmer -4 0/pause 5/positionOffset farmer -4 0/pause 5/positionOffset farmer -4 0/pause 5/positionOffset farmer -4 0/pause 5/positionOffset farmer -4 0/pause 5/positionOffset farmer -4 0/pause 5/positionOffset farmer -4 0/pause 5/positionOffset farmer -4 0/pause 5/positionOffset farmer -4 0/pause 5/positionOffset farmer -4 0/pause 5/positionOffset farmer -4 0/pause 5/positionOffset farmer -4 0/pause 5/positionOffset farmer -4 0/pause 5/positionOffset farmer -4 0/pause 5/warp farmer 23 15/playSound thunder/fade/viewport -999 -999/changeLocation EastScarp_RiverStage3/viewport 24 15 clamp true/bgColor 0 0 0/ambientLight 0 0 0/pause 1000/speak Hector \"{{i18n:Events.S&S.Ch2.8H.Hector.4}}\"/shake Hector 2000/quickQuestion #{{i18n:Events.S&S.Ch2.8H.Q1.Answer.1}}#{{i18n:Events.S&S.Ch2.8H.Q1.Answer.2}}(break)friendship Hector 50\\speak Hector \"{{i18n:Events.S&S.Ch2.8H.Q1.Response.1}}\"(break)friendship Hector 50\\speak Hector \"{{i18n:Events.S&S.Ch2.8H.Q1.Response.2}}\"/shake Hector 2000/playSound thunder/fade/viewport -999 -999/warp Hector 24 6/animate Hector false true 100 29 29 30 30 31 31 32 32 33 33 34 34 33 33 32 32 31 31 30 30 29 29/warp farmer 23 6 true/faceDirection Hector 2 true/faceDirection farmer 2 true/animate farmer false true 70 70/changeLocation EastScarp_RiverStage4/viewport 24 10 clamp true/bgColor 0 0 0/ambientLight 0 0 0/pause 1000/speak Hector \"{{i18n:Events.S&S.Ch2.8H.Hector.5}}\"/pause 250/quickQuestion #{{i18n:Events.S&S.Ch2.8H.Q2.Answer.1}}#{{i18n:Events.S&S.Ch2.8H.Q2.Answer.2}}(break)friendship Hector 50\\speak Hector \"{{i18n:Events.S&S.Ch2.8H.Q2.Response.1}}\"(break)friendship Hector 50\\speak Hector \"{{i18n:Events.S&S.Ch2.8H.Q2.Response.2}}\"/pause 250/emote Hector 40/pause 250/stopAnimation Hector/showFrame Hector 29/speak Hector \"{{i18n:Events.S&S.Ch2.8H.Hector.6}}\"/pause 250/emote farmer 20/pause 250/speak Hector \"{{i18n:Events.S&S.Ch2.8H.Hector.7}}\"/emote farmer 40/pause 250/emote Hector 8/pause 250/quickQuestion #{{i18n:Events.S&S.Ch2.8H.Q3.Answer.1}}#{{i18n:Events.S&S.Ch2.8H.Q3.Answer.2}}(break)friendship Hector 25\\speak Hector \"{{i18n:Events.S&S.Ch2.8H.Q3.Response.1}}\"(break)friendship Hector 50\\speak Hector \"{{i18n:Events.S&S.Ch2.8H.Q3.Response.2}}\"/globalFade/viewport -999 -999/speak Hector \"{{i18n:Events.S&S.Ch2.8H.Hector.8}}\"/stopAdvancedMoves/end"

			}
		},
    
    {
			"LogName": "Hector's 9 Heart Event",
			"Action": "EditData",
			"Target": "Data/Events/EastScarp_CoastalGuild",
			"Entries": {
	  
			  "SnS.Ch2.Hector.14/e SnS.Ch2.Hector.13/f Hector 2250/t 0800 1600/A HectorRiver3/F": "{{season}}_day_ambient/-100 -100/farmer 10 19 0 Mateo 8 13 3 Hector 999 999 2 Eloise 999 999 2/addTemporaryActor MateoEmeritus 32 32 2 17 2 true Character/changeName MateoEmeritus Emeritus/animate MateoEmeritus false true 500 23 24 25 26 0 23/skippable/viewport 12 12/addConversationTopic HectorHeal 2/playSound doorOpen/globalFadeToClear/faceDirection Mateo 2 true/emote Mateo 16/pause 250/advancedMove Mateo false 2 0 2 10/advancedMove farmer false 0 -4 4 10/faceDirection Mateo 2 true/speak Mateo \"{{MateoNickname}}...$21\"/pause 100/emote Mateo 40/pause 100/speak Mateo \"{{i18n:Events.S&S.Ch2.9H.Mateo.1}}\"/pause 250/emote farmer 16/quickQuestion #{{i18n:Events.S&S.Ch2.9H.Q1.Answer.1}}#{{i18n:Events.S&S.Ch2.9H.Q1.Answer.2}}(break)friendship Hector 25\\speak Mateo \"{{i18n:Events.S&S.Ch2.9H.Q1.Response.1}}\"(break)friendship Hector 50\\speak Mateo \"{{i18n:Events.S&S.Ch2.9H.Q1.Response.2{{HectorPronouns}}}}\"/pause 250/emote Mateo 8/pause 250/quickQuestion #{{i18n:Events.S&S.Ch2.9H.Q2.Answer.1}}#{{i18n:Events.S&S.Ch2.9H.Q2.Answer.2}}(break)friendship Mateo 25\\speak Mateo \"{{i18n:Events.S&S.Ch2.9H.Q2.Response.1}}\"(break)friendship Mateo 50\\speak Mateo \"{{i18n:Events.S&S.Ch2.9H.Q2.Response.2}}\"/pause 250/emote farmer 32/pause 250/speak Mateo \"{{i18n:Events.S&S.Ch2.9H.Mateo.2}}\"/globalFade/viewport -999 -999/changeLocation EastScarp_Village/removeTile 92 12 Buildings/removeTile 91 12 Buildings/removeTile 91 11 Front/removeTile 92 11 Front/warp Hector 97 15/faceDirection Hector 2/animate Hector false true 100 29 29 30 30 31 31 32 32 33 33 34 34 33 33 32 32 31 31 30 30 29 29/warp farmer 82 11/faceDirection farmer 1/warp Mateo 82 12/faceDirection Mateo 1/viewport 94 12 clamp true/globalFadeToClear/playMusic SnS.HectorTheme/advancedMove farmer false 10 0 1 10/advancedMove Mateo false 10 0 1 10/pause 250/emote Hector 40/jump Hector 5/advancedMove Hector false 0 -1 -2 0 0 -3 3 10/pause 2000/speak Hector \"{{i18n:Events.S&S.Ch2.9H.Hector.1}}\"/pause 250/emote Mateo 40/pause 250/speak Mateo \"{{i18n:Events.S&S.Ch2.9H.Mateo.3}}\"/emote Hector 12/pause 250/speak Hector \"{{i18n:Events.S&S.Ch2.9H.Hector.2}}\"/pause 250/faceDirection farmer 2 true/faceDirection Mateo 0 true/pause 250/emote Hector 40/faceDirection Mateo 1 true/faceDirection farmer 1 true/quickQuestion #{{i18n:Events.S&S.Ch2.9H.Q3.Answer.1}}#{{i18n:Events.S&S.Ch2.9H.Q3.Answer.2}}(break)friendship Hector 25\\speak Hector \"{{i18n:Events.S&S.Ch2.9H.Q3.Response.1}}\"(break)friendship Hector 25\\speak Hector \"{{i18n:Events.S&S.Ch2.9H.Q3.Response.2}}\"/warp Eloise 74 0/faceDirection Eloise 2/advancedMove Eloise false 0 12 21 0 0 -2 4 10/pause 250/advancedMove Hector false 0 -3 4 10/shake Hector 2000/emote Hector 12/advancedMove Mateo false 4 0 0 -1 4 10/advancedMove farmer false 2 0 4 10/pause 1000/faceDirection Hector 2/textAboveHead Hector \"/pause 250/emote farmer 28 true/emote farmer 28 true/pause 250/speak Hector \"{{i18n:Events.S&S.Ch2.9H.Hector.4}}\"/faceDirection farmer 1 true/faceDirection Mateo 3 true/emote farmer 40 true/emote Mateo 40 true/emote Eloise 8/pause 250/faceDirection Mateo 0 true/faceDirection farmer 0/showFrame Hector 51/textAboveHead Hector \"{{i18n:Events.S&S.Ch2.9H.Hector.5}}\"/addTemporaryActor HectorWolf 32 32 94 8 2 true Character/warp Hector 999 999/positionOffset HectorWolf 25 0/animate HectorWolf false false 500 16 16 19 19 18 18 17 17 0 0/pause 5000/showFrame HectorWolf 0/changeName HectorWolf Hector/speak HectorWolf \"{{i18n:Events.S&S.Ch2.9H.Hector.6}}\"/advancedMove Mateo false 0 -3 3 10/advancedMove farmer false 0 -3 1 10/pause 2000/animate Mateo true true 28 28/animate farmer false true 100 101 101/positionOffset Mateo -2 0/pause 100/positionOffset Mateo -2 0/positionOffset farmer 2 0/pause 100/positionOffset Mateo -2 0/positionOffset farmer 2 0/pause 100/positionOffset Mateo -2 0/positionOffset farmer 2 0/pause 100/positionOffset Mateo -2 0/positionOffset farmer 2 0/speak HectorWolf \"{{i18n:Events.S&S.Ch2.9H.Hector.7}}\"/speak Eloise \"{{i18n:Events.S&S.Ch2.9H.Eloise.1}}\"/pause 250/speak HectorWolf \"{{i18n:Events.S&S.Ch2.9H.Hector.8}}\"/pause 250/speak Eloise \"{{i18n:Events.S&S.Ch2.9H.Eloise.2}}\"/pause 250/emote HectorWolf 40/pause 250/speak Eloise \"{{i18n:Events.S&S.Ch2.9H.Eloise.3}}\"/pause 250/shake HectorWolf 2000/pause 250/speak HectorWolf \"{{i18n:Events.S&S.Ch2.9H.Hector.9}}\"/pause 250/speak Mateo \"{{i18n:Events.S&S.Ch2.9H.Mateo.4}}\"/pause 250/showFrame HectorWolf 16/pause 250/warp HectorWolf 999 999/showFrame Hector 51/positionOffset Hector -5 0/warp Hector 95 8/pause 250/showFrame Hector 0/speak Hector \"{{i18n:Events.S&S.Ch2.9H.Hector.10}}\"/stopAnimation Mateo/faceDirection Mateo 3 true/faceDirection farmer 1 true/pause 250/speak Eloise \"{{i18n:Events.S&S.Ch2.9H.Eloise.4}}\"/pause 250/speak Hector \"{{i18n:Events.S&S.Ch2.9H.Hector.11}}\"/pause 250/speak Eloise \"{{i18n:Events.S&S.Ch2.9H.Eloise.5}}\"/pause 250/speak Hector \"{{i18n:Events.S&S.Ch2.9H.Hector.12}}\"/pause 250/speak Mateo \"{{i18n:Events.S&S.Ch2.9H.Mateo.5}}\"/pause 250/speak Hector \"{{i18n:Events.S&S.Ch2.9H.Hector.13}}\"/emote Mateo 20 true/emote farmer 20 true/emote Eloise 20 true/viewport move -1 0 4000/fade/viewport -999 -999/pause 2000/speak Hector \"{{i18n:Events.S&S.Ch2.9H.Hector.14}}\"/stopAdvancedMoves/end"
			}
		},

    {
    
      "LogName": "Hector's 10 Heart Event",
      "Action": "EditData",                                           
      "Target": "Data/Events/EastScarp_VetHouse",
      "Entries": {
    
        "SnS.Ch2.Hector.15/e SnS.Ch2.Hector.14/f Hector 2500/t 1500 2200/A HectorHeal/F": "{{season}}_day_ambient/-100 -100/farmer 30 15 1 Hector 30 14 1 Jacob 34 14 3 Eloise 34 15 3 RichieTheMacaw 8 21 2 Mateo 999 999 0/removeTile 30 15 Buildings/removeTile 32 16 Buildings/removeTile 34 15 Buildings/removeTile 30 14 Front/removeTile 32 15 Front/removeTile 34 14 Front/addConversationTopic HectorHeal2 2/skippable/viewport 24 14/globalFadeToClear/pause 500/speak Hector \"{{i18n:Events.S&S.Ch2.10H1.Hector.1}}\"/pause 250/emote Jacob 32/pause 250/speak Jacob \"{{i18n:Events.S&S.Ch2.10H1.Jacob.1}}\"/pause 250/textAboveHead Hector \"{{i18n:Events.S&S.Ch2.10H1.Hector.2}}\"/pause 500/speak Eloise \"{{i18n:Events.S&S.Ch2.10H1.Eloise.1}}\"/pause 250/emote Hector 40/pause 250/speak Hector \"{{i18n:Events.S&S.Ch2.10H1.Hector.3}}\"/faceDirection Jacob 2 true/faceDirection Eloise 0 true/emote Eloise 40 true/emote farmer 28 true/emote Jacob 8 true/emote Hector 60/pause 250/faceDirection Eloise 3 true/faceDirection Jacob 3/speak Jacob \"{{i18n:Events.S&S.Ch2.10H1.Jacob.2}}\"/faceDirection Hector 3/emote Hector 40/pause 250/faceDirection Hector 2 true/faceDirection farmer 0/stopMusic/quickQuestion #{{i18n:Events.S&S.Ch2.10H1.Q1.Answer.1}}#{{i18n:Events.S&S.Ch2.10H1.Q1.Answer.2}}(break)friendship Hector 50\\speak Hector \"{{i18n:Events.S&S.Ch2.10H1.Q1.Response.1}}\"(break)friendship Hector 50\\speak Hector \"{{i18n:Events.S&S.Ch2.10H1.Q1.Response.2}}\"/playMusic echos/pause 250/faceDirection farmer 1 true/faceDirection Hector 1/pause 250/speak Hector \"{{i18n:Events.S&S.Ch2.10H1.Hector.4}}\"/pause 250/emote Jacob 40/pause 250/speak Jacob \"{{i18n:Events.S&S.Ch2.10H1.Jacob.3}}\"/pause 250/emote Hector 40/pause 250/speak Hector \"{{i18n:Events.S&S.Ch2.10H1.Hector.5}}\"/pause 250/faceDirection Eloise 0 true/faceDirection Jacob 2 true/message \"{{i18n:Events.S&S.Ch2.10H1.Message.1}}\"/pause 1000/textAboveHead Jacob \"{{i18n:Events.S&S.Ch2.10H1.Jacob.4}}\"/pause 500/faceDirection Jacob 3 true/faceDirection Eloise 3 true/pause 250/speak Jacob \"{{i18n:Events.S&S.Ch2.10H1.Jacob.5}}\"/pause 250/emote Hector 16/pause 250/speak Hector \"{{i18n:Events.S&S.Ch2.10H1.Hector.6}}\"/pause 250/speak Jacob \"{{i18n:Events.S&S.Ch2.10H1.Jacob.6}}\"/pause 250/speak Hector \"{{i18n:Events.S&S.Ch2.10H1.Hector.7}}\"/pause 250/speak Jacob \"{{i18n:Events.S&S.Ch2.10H1.Jacob.7}}\"/pause 250/advancedMove Hector false 0 -1 3 0 4 10/emote Eloise 20/speak Hector \"{{i18n:Events.S&S.Ch2.10H1.Hector.8}}\"/emote farmer 16/speed farmer 3/advancedMove farmer false 0 -2 2 0 4 10/emote Jacob 32/pause 250/fade/viewport -999 -999/warp RichieTheMacaw 999 999/speak Hector \"{{i18n:Events.S&S.Ch2.10H1.Hector.9}}\"/pause 200/playSound parrot/speak RichieTheMacaw \"{{i18n:Events.S&S.Ch2.10H1.Richie.1}}\"/speed farmer 2/stopMusic/pause 100/changeLocation EastScarp_DeepMountains/warp Mateo 11 17/faceDirection Mateo 0/warp Hector 15 27/warp farmer 16 27/advancedMove Hector false 0 -10 -2 0 3 10/advancedMove farmer false 0 -10 -1 0 3 10/playMusic SnS.MateoTheme/globalFadeToClear/viewport 17 16/emote Hector 8 true/emote farmer 8 true/textAboveHead Hector \"{{i18n:Events.S&S.Ch2.10H1.Hector.10}}\"/waitForAllStationary/faceDirection Mateo 1/speak Mateo \"{{i18n:Events.S&S.Ch2.10H1.Mateo.1}}\"/pause 250/emote Hector 40/pause 250/speak Hector \"{{i18n:Events.S&S.Ch2.10H1.Hector.11}}\"/speak Mateo \"{{i18n:Events.S&S.Ch2.10H1.Mateo.2}}\"/speak Hector \"{{i18n:Events.S&S.Ch2.10H1.Hector.12}}\"/speak Mateo \"{{i18n:Events.S&S.Ch2.10H1.Mateo.3}}\"/speak Hector \"{{i18n:Events.S&S.Ch2.10H1.Hector.13}}\"/speak Mateo \"{{i18n:Events.S&S.Ch2.10H1.Mateo.4}}\"/message \"{{i18n:Events.S&S.Ch2.10H1.Message.2}}\"/playSound discoverMineral/shake Hector 1000/speak Hector \"{{i18n:Events.S&S.Ch2.10H1.Hector.15}}\"/pause 250/speak Mateo \"{{i18n:Events.S&S.Ch2.10H1.Mateo.5}}\"/pause 250/speak Hector \"{{i18n:Events.S&S.Ch2.10H1.Hector.16}}\"/speak Mateo \"{{i18n:Events.S&S.Ch2.10H1.Mateo.6}}\"/speak Hector \"{{i18n:Events.S&S.Ch2.10H1.Hector.17}}\"/speak Mateo \"{{i18n:Events.S&S.Ch2.10H1.Mateo.7}}\"/emote Hector 20 true/emote Mateo 32/pause 250/viewport move 1 0 4000/pause 2000/fade/viewport -100 -100/speak Hector \"{{i18n:Events.S&S.Ch2.10H1.Hector.18}}\"/speak Mateo \"{{i18n:Events.S&S.Ch2.10H1.Mateo.8}}\"/stopAdvancedMoves/end"

      } 
    },

    {
			"LogName": "Hector's 10 Heart Event Pt2",
			"Action": "EditData",
			"Target": "Data/Events/EastScarp_DeepMountains",
			"Entries": {
	  
			  "SnS.Ch2.Hector.16/e SnS.Ch2.Hector.15/f Hector 2500/t 0800 2200/A HectorHeal/F": "continue/21 26/farmer 22 26 3 Hector 21 26 1/skippable/changePortrait Hector trueup/changeSprite Hector trueup/globalFadeToClear/speak Hector \"{{i18n:Events.S&S.Ch2.10H2.Hector.1}}\"/globalFade/viewport 999 999/addConversationTopic HectorTrueGrove 28/warp Hector 16 70/faceDirection Hector 0/warp farmer 16 71/faceDirection farmer 0/playMusic SnS.HectorTheme/changeLocation EastScarp_DruidGrove/viewport 16 70 clamp true/speed Hector 2/speed farmer 2/advancedMove Hector false 0 -3 9 0 0 -5 1 0 0 -5 -2 0 0 -1 -1 0 0 -1 -2 0 -1 0 0 -1 -2 0 0 -2 -15 0 0 -7 6 0 0 -1 2 0 0 -3 2 0 0 -3 -1 0 0 -10 3 0 0 -3 2 10/pause 1000/advancedMove farmer false 0 -4 9 0 0 -5 1 0 0 -5 -2 0 0 -1 -1 0 0 -1 -2 0 -1 0 0 -1 -2 0 0 -2 -15 0 0 -7 6 0 0 -1 2 0 0 -3 2 0 0 -3 -1 0 0 -10 3 0 0 -1 4 10/pause 8000/viewport move 0 -1 38000/speak Hector \"{{i18n:Events.S&S.Ch2.10H2.Hector.2}}\"/pause 1000/speak Hector \"{{i18n:Events.S&S.Ch2.10H2.Hector.3}}\"/pause 1000/speak Hector \"{{i18n:Events.S&S.Ch2.10H2.Hector.4}}\"/pause 1000/speak Hector \"{{i18n:Events.S&S.Ch2.10H2.Hector.5}}\"/pause 1000/speak Hector \"{{i18n:Events.S&S.Ch2.10H2.Hector.6}}\"/pause 1000/speak Hector \"{{i18n:Events.S&S.Ch2.10H2.Hector.7}}\"/pause 1000/speak Hector \"{{i18n:Events.S&S.Ch2.10H2.Hector.8}}\"/waitForAllStationary/stopMusic/changeName Hector Biróg/speak Hector \"{{i18n:Events.S&S.Ch2.10H2.Hector.9}}\"/jump farmer 5 true/emote farmer 16/pause 250/speak Hector \"{{i18n:Events.S&S.Ch2.10H2.Hector.10}}\"/faceDirection Hector 0/pause 250/speak Hector \"{{i18n:Events.S&S.Ch2.10H2.Hector.11}}\"/emote farmer 56/warp Hector 999 999/addTemporaryActor HectorCast 32 32 15 25 0 true Character/positionOffset HectorCast -25 0/animate HectorCast false true 100 0 0 1 1 2 2 3 3 0 0 1 1 2 2 3 3/startJittering/playSound thunder/faceDirection farmer 2/showFrame farmer 94/temporaryAnimatedSprite LooseSprites\\Cursors 359 1437 14 14 999999 1 999999 15 27 false false 28 0.01667 1 0 0 0.3 motion -0.7 0.6/temporaryAnimatedSprite TileSheets\\critters 0 192 32 32 999999 1 999999 10 27 false false 26 0.01667 1 0 1 0.1 motion 5 0/pause 150/temporaryAnimatedSprite LooseSprites\\Cursors 377 1438 9 9 999999 1 999999 15 27 false false 28 0.01667 1 0 0 0.8 motion 0.6 -0.7/temporaryAnimatedSprite TileSheets\\critters 32 160 32 32 999999 1 999999 12 23 false false 26 0.01667 1 0 3 0.1 motion 2.6 2.6/pause 150/temporaryAnimatedSprite LooseSprites\\Cursors 359 1437 14 14 999999 1 999999 15 26 false false 28 0.01667 1 0 0 -0.3 motion -0.6 -0.7/temporaryAnimatedSprite TileSheets\\critters 224 160 32 32 999999 1 999999 15 22 false false 26 0.01667 1 0 5 0.1 motion 0 5/pause 150/temporaryAnimatedSprite LooseSprites\\Cursors 377 1438 9 9 999999 1 999999 15 26 false false 28 0.01667 1 0 0 0.7 motion 0.6 0.7/temporaryAnimatedSprite TileSheets\\critters 96 96 32 32 999999 1 999999 17 23 false false 26 0.01667 1 0 7 0.1 motion -2.6 2.6/pause 150/temporaryAnimatedSprite LooseSprites\\Cursors 359 1437 14 14 999999 1 999999 15 27 false false 28 0.01667 1 0 0 -0.8 motion 0.7 -0.6/temporaryAnimatedSprite TileSheets\\critters 0 192 32 32 999999 1 999999 20 27 false false 26 0.01667 1 0 9 0.1 motion -5 0/pause 150/temporaryAnimatedSprite LooseSprites\\Cursors 377 1438 9 9 999999 1 999999 15 27 false false 28 0.01667 1 0 0 -0.2 motion 0.7 0.6/temporaryAnimatedSprite TileSheets\\critters 32 160 32 32 999999 1 999999 17 30 false false 26 0.01667 1 0 11 0.1 motion -2.6 -2.6/pause 150/temporaryAnimatedSprite LooseSprites\\Cursors 359 1437 14 14 999999 1 999999 15 26 false false 28 0.01667 1 0 0 0.2 motion -0.7 0.6/temporaryAnimatedSprite TileSheets\\critters 224 160 32 32 999999 1 999999 15 30 false false 26 0.01667 1 0 13 0.1 motion 0 -5/pause 150/temporaryAnimatedSprite LooseSprites\\Cursors 377 1438 9 9 999999 1 999999 15 26 false false 28 0.01667 1 0 0 0.5 motion 0.6 0.7/temporaryAnimatedSprite TileSheets\\critters 96 96 32 32 999999 1 999999 12 29 false false 26 0.01667 1 0 15 0.1 motion 2.6 -2.6/pause 150/temporaryAnimatedSprite LooseSprites\\Cursors 359 1437 14 14 999999 1 999999 15 27 false false 28 0.01667 1 0 0 0.3 motion -0.7 0.6/temporaryAnimatedSprite TileSheets\\critters 0 192 32 32 999999 1 999999 10 27 false false 26 0.01667 1 0 1 0.1 motion 5 0/pause 150/temporaryAnimatedSprite LooseSprites\\Cursors 377 1438 9 9 999999 1 999999 15 27 false false 28 0.01667 1 0 0 0.8 motion 0.6 -0.7/temporaryAnimatedSprite TileSheets\\critters 32 160 32 32 999999 1 999999 12 23 false false 26 0.01667 1 0 3 0.1 motion 2.6 2.6/pause 150/temporaryAnimatedSprite LooseSprites\\Cursors 359 1437 14 14 999999 1 999999 15 26 false false 28 0.01667 1 0 0 -0.3 motion -0.6 -0.7/temporaryAnimatedSprite TileSheets\\critters 224 160 32 32 999999 1 999999 15 22 false false 26 0.01667 1 0 5 0.1 motion 0 5/pause 150/temporaryAnimatedSprite LooseSprites\\Cursors 377 1438 9 9 999999 1 999999 15 26 false false 28 0.01667 1 0 0 0.7 motion 0.6 0.7/temporaryAnimatedSprite TileSheets\\critters 96 96 32 32 999999 1 999999 17 23 false false 26 0.01667 1 0 7 0.1 motion -2.6 2.6/pause 150/temporaryAnimatedSprite LooseSprites\\Cursors 359 1437 14 14 999999 1 999999 15 27 false false 28 0.01667 1 0 0 -0.8 motion 0.7 -0.6/temporaryAnimatedSprite TileSheets\\critters 0 192 32 32 999999 1 999999 20 27 false false 26 0.01667 1 0 9 0.1 motion -5 0/pause 150/temporaryAnimatedSprite LooseSprites\\Cursors 377 1438 9 9 999999 1 999999 15 27 false false 28 0.01667 1 0 0 -0.2 motion 0.7 0.6/temporaryAnimatedSprite TileSheets\\critters 32 160 32 32 999999 1 999999 17 30 false false 26 0.01667 1 0 11 0.1 motion -2.6 -2.6/pause 150/temporaryAnimatedSprite LooseSprites\\Cursors 359 1437 14 14 999999 1 999999 15 26 false false 28 0.01667 1 0 0 0.2 motion -0.7 0.6/temporaryAnimatedSprite TileSheets\\critters 224 160 32 32 999999 1 999999 15 30 false false 26 0.01667 1 0 13 0.1 motion 0 -5/pause 150/temporaryAnimatedSprite LooseSprites\\Cursors 377 1438 9 9 999999 1 999999 15 26 false false 28 0.01667 1 0 0 0.5 motion 0.6 0.7/temporaryAnimatedSprite TileSheets\\critters 96 96 32 32 999999 1 999999 12 29 false false 26 0.01667 1 0 15 0.1 motion 2.6 -2.6/pause 150/temporaryAnimatedSprite LooseSprites\\Cursors 359 1437 14 14 999999 1 999999 15 27 false false 28 0.01667 1 0 0 0.3 motion -0.7 0.6/temporaryAnimatedSprite TileSheets\\critters 0 192 32 32 999999 1 999999 10 27 false false 26 0.01667 1 0 1 0.1 motion 5 0/pause 150/temporaryAnimatedSprite LooseSprites\\Cursors 377 1438 9 9 999999 1 999999 15 27 false false 28 0.01667 1 0 0 0.8 motion 0.6 -0.7/temporaryAnimatedSprite TileSheets\\critters 32 160 32 32 999999 1 999999 12 23 false false 26 0.01667 1 0 3 0.1 motion 2.6 2.6/pause 150/temporaryAnimatedSprite LooseSprites\\Cursors 359 1437 14 14 999999 1 999999 15 26 false false 28 0.01667 1 0 0 -0.3 motion -0.6 -0.7/temporaryAnimatedSprite TileSheets\\critters 224 160 32 32 999999 1 999999 15 22 false false 26 0.01667 1 0 5 0.1 motion 0 5/pause 150/temporaryAnimatedSprite LooseSprites\\Cursors 377 1438 9 9 999999 1 999999 15 26 false false 28 0.01667 1 0 0 0.7 motion 0.6 0.7/temporaryAnimatedSprite TileSheets\\critters 96 96 32 32 999999 1 999999 17 23 false false 26 0.01667 1 0 7 0.1 motion -2.6 2.6/pause 150/temporaryAnimatedSprite LooseSprites\\Cursors 359 1437 14 14 999999 1 999999 15 27 false false 28 0.01667 1 0 0 -0.8 motion 0.7 -0.6/temporaryAnimatedSprite TileSheets\\critters 0 192 32 32 999999 1 999999 20 27 false false 26 0.01667 1 0 9 0.1 motion -5 0/pause 150/temporaryAnimatedSprite LooseSprites\\Cursors 377 1438 9 9 999999 1 999999 15 27 false false 28 0.01667 1 0 0 -0.2 motion 0.7 0.6/temporaryAnimatedSprite TileSheets\\critters 32 160 32 32 999999 1 999999 17 30 false false 26 0.01667 1 0 11 0.1 motion -2.6 -2.6/pause 150/temporaryAnimatedSprite LooseSprites\\Cursors 359 1437 14 14 999999 1 999999 15 26 false false 28 0.01667 1 0 0 0.2 motion -0.7 0.6/temporaryAnimatedSprite TileSheets\\critters 224 160 32 32 999999 1 999999 15 30 false false 26 0.01667 1 0 13 0.1 motion 0 -5/pause 150/temporaryAnimatedSprite LooseSprites\\Cursors 377 1438 9 9 999999 1 999999 15 26 false false 28 0.01667 1 0 0 0.5 motion 0.6 0.7/temporaryAnimatedSprite TileSheets\\critters 96 96 32 32 999999 1 999999 12 29 false false 26 0.01667 1 0 15 0.1 motion 2.6 -2.6/pause 150/faceDirection Hector 2/changePortrait Hector truedown/changeSprite Hector truedown/warp HectorCast 999 999/screenFlash 1 1/warp Hector 15 25/showFrame farmer 0/message \"{{i18n:Events.S&S.Ch2.10H2.Message.1}}\"/pause 250/faceDirection farmer 0/speak Hector \"{{i18n:Events.S&S.Ch2.10H2.Hector.12}}\"/advancedMove Hector false 0 -1 4 10/jump Hector 15/pause 500/warp Hector 999 999/pause 250/emote farmer 40/advancedMove farmer false 0 -2 4 20/pause 250/emote farmer 16/jump farmer 14/viewport move 0 -2 7500/pause 500/warp farmer 999 999/pause 250/warp Hector 12 10/advancedMove Hector false -1 0 2 10/pause 250/faceDirection farmer 2/warp farmer 12 10/pause 250/speak Hector \"{{i18n:Events.S&S.Ch2.10H2.Hector.13}}\"/pause 250/faceDirection farmer 2/warp farmer 12 10/pause 250/speak Hector \"{{i18n:Events.S&S.Ch2.10H2.Hector.14}}\"/pause 250/stopMusic/quickQuestion #{{i18n:Events.S&S.Ch2.10H2.Q1.Answer.1}}#{{i18n:Events.S&S.Ch2.10H2.Q1.Answer.2}}(break)addMailReceived HectorRomanticFlag\\setDating Hector\\playMusic starshoot\\speak Hector \"{{i18n:Events.S&S.Ch2.10H2.Q1.Response.1}}\"\\animate farmer true true 200 102 103\\pause 250\\speak Hector \"{{i18n:Events.S&S.Ch2.10H2.Response.2}}\"\\stopAnimation farmer\\faceDirection farmer 3 true\\faceDirection Hector 1\\speak Hector \"{{i18n:Events.S&S.Ch2.10H2.Hector.15}}\"\\animate Hector false true 28 28\\animate farmer true true 100 101 101\\positionOffset Hector 2 0\\pause 100\\specificTemporarySprite heart 11 9\\positionOffset Hector 2 0\\positionOffset farmer -2 0\\pause 100\\positionOffset Hector 2 0\\positionOffset farmer -2 0\\pause 100\\positionOffset Hector 2 0\\positionOffset farmer -2 0(break)playMusic starshoot\\speak Hector \"{{i18n:Events.S&S.Ch2.10H2.Hector.16}}\"\\globalfade\\viewport -999 999\\message \"{{i18n:Events.S&S.Ch2.10H2.Message.2}}\"/globalFade/viewport -999 -999/end newDay"
        
      }
    },

    {
    
      "LogName": "Hector's Pendant Response - Romance Fork Exclusive",
      "Action": "EditData",                                           
      "Target": "Data/Events/EastScarp_VetHouse",
      "Entries": {
    
        "SnS.Ch2.Hector.17/r -1": "{{season}}_day_ambient/-100 -100/farmer 12 27 0 Hector 5 23 2 RichieTheMacaw 8 21 2 Jacob 999 999 0 Eloise 999 999 0/skippable/addConversationTopic HectorEngaged 2/showFrame Hector 16/viewport 10 26/globalFadeToClear/emote farmer 16 true/textAboveHead Hector \"{{i18n:Events.S&S.Ch2.Engaged.Hector.1}}\"/pause 500/advancedMove farmer false 0 -2 -3 0 0 -1 3 10/advancedMove Hector false 0 -1 2 0 0 2 1 10/pause 1000/quickQuestion #{{i18n:Events.S&S.Ch2.Engaged.Q1.Answer.1}}#{{i18n:Events.S&S.Ch2.Engaged.Q1.Answer.2}}(break)friendship Hector 50\\speak Hector \"{{i18n:Events.S&S.Ch2.Engaged.Q1.Response.1}}\"(break)friendship Hector 50\\speak Hector \"{{i18n:Events.S&S.Ch2.Engaged.Q1.Response.2}}\"/pause 250/emote farmer 8/pause 250/speak Hector \"{{i18n:Events.S&S.Ch2.Engaged.Hector.2}}\"/pause 250/emote farmer 20/pause 250/playSound parrot/pause 250/emote Hector 12 true/faceDirection Hector 0 true/speak Hector \"{{i18n:Events.S&S.Ch2.Engaged.Hector.3}}\"/playSound doorOpen/warp Jacob 12 27/faceDirection Hector 1/advancedMove Jacob false 0 -4 3 10/pause 1/warp Eloise 12 27/advancedMove Eloise false 0 -3 3 10/emote Eloise 8 true/emote Jacob 8/advancedMove farmer false 0 -1 1 0 1 10/advancedMove Hector false 3 0 1 10/speak Jacob \"{{i18n:Events.S&S.Ch2.Engaged.Jacob.1}}\"/pause 250/faceDirection Hector 0 true/faceDirection farmer 2 true/emote Hector 60 true/emote farmer 60 true/pause 1000/faceDirection farmer 1 true/faceDirection Hector 1 true/pause 250/speak Hector \"{{i18n:Events.S&S.Ch2.Engaged.Hector.4}}\"/emote Eloise 16 true/emote Jacob 16 true/pause 250/speak Jacob \"{{i18n:Events.S&S.Ch2.Engaged.Jacob.2}}\"/speak Eloise \"{{i18n:Events.S&S.Ch2.Engaged.Eloise.1}}\"/jump Jacob 5 true/emote Jacob 60 true/emote Hector 56 true/emote farmer 56 true/emote Eloise 56 true/globalFade/viewport -999 -999/stopAdvancedMoves/end"

      }, 
      
      "When": { "HasFlag |contains=HectorRomanticFlag": true }
      
    },

    {
			"LogName": "Hector's 12 Heart Event - Romance Fork Exclusive",
			"Action": "EditData",
			"Target": "Data/Events/EastScarp_VetHouse",
			"Entries": { 
	  
			  "SnS.Ch2.Hector.18/e SnS.Ch2.Hector.17/f Hector 3000/t 1500 2200/F": "{{season}}_day_ambient/-100 -100/farmer 12 27 0 Hector 10 24 3 RichieTheMacaw 8 21 2 Jacob 8 24 1/skippable/playSound doorOpen/viewport 10 26/globalFadeToClear/emote farmer 8/advancedMove farmer false 0 -3 3 10/speak Jacob \"{{i18n:Events.S&S.Ch2.12H.Jacob.1}}\"/speak Hector \"{{i18n:Events.S&S.Ch2.12H.Hector.1}}\"/speak Jacob \"{{i18n:Events.S&S.Ch2.12H.Jacob.2}}\"/faceDirection farmer 2/animate farmer true true 200 102 103/emote Hector 56 true/emote Jacob 32/pause 1000/stopAnimation farmer/faceDirection farmer 3/speak Jacob \"{{i18n:Events.S&S.Ch2.12H.Jacob.3}}\"/pause 250/emote Hector 8/pause 250/speak Hector \"{{i18n:Events.S&S.Ch2.12H.Hector.2}}\"/speak Jacob \"{{i18n:Events.S&S.Ch2.12H.Jacob.4}}\"/emote Hector 40/faceDirection Hector 1/quickQuestion #{{i18n:Events.S&S.Ch2.12H.Q1.Answer.1}}#{{i18n:Events.S&S.Ch2.12H.Q1.Answer.2}}(break)friendship Hector 25\\speak Hector \"{{i18n:Events.S&S.Ch2.12H.Q1.Response.1}}\"(break)friendship Hector 50\\speak Hector \"{{i18n:Events.S&S.Ch2.12H.Q1.Response.2}}\"/pause 250/faceDirection Hector 3/speak Hector \"{{i18n:Events.S&S.Ch2.12H.Hector.3}}\"/speak Jacob \"{{i18n:Events.S&S.Ch2.12H.Jacob.5}}\"/fade/viewport -100 -100/message \"{{i18n:Events.S&S.Ch2.12H.Message.1}}\"/speak Hector \"{{i18n:Events.S&S.Ch2.12H.Hector.4}}\"/playSound parrot/stopAdvancedMoves/end",
			}
	  
		},
    
    {
			"LogName": "Hector's 14 Heart Event - Romance Fork Exclusive",
			"Action": "EditData",
			"Target": "Data/Events/EastScarp_DruidTower",
      "Entries": {
    
        "SnS.Ch2.Hector.19/e SnS.Ch2.Hector.18/f Hector 3500/t 0800 2200/F": "SnS.HectorTheme/-100 -100/farmer 6 14 0 Hector 6 5 0/removeTile 6 15 Buildings/removeTile 6 14 Front/changePortrait Hector hooddown/changeSprite Hector hooddown/addTemporaryActor HectorBook 32 32 6 15 2 true Character/ignoreCollisions HectorBook/positionOffset HectorBook -20 0/animate HectorBook false true 500 32 33 34 35/changeName HectorBook Book/skippable/viewport 6 10/addConversationTopic HectorVet 2/playSound doorOpen/globalFadeToClear/advancedMove farmer false 0 -6 4 10/pause 500/speak Hector \"{{i18n:Events.S&S.Ch2.14H.Hector.1}}\"/jump farmer 5 true/emote farmer 20/pause 250/speak Hector \"{{i18n:Events.S&S.Ch2.14H.Hector.2}}\"/faceDirection Hector 2/faceDirection farmer 2/showFrame farmer 57/playSound discoverMineral/addTemporaryActor ThornedCircletFragment 16 16 6 6 2 false/ignoreCollisions ThornedCircletFragment/pause 2000/message \"{{i18n:Events.S&S.Ch2.14H.Hector.Message.1}}\"/warp ThornedCircletFragment -999 -999/showFrame farmer 0/pause 250/faceDirection farmer 0/speak Hector \"{{i18n:Events.S&S.Ch2.14H.Hector.3}}\"/advancedMove farmer false 0 -2 4 10/pause 1500/positionOffset farmer 0 -4/pause 5/positionOffset farmer 0 -4/pause 5/positionOffset farmer 0 -4/pause 5/positionOffset farmer 0 -4/pause 5/positionOffset farmer 0 -4/pause 5/positionOffset farmer 0 -4/pause 5/positionOffset farmer 0 -4/pause 5/positionOffset farmer 0 -4/pause 5/positionOffset farmer 0 -4/pause 5/positionOffset farmer 0 -4/pause 5/positionOffset farmer 0 -4/pause 5/showFrame farmer 15/specificTemporarySprite heart 6 4/emote Hector 16/pause 1500/showFrame Hector 60/pause 1500/fade/viewport -100 -100/speak Hector \"{{i18n:Events.S&S.Ch2.14H.Hector.4}}\"/pause 250/message \"{{i18n:Events.S&S.Ch2.14H.Hector.Message.2}}\"/stopAdvancedMoves/end"
			}
	  
		}

    

  ]

}

/* 

(0 = up, 1 = right, 2 = down, 3 = left) 74 20

waitForAllStationary - waits until all advMoves are complete for next action 

stopAdvancedMoves - will prevent clipping issues at the end of an event when characters advMove off screen

advancedMove true/false (loop) parameters

parameters:
x y x y x y = move without pause

x y z t x y z t = move with pauses

x y x y z t x y = move with mix of mentioned above

x = how many tiles move in x axis (+ = right, - = left)
y = how many tiles move in y axis (+ = down, - = up)
z = direction face upon reaching destination (1=right, 2=down, 3=left, 4=up)
t = duration in milliseconds how long to stay in that spot (must be >= 10000ms)

4- empty can
8- question mark
12- angry
16- exclamation
20- heart
24- sleep
28- sad
32- happy
36- x
40- pause
52- video game
56- music note
60- blush 

*/