{
  "Changes": [
    {
      "Action": "EditData",
      "Target": "Data/Objects",
      "Entries": {
        "{{ModID}}_TeleportCircle": {
          "Name": "{{ModID}}_TeleportCircle",
          "DisplayName": "{{i18n: witchcraft.teleport-circle.name}}",
          "Description": "{{i18n: witchcraft.teleport-circle.description}}",
          "Type": "Crafting",
          "Category": -24,
          "Price": 0,
          "Texture": "DN.Objects/Machines",
          "SpriteIndex": 0,
          "Edibility": -300,
          "ExcludeFromShippingCollection": true,
          "ExcludeFromRandomSale": true
        }
      }
    },
    {
      "Action": "EditData",
      "Target": "Data/FloorsAndPaths",
      "Entries": {
        "{{ModId}}_TeleportCircleFloor": {
          "Id": "{{ModId}}_TeleportCircleFloor",
          "ItemId": "{{ModID}}_TeleportCircle",
          "Texture": "DN.Objects/Machines",
          "Corner": {
            "X": 0,
            "Y": 32
          },
          "WinterTexture": "DN.Objects/Machines",
          "WinterCorner": {
            "X": 0,
            "Y": 32
          },
          "PlacementSound": "coldSpell",
          "RemovalSound": "coldSpell",
          "RemovalDebrisType": 12,
          "FootstepSound": "coldSpell",
          "ConnectType": "Random",
          "ShadowType": "Contoured",
          "CornerSize": 4,
          "FarmSpeedBuff": -1.0
        }
      }
    }
  ]
}