{
    "Changes": [
        {
            "LogName": "NPC Dispositions",
            "Action": "EditData",
            "Target": "Data/Characters",
            "Entries": {
                "Roslin": {
                    "DisplayName": "Roslin",
                    "Gender": "Female",
                    "Age": "Adult",
                    "Manner": "Rude",
                    "SocialAnxiety": "Neutral",
                    "Optimism": "Negative",
                    "BirthSeason": "Spring",
                    "BirthDay": 26,
                    "HomeRegion": "Town",
                    "CanBeRomanced": false,
                    "CanGreetNearbyCharacters": false,
                    "ExcludeFromPerfectionScore": false,
                    "EndSlideShow": "TrailingGroup",
                    "SpawnIfMissing": true,
                    "IntroductionsQuest": false,
                    "LoveInterest": "Dandelion", 
                    "SocialTab": "HiddenUntilMet",
                    "Calendar": "HiddenUntilMet",
                    "CanVisitIsland": false,
                    "FlowerDanceCanDance": false,
                    "WinterStarParticipant": false,
                    "ItemDeliveryQuests": false,
                    "Home": [
                        {
                            "ID": "Roslin - Lion's Mane",
                            "Location": "EastScarp_LionsMane",
                            "Tile": {
                                "X": 4,
                                "Y": 5
                            },
                            "Direction": "Left",
                            "Condition": "PLAYER_HAS_SEEN_EVENT Any SnS.Ch4.Roslin.1"
                        },
                        {
                            "ID": "Roslin - NPC Waiting Room",
                            "Location": "EastScarp_TNPCWaitingWarpRoom",
                            "Tile": {
                                "X": 14,
                                "Y": 5
                            },
                            "Direction": "Down",
                            "Condition": "!PLAYER_HAS_SEEN_EVENT Any SnS.Ch4.Roslin.1"
                        },
                    ],
                    "Appearance": [
                        {
                            "ID": "Spring Outfit",
                            "Condition": "SEASON Spring",
                            "Precedence": -10, 
                            "Weight": 1,
                            "Indoors": true,
                            "Outdoors": false,
                            "Portrait": "Portraits/HoodDown/spring_Roslin",
                            "Sprite": "Characters/HoodDown/spring_Roslin"
                        },
                        {
                            "ID": "Summer Outfit",
                            "Condition": "SEASON Summer",
                            "Precedence": -10, 
                            "Weight": 1,
                            "Indoors": true,
                            "Outdoors": false,
                            "Portrait": "Portraits/HoodDown/summer_Roslin",
                            "Sprite": "Characters/HoodDown/summer_Roslin"
                        },
                        {
                            "ID": "Fall Outfit",
                            "Condition": "SEASON Fall",
                            "Precedence": -10, 
                            "Weight": 1,
                            "Indoors": true,
                            "Outdoors": false,
                            "Portrait": "Portraits/HoodDown/fall_Roslin",
                            "Sprite": "Characters/HoodDown/fall_Roslin"
                        },
                        {
                            "ID": "Winter Outfit",
                            "Condition": "SEASON Winter",
                            "Precedence": -10, 
                            "Weight": 1,
                            "Indoors": true,
                            "Outdoors": false,
                            "Portrait": "Portraits/HoodDown/winter_Roslin",
                            "Sprite": "Characters/HoodDown/winter_Roslin"
                        },
                        {
                            "ID": "Spring Outfit",
                            "Condition": "SEASON Spring",
                            "Precedence": -10, 
                            "Weight": 1,
                            "Indoors": false,
                            "Outdoors": true,
                            "Portrait": "Portraits/HoodUp/spring_Roslin",
                            "Sprite": "Characters/HoodUp/spring_Roslin"
                        },
                        {
                            "ID": "Summer Outfit",
                            "Condition": "SEASON Summer",
                            "Precedence": -10, 
                            "Weight": 1,
                            "Indoors": false,
                            "Outdoors": true,
                            "Portrait": "Portraits/HoodUp/summer_Roslin",
                            "Sprite": "Characters/HoodUp/summer_Roslin"
                        },
                        {
                            "ID": "Fall Outfit",
                            "Condition": "SEASON Fall",
                            "Precedence": -10, 
                            "Weight": 1,
                            "Indoors": false,
                            "Outdoors": true,
                            "Portrait": "Portraits/HoodUp/fall_Roslin",
                            "Sprite": "Characters/HoodUp/fall_Roslin"
                        },
                        {
                            "ID": "Winter Outfit",
                            "Condition": "SEASON Winter",
                            "Precedence": -10, 
                            "Weight": 1,
                            "Indoors": false,
                            "Outdoors": true,
                            "Portrait": "Portraits/HoodUp/winter_Roslin",
                            "Sprite": "Characters/HoodUp/winter_Roslin"
                        }
                    ]
                }
            }
        }
    ]
}
    