{
    "Changes": [
        // LETTERS
        {
            "LogName": "S&S Mail",
            "Action": "EditData",
            "Target": "Data/Mail",
            "Entries": {
                "ValHospital":"{{i18n:Mail.Val.Letter1}}",
                "MineDateInvite":"{{i18n:Mail.Val.Letter2}}",
                "ValAutumnalStew":"{{i18n:Mail.Val.Letter3}}",
                "ValSalishBourbon":"{{i18n:Mail.Val.Letter4}}",
                "HectorIntroLetter":"{{i18n:Mail.Hector.Letter0}}",
                "AetherQuest":"{{i18n:Mail.Hector.Letter1}}",
                "AetherQuest2":"{{i18n:Mail.Hector.Letter2}}",
                "DandelionGreensThanks":"{{i18n:Mail.Dandelion.Letter1}}",
                "ValHoodie":"{{i18n:Mail.Val.Letter5}}",
                "HectorHoodie":"{{i18n:Mail.Hector.Letter3}}",
                "CirrusHoodie":"{{i18n:Mail.Cirrus.Letter0}}",
				"HectorKeychain": "{{i18n:Mail.HectorKeychain}}",
				"BookKeychain": "{{i18n:Mail.BookKeychain}}",
				"EmeritusKeychain": "{{i18n:Mail.EmeritusKeychain}}",
			    "OwlBoyKeychain": "{{i18n:Mail.OwlBoyKeychain}}",
				"DN.SnS_FaireFoodMail": "{{i18n:Mail.DN.SnS_FaireFoodMail}}%item cookingRecipe DN.SnS_ScotchEgg%% %item cookingRecipe DN.SnS_Steak_on_a_Stake%% %item cookingRecipe DN.SnS_Fruit_Hand_Pie%% %item cookingRecipe DN.SnS_Smoked_TurkeyLeg%% %item cookingRecipe DN.SnS_Hand_Pressed_Apple_Cider%%[letterbg 0][textcolor black][#]{{i18n:Mail.DN.SnS_FaireFoodMail.Title}}",
				"DestyLetter": "{{i18n:Mail.PHB}}"
            }
        },
        // TRIGGER ACTIONS
        {
            "LogName": "S&S Mail Triggers",
			"Action": "EditData",
			"Target": "Data/TriggerActions",
			"Entries": {
				"{{ModID}}_AutumnalStew": {
					"Id": "{{ModID}}_AutumnalStew",
					"Trigger": "DayEnding",
					"Condition": "PLAYER_HAS_SEEN_EVENT Current SnS.Ch1.Val.4",
					"Actions": [
						"AddMail Current ValAutumnalStew tomorrow"
					]
				},
                "{{ModID}}_SalishBourbon": {
					"Id": "{{ModID}}_SalishBourbon",
					"Trigger": "DayEnding",
					"Condition": "PLAYER_HAS_SEEN_EVENT Current SnS.Ch1.Val.11",
					"Actions": [
						"AddMail Current ValSalishBourbon tomorrow"
					]
				},
                "{{ModID}}_DandelionGreens": {
					"Id": "{{ModID}}_DandelionGreens",
					"Trigger": "DayEnding",
					"Condition": "PLAYER_HAS_SEEN_EVENT Current SnS.Ch4.Roslin.6",
					"Actions": [
						"AddMail Current DandelionGreensThanks tomorrow"
					]
				},
                "{{ModID}}_Val_Hoodie": {
					"Id": "{{ModID}}_Val_Hoodie",
					"Trigger": "DayEnding",
					"Condition": "PLAYER_HAS_SEEN_EVENT Current SnS.Ch1.Val.19",
					"Actions": [
						"AddMail Current ValHoodie tomorrow"
					]
				},
                "{{ModID}}_Hector_Hoodie": {
					"Id": "{{ModID}}_Hector_Hoodie",
					"Trigger": "DayEnding",
					"Condition": "PLAYER_HAS_SEEN_EVENT Current SnS.Ch2.Hector.17",
					"Actions": [
						"AddMail Current HectorHoodie tomorrow"
					]
				},
                "{{ModID}}_Cirrus_Hoodie": {
					"Id": "{{ModID}}_Cirrus_Hoodie",
					"Trigger": "DayEnding",
					"Condition": "PLAYER_HAS_SEEN_EVENT Current SnS.Ch3.Cirrus.15",
					"Actions": [
						"AddMail Current CirrusHoodie tomorrow"
					]
				},
				"{{ModID}}_EmeritusKeychain": {
					"Id": "{{ModID}}_EmeritusKeychain",
					"Trigger": "DayEnding",
					"Condition": "PLAYER_HAS_SEEN_EVENT Current SnS.Ch1.Val.14, PLAYER_HAS_MAIL Current DN.SnS_ObtainedLLTK, RANDOM 0.1, {{HasMod |Contains=mushymato.TrinketTinker}}",
					"Actions": [ "AddMail Current EmeritusKeychain tomorrow" ]
				},
				"{{ModID}}_HectorKeychain": {
					"Id": "{{ModID}}_HectorKeychain",
					"Trigger": "DayEnding",
					"Condition": "PLAYER_HAS_SEEN_EVENT Current SnS.Ch2.Hector.16, PLAYER_HAS_MAIL Current DN.SnS_ObtainedLLTK, RANDOM 0.1, {{HasMod |Contains=mushymato.TrinketTinker}}",
					"Actions": [ "AddMail Current HectorKeychain tomorrow" ]
				},
				"{{ModID}}_BookKeychain": {
					"Id": "{{ModID}}_BookKeychain",
					"Trigger": "DayEnding",
					"Condition": "PLAYER_HAS_SEEN_EVENT Current SnS.Ch3.Cirrus.14, PLAYER_HAS_MAIL Current DN.SnS_ObtainedLLTK, RANDOM 0.1, {{HasMod |Contains=mushymato.TrinketTinker}}",
					"Actions": [ "AddMail Current BookKeychain tomorrow" ]
				},
				"{{ModID}}_OwlBoyKeychain": {
					"Id": "{{ModID}}_OwlBoyKeychain",
					"Trigger": "DayEnding",
					"Condition": "PLAYER_HAS_SEEN_EVENT Current SnS.Ch5.End, !PLAYER_HAS_MAIL Current ReceivedTTOwlBoy Any, {{HasMod |Contains=mushymato.TrinketTinker}}",
					"Actions": [ "AddMail Current OwlBoyKeychain tomorrow" ]
				},
				"DN.SnS_VMRecipeLetter": {
					"Id": "DN.SnS_VMRecipeLetter",
					"Trigger": "DayEnding",
					"Location": "Farm",
					"Condition": "PLAYER_STAT Current daysPlayed 3", 
					"Actions": [ "AddMail Current DN.SnS_FaireFoodMail tomorrow" ]
				},
				"{{ModID}}_SendPlayersHandbook1": {
					"Id": "{{ModID}}_SendPlayersHandbook1",
					"Trigger": "DayStarted",
					"Actions": [ "AddMail Current DestyLetter now" ]
        		}
	}
}
]
}
//PLAYER_HAS_SEEN_EVENT Current SnS.Ch5.End, !PLAYER_HAS_MAIL Current ReceivedTTOwlBoy Any, !PLAYER_HAS_ITEM Current (TR)DN.SnS_OwlBoyKeychain 1