{
  "Changes": [
    // SPECIAL ORDER BOARD
    {
      "LogName": "Loads Order Board Emoji",
      "Action": "Load",
      "Target": "LooseSprites/CAGemojis",
      "FromFile": "assets/CAGemojis.png"
    },
    {
      "LogName": "Loads Shop Portraits",
      "Action": "Load",
      "Priority": "Low",
      "Target": "ShopPortraits/DN.SnS/CGEmblem, ShopPortraits/DN.SnS/TheMeadowLark",
      "FromFile": "Assets/TemporaryActors/Portraits/{{Portrait Style}}/{{TargetWithoutPath}}.png"
    },
    {
      "LogName": "Loads Shop Portraits Nyapu",
      "Action": "EditImage",
      "Target": "ShopPortraits/DN.SnS/TheMeadowLark",
      "FromFile": "Assets/TemporaryActors/Portraits/Nyapu/{{TargetWithoutPath}}.png",
      "When": { "Nyapu Critters": "true" }
    },
    {
      "LogName": "Loads Witchcraft Teleportation Images",
      "Action": "Load",
      "Target": "Textures/DN.SnS/TeleportationCircle",
      "FromFile": "Assets/Guidebook/{{TargetWithoutPath}}.png"
    },
    // Stop Trinkets from Firing in Tori's room
    {
      "Action": "EditData",
      "Target": "Data/Locations",
      "TargetField": [ "EastScarp_ToriSlimeBasement", "CustomFields" ],
      "Entries": { "mushymato.TrinketTinker/disableAbilities": true }
  },

    // SECRET NOTE
    {
      "LogName": "Loads Val's Secret Note Image",
      "Action": "EditImage",
      "Target": "TileSheets/SecretNotesImages",
      "FromFile": "assets/Secret Notes/{{Portrait Style}}/Photo1.png",
      "FromArea": {
        "X": 0,
        "Y": 0,
        "Width": 64,
        "Height": 64
      },
      "ToArea": {
        "X": 0,
        "Y": 256,
        "Width": 64,
        "Height": 64
      }
    },
    {
      "LogName": "Loads Val's Secret Note",
      "Action": "EditData",
      "Target": "Data/SecretNotes",
      "Entries": {
        "113": "!image 16"
      }
    },
    // REMOVES HECTOR'S MARRIAGE SCHEDULE - and separate datability
    {
      "Action": "EditData",
      "Target": "spacechase0.SpaceCore/NpcExtensionData",
      "Entries": {
        "Hector": {
          "SeparateDatability": true
        },
        "Val": {
          "SeparateDatability": true
        },

        "Cirrus": {
          "SeparateDatability": true
        }
      }
    },{
      "Action": "EditData",
      "Target": "DN.SnS/IgnoreMarriageSchedule",
      "Entries": {
        "Hector": {
          "IgnoreMarriageSchedule": true,
          "IgnoreMarriageDialogue": true,
          "FarmVisits": {
            "SpousePatio": "DAY_OF_WEEK Saturday",
            "SpouseRoom": "ANY \"DAY_OF_WEEK Tuesday Thursday, !PLAYER_HAS_SEEN_EVENT Target SnS.Ch2.Hector.18\" \"DAY_OF_WEEK Saturday, PLAYER_HAS_SEEN_EVENT Target SnS.Ch2.Hector.18\""
          }
        }/*,
        "Val": {
          "IgnoreMarriageSchedule": true
        },

        "Cirrus": {
          "IgnoreMarriageSchedule": true
        }*/
      }
    },
    // HECTOR POLYAMORY DATA
    {
      "Action": "EditData",
      "Target": "EnderTedi.Polyamory/PolyamoryData",
      "Entries": {
        "Hector": {
          "IsPolyamorous": false
        }
      }
    },
    // DISPOSITION CHANGES FOR MOVIES 
    {
      "LogName": "Disposition Change (Movie Theater) - Hector",
      "Action": "EditData",
      "Target": "Data/Characters",
      "Fields": {
        "Val": {
          "Gender": "undefined"
        }
      },
      "Update": "OnLocationChange",
      "When": {
        "LocationName": "MovieTheater"
      }
    },
    {
      "LogName": "Disposition Change (Movie Theater) - Hector",
      "Action": "EditData",
      "Target": "Data/Characters",
      "Fields": {
        "Hector": {
          "Gender": "undefined"
        }
      },
      "Update": "OnLocationChange",
      "When": {
        "LocationName": "MovieTheater"
      }
    },
    // BLANK SPOUSE ROOM
    {
      "Action": "Load",
      "Target": "Maps/SpouseRoomEmpty",
      "FromFile": "Assets/Maps/SpouseRoomEmpty.tmx"
    },
    // BLANK SPOUSE PATIO 
    {
      "Action": "Load",
      "Target": "Maps/SpousePatioEmpty",
      "FromFile": "assets/Maps/SpousePatioEmpty.tmx"
    },
    // REMOVES ENGAGEMENT EVENTS FROM EVENT LOOKUP 
    {
      "Action": "EditData",
      "Target": "Mods/shekurika.EventLookup/blocklist",
      "Entries": {
        "SnS.Ch3.Cirrus.15": "T",
        "SnS.Ch1.Val.19": "T",
        "SnS.Ch2.Hector.17": "T"
      },
      "When": {
        "HasMod": "shekurika.EventLookup"
      }
    },
    // VIBRANT PASTORAL COMPAT
    {
      "Action": "Load",
      "Target": "Maps/Lumisteria_Extras",
      "FromFile": "Assets/VPRCompat/Lumisteria_Extras.png",
      "When": {
        "HasMod |contains=grapeponta.VibrantPastoralRecolor": false
      }
    },
    {
      "Action": "Load",
      "Target": "Maps/Lumisteria_Extras",
      "FromFile": "Assets/VPRCompat/Lumisteria_Extras_VP.png",
      "When": {
        "HasMod |contains=grapeponta.VibrantPastoralRecolor": true
      }
    },
    {
      "Action": "Load",
      "Target": "Maps/FlashShifter_Extras",
      "FromFile": "Assets/VPRCompat/FlashShifter_Extras.png",
      "When": {
        "HasMod |contains=grapeponta.VibrantPastoralRecolor": false
      }
    },
    {
      "Action": "Load",
      "Target": "Maps/FlashShifter_Extras",
      "FromFile": "Assets/VPRCompat/FlashShifter_Extras_VP.png",
      "When": {
        "HasMod |contains=grapeponta.VibrantPastoralRecolor": true
      }
    },
    // SPACECORE COMPAT
    {
      "Action": "EditImage",
      "Target": "spacechase0.SpaceCore/ExtraEquipmentIcon",
      "FromFile": "Assets/SpacecoreCompat/{{SpaceCoreRecolors}}.png",
      "ToArea": { "X": 0, "Y": 0, "Width": 16, "Height": 16 }
  }
  ]
}