{
    "Changes": [
        //Only Portraits
        {
            "Action": "Load",
            "Priority": "Low",
            "Target": "Portraits/CGEmblem, Portraits/ValWyatt",
            "FromFile": "assets/TemporaryActors/Portraits/{{Portrait Style}}/{{TargetWithoutPath}}.png"
        },
        {
            "Action": "Load",
            "Priority": "Low",
            "Target": "Portraits/ValMarlon, Portraits/ValGunther, Portraits/ValEmeritus, Portraits/ValEmeritus_Baby, Portraits/ValKrobus, Portraits/HectorBook, Portraits/BookDryad, Portraits/FakeDandelion, Portraits/FakeRoslin, Portraits/FakeSolomon",
            "FromFile": "assets/TemporaryActors/{{TargetPathOnly}}/{{Portrait Style}}/{{TargetWithoutPath}}.png"
        },
        {
            "Action": "EditImage",
            "Target": "Portraits/ValKrobus, Portraits/FakeSolomon",
            "FromFile": "assets/TemporaryActors/Portraits/Nyapu/{{TargetWithoutPath}}.png",
            "When": { "Nyapu Shadowfolk": "true" }
        },
        {
            "Action": "EditImage",
            "Target": "Portraits/ValEmeritus, Portraits/ValEmeritus_Baby, Portraits/HectorBook",
            "FromFile": "assets/TemporaryActors/Portraits/Nyapu/{{TargetWithoutPath}}.png",
            "When": { "Nyapu Critters": "true" }
        },
        {
            "Action": "Load",
            "Priority": "Low",
            "Target": "Portraits/YoungVal, Portraits/BlacksmithVal",
            "FromFile": "assets/TemporaryActors/{{TargetPathOnly}}/{{Portrait Style}}/{{TargetWithoutPath}}{{ValHorns}}.png"
        },
        //Only Sprites
        {
            "Action": "Load",
            "Target": "Characters/StygiumPendant, Characters/GuildBadge, Characters/HectorBadger, Characters/HectorOpossum, Characters/HectorRaccoon, Characters/HectorSkunk, Characters/ThornedCircletFragment, Characters/LumisteriaCloset, Characters/PizzaVan, Characters/AetherdrakeScale, Characters/PlanetariumBus, Characters/PlanetariumScreen, Characters/ForgedD20, Characters/DandelionShield, Characters/SolomonGrimoire, Characters/Duskspire, Characters/OneForAll, Characters/RockPile, Characters/WeddingArch, Characters/KeyArt, Characters/DestysKeychain, Characters/SenS_SenbrellaSnS, Characters/EmeritusFireball, Characters/DN.SnS_OwlBoy, Characters/HectorBook_Companion, Characters/RoslinPortalDeepDark, Characters/SenS_SenTrashcanSnS, Characters/ValActions, Characters/SenS_FallenSen, Characters/PressedCrocus, Characters/DinoEgg, Characters/ValEmeritus_Baby, Characters/ValEmeritus_Baby_Hatching, Characters/ValEmeritus_Baby_Pumpkin, Characters/HectorBook_MEEP, Characters/BookDryad_MEEP, Characters/ValEmeritus_MEEP, Characters/ValWyatt_MEEP",
            "FromFile": "assets/TemporaryActors/Characters/{{TargetWithoutPath}}.png"
        },
        {
            "Action": "Load",
            "Target": "Characters/SlimeyBoiJr, Characters/SlimeyBoiJr2, Characters/SlimeyBoiJr3, Characters/SlimeyBoiJr4, Characters/SlimeyBoiJr5",
            "FromFile": "assets/TemporaryActors/Characters/SlimeyBoiJr.png"
        },
        {
            "Action": "Load",
            "Target": "Characters/ValFinale",
            "FromFile": "assets/TemporaryActors/Characters/ValFinale{{ValHorns}}.png"
        },
        {
            "Action": "Load",
            "Target": "Characters/HectorCast",
            "FromFile": "assets/Characters/Hector/HectorCast/{{TrueShape}}/HectorCast.png"
        },
        {
            "Action": "Load",
            "Target": "Characters/ValWyatt",
            "FromFile": "assets/TemporaryActors/Characters/{{ValWyattActor}}"
        },
        {
            "Action": "Load",
            "Target": "Characters/ValMarlon, Characters/ValGunther, Characters/ValEmeritus, Characters/ValKrobus, Characters/HectorBook, Characters/BookDryad, Characters/FakeDandelion, Characters/FakeRoslin, Characters/FakeSolomon",
            "FromFile": "assets/TemporaryActors/{{TargetPathOnly}}/{{TargetWithoutPath}}.png"
        },
        {
            "Action": "Load",
            "Target": "Characters/YoungVal, Characters/BlacksmithVal",
            "FromFile": "assets/TemporaryActors/{{TargetPathOnly}}/{{TargetWithoutPath}}{{ValHorns}}.png"
        },
        {
            "Action": "Load",
            "Target": "Characters/Stygium_Duggy, Characters/StygiumBat,Characters/StygiumCrab, Characters/StygiumDroplet, Characters/StygiumGolem_Blue, Characters/StygiumGolem_Purple, Characters/StygiumHead, Characters/StygiumLurk, Characters/StygiumMiner, Characters/StygiumMiner_Mage, Characters/StygiumMushroom, Characters/StygiumMushroom_Duggy, Characters/StygiumRex, Characters/StygiumSentry, Characters/StygiumSerpent, Characters/StygiumSkeleton, Characters/StygiumSkeleton_Rare, Characters/StygiumSkull, Characters/StygiumSquid",
            "FromFile": "assets/Monsters/{{TargetWithoutPath}}.png"
        },
        {
            "Action": "Load",
            "Target": "Characters/StygiumRex2, Characters/StygiumRex3",
            "FromFile": "assets/Monsters/StygiumRex.png"
        },
        {
            "Action": "Load",
            "Target": "Characters/StygiumSkull2",
            "FromFile": "assets/Monsters/StygiumSkull.png"
        },
        {
            "Action": "Load",
            "Target": "Characters/StygiumHead2",
            "FromFile": "assets/Monsters/StygiumHead.png"
        },
        {
            "Action": "Load",
            "Target": "Characters/StygiumMiner2",
            "FromFile": "assets/Monsters/StygiumMiner.png"
        },

    ]
}