{
    "Name": "DN.SnS.BookInside",
    "Type": "Walking",
    "EnableSpawnAtDayStart": true,
    "EnableFarmerCollision": true,
    "EnableShadow": true,
    "Shadow": {
        "OffsetX": 0,
        "OffsetY": -16,
        "Scale": 1,
        "Alpha": 255
    },
    "TravelSpeed": 1,
    "SpawnOffsetX": 0,
    "SpawnOffsetY": 0,
    "MaxIdleDistance": -1,
    "MaxDistanceBeforeTeleport": -1,
    "InspectionDialogue": "Other.Hector.BookInside",
    "Portrait": {
        "PortraitDisplayName": "Book",
        "FrameSizeWidth": 64,
        "FrameSizeHeight": 64,
        "FrameIndex": 0
    },
    "IdleBehavior": "Wander",
    "FrameSizeWidth": 32,
    "FrameSizeHeight": 32,
    "UpAnimation": {
        "StartingFrame": 8,
        "NumberOfFrames": 4,
        "Duration": 100,
        "IdleAnimation": {
            "StartingFrame": 28,
            "NumberOfFrames": 4,
            "Duration": 500
        }
    },
    "DownAnimation": {
        "StartingFrame": 0,
        "NumberOfFrames": 4,
        "Duration": 100,
        "IdleAnimation": {
            "StartingFrame": 28,
            "NumberOfFrames": 4,
            "Duration": 500
        }
    },
    "LeftAnimation": {
        "StartingFrame": 12,
        "NumberOfFrames": 4,
        "Duration": 100,
        "IdleAnimation": {
            "StartingFrame": 28,
            "NumberOfFrames": 4,
            "Duration": 500
        }
    },
    "RightAnimation": {
        "StartingFrame": 4,
        "NumberOfFrames": 4,
        "Duration": 100,
        "IdleAnimation": {
            "StartingFrame": 28,
            "NumberOfFrames": 4,
            "Duration": 500
        }
    }
}