{
	"Changes": [
		// INCLUDES: DATA
		{
			"LogName": "S&S Final Mix: Blank Loads",
			"Action": "Load",
			"Target": "Characters/Dialogue/DN.Val, Characters/schedules/DN.Val, Characters/Dialogue/DN.Hector, Characters/schedules/DN.Hector, Characters/Dialogue/DN.Coriander, Characters/schedules/DN.Coriander, Characters/Dialogue/DN.Lorin, Characters/schedules/DN.Lorin, Characters/Dialogue/DN.Dandelion, Characters/schedules/DN.Dandelion, Characters/Dialogue/DN.Roslin, Characters/schedules/DN.Roslin, Characters/Dialogue/DN.Arden, Characters/schedules/DN.Arden, data/events/EastScarp_ArtificerHouse, data/events/EastScarp_BardHouse, data/events/EastScarp_DruidTower, data/events/EastScarp_ThiefTreehouse, data/events/EastScarp_SorcererHouse, data/events/EastScarp_RangerTower, data/events/EastScarp_CoastBeyond, data/events/EastScarp_DragoonCabin",
			"FromFile": "Loaders/Blank.json"
		},
		{
			"LogName": "S&S Final Mix: Data Includes",
			"Action": "Include",
			"FromFile": "Data/Graphics/MapData.json, Data/Graphics/Characters.json, Data/Graphics/TemporaryActors.json, Data/Dispositions/Main/Val.json, Data/Dispositions/Main/Coriander.json, Data/Dispositions/Main/Hector.json, Data/Dispositions/Main/Dandelion.json, Data/Dispositions/Main/Roslin.json, Data/Dispositions/Main/Lorin.json, Data/Dispositions/Main/Arden.json, Data/Dispositions/Companions/Emeritus.json, Data/Dispositions/Companions/Odelia.json, Data/Dispositions/Companions/Tom.json, Data/Dispositions/Companions/Winston.json, Data/Dispositions/Companions/Nimfear.json, Data/Dispositions/Companions/Solomon.json, Data/Dialogue/Global.json, Data/Events/HeartEvents_Arden.json, Data/Events/HeartEvents_Coriander.json, Data/Events/HeartEvents_Dandelion.json, Data/Events/HeartEvents_Hector.json, Data/Events/HeartEvents_Lorin.json, Data/Events/HeartEvents_Roslin.json, Data/Events/HeartEvents_Val.json,"
		},
		{
			"LogName": "S&S Final Mix: Item Include",
			"Action": "Include",
			"FromFile": "Data/Items/Functionality/Category_Overrides.json, Data/Items/Functionality/Compat.json, Data/Items/Functionality/Crop_Growth.json, Data/Items/Functionality/Gift_Tastes.json, Data/Items/Functionality/Icons.json, Data/Items/Functionality/Ore_Smelting.json, Data/Items/Functionality/Recipes.json, Data/Items/Functionality/Stygium_Poisoning.json, Data/Items/Gear/Armor.json, Data/Items/Gear/Clothing.json, Data/Items/Gear/Potions.json, Data/Items/Gear/Projectiles.json, Data/Items/Gear/Shields.json, Data/Items/Gear/Tools.json, Data/Items/Gear/Weapons.json, Data/Items/Keychains/Keychains.json, Data/Items/Keychains/Trinket_Emeritus.json, Data/Items/Keychains/Trinket_HectorWolf.json, Data/Items/Keychains/Trinket_Odelia.json, Data/Items/Keychains/Trinket_OwlBoy.json, Data/Items/Keychains/Trinket_Nimfear.json, Data/Items/Machines/Fermenter.json, Data/Items/Machines/Teleport_Circle.json, Data/Items/Objects/Artifacts.json, Data/Items/Objects/Books.json, Data/Items/Objects/Curios.json, Data/Items/Gear/Equips.json, Data/Items/Objects/Fish.json, Data/Items/Objects/Food.json, Data/Items/Objects/Furniture.json, Data/Items/Objects/Harvestables.json, Data/Items/Objects/Spawnables.json"
			//Data/Items/Functionality/Players_Handbook.json
		}
	]
}