{
  "Changes": [
    //TrinketTas
    {
      "Action": "EditData",
      "Target": "mushymato.TrinketTinker/TAS",
      "Entries": {
        "{{ModId}}_HectorStaminaRestore": {
          "Id": "{{ModId}}_HectorStaminaRestore",
          "Texture": "TileSheets/animations",
          "SourceRect": {
            "X": 0,
            "Y": 640,
            "Width": 64,
            "Height": 64
          },
          "Interval": 100,
          "Frames": 8,
          "Loops": 1,
          "Scale": 0.25,
          "Color": "green"
        }
      }
    },
    //TRinket buff
   {
      "LogName": "Druidic Destiny",
      "Action": "EditData",
      "Target": "Data/Buffs",
      "Entries": {
        "{{ModId}}_DruidicDestiny": {
          "DisplayName": "{{i18n: buff.hectorbuff}}",
          "Duration": 20000,
          "MaxDuration": -1,
          "IconTexture": "DN.Gear/Keychains",
          "IconSpriteIndex": 15,
          "Effects": {
            "FarmingLevel": 3.0,
            "ForagingLevel": 3.0,
            "Defense": 3.0
          }
        }
        }
      },
    {
      "LogName": "Hector Wolf trinket",
      "Action": "EditData",
      "Target": "mushymato.TrinketTinker/Tinker",
      "Entries": {
        "{{ModId}}_HectorWolfKeychain": {
          "Variants": [
            {
              "Texture": "Characters/Hector_Wolf",
              "Width": 32,
              "Height": 32,
              "ShadowScale": 0
            }
          ],
          "Motion": {
            "MotionClass": "Lerp",
            "DirectionMode": "DRUL",
            "FrameLength": 4,
            "Anchors": [
              {
                "Mode": "Forage",
                "Range": 320
              },
              {
                "Mode": "Crop",
                "Range": 100
              }
            ],
            "AnimClips": {
              "Idle.1": {
                  "FrameStart": 20,
                  "FrameLength": 1,
                  "Interval": 300
              },
              "Swim.1": {
                "FrameStart": 36,
                "FrameLength": 2,
                "Interval": 300
              },
              "Swim.2": {
                "FrameStart": 36,
                "FrameLength": 2,
                "Interval": 300
              },
              "Swim.3": {
                "FrameStart": 38,
                "FrameLength": 2,
                "Interval": 300
              },
              "Swim.4": {
                "FrameStart": 38,
                "FrameLength": 2,
                "Interval": 300
              },
              "Howl": {
                "FrameStart": 20,
                "FrameLength": 16,
                "Interval": 200,
                "PauseMovement": true
            }
            },
            "Args": {
              "Min": 64,
              "Rate": 300,
              "MoveSync": true
            }
          },
          "Abilities": [
            [
              {
                "AbilityClass": "HarvestCrop",
                "Proc": "Timer",
                "ProcTimer": 300,
                "ProcSound": {
                  "CueName": "harvest",
                  "Pitch": [ 0 ]
                },
                "Args": { "Range": 1 }
              },
              {
                "AbilityClass": "ItemDrop",
                "Proc": "Sync",
                "ProcSound": {
                  "CueName": "pickUpItem",
                  "Pitch": [ 0 ]
                },
                "Condition": "SYNCED_RANDOM tick HectorEssenceDrops .1",
                "Args": {
                  "ID": "HectorEssenceDrops",
                  "RandomItemId": [ "(O){{ModID}}_druidicessence" ]
                }
              },
              {
                "AbilityClass": "Stamina",
                "Proc": "Timer",
                "ProcTimer": 30000,
                "ProcSound": {
                  "CueName": "dogs",
                  "Pitch": [ 0 ]
                },
                "ProcOneshotAnim": "Howl",
                "ProcTAS": [ "{{ModId}}_HectorStaminaRestore" ],
                "Args": { "Min": 0.15 , "Max": 0.15 }
              },
              {
                "AbilityClass": "Buff",
                "Proc": "Timer",
                "ProcTimer": 19000,
                "Args": { "BuffId": "{{ModId}}_DruidicDestiny" }
              },
              {
                "AbilityClass": "Buff",
                "Proc": "Always",
                "Args": { "BuffId": "{{ModId}}_DruidicDestiny" }
              },
              {
                "AbilityClass": "HarvestForage",
                "Proc": "Timer",
                "ProcTimer": 250,
                "ProcSound": {
                  "CueName": "harvest",
                  "Pitch": [ 0 ]
                },
                "Args": { "Range": 2 }
              }
            ]
          ]
        }
      }
    }
  ]
}