{ 
  "Changes": [
        {
      "LogName": "Nimfear: Tinker",
      "Action": "EditData",
      "Target": "mushymato.TrinketTinker/Tinker",
      "Entries": {
        "{{ModId}}_NimfearKeychain": {
          "Variants": [
            {
              "Texture": "Characters/DN.Nimfear",
              "Width": 16,
              "Height": 32,
              "ShadowScale": 3
            }
          ],
          "Motion": {
            "MotionClass": "Lerp",
            "AlwaysMoving": false,
            "Interval": 140,
            "DirectionMode": "DRUL",
            "FrameLength": 4,
            "Anchors": [
              {
                "Mode": "Forage",
                "Range": 320
              },
              {
                "Mode": "Crop",
                "Range": 240
              }
            ],
           "AnimClips": {
              "Idle.1": {
                "FrameStart": 0,
                "FrameLength": 4
              },
              "Idle.2": {
                "FrameStart": 4,
                "FrameLength": 4
              },
              "Idle.3": {
                "FrameStart": 8,
                "FrameLength": 4
              },
              "Idle.4": {
                "FrameStart": 12,
                "FrameLength": 4
              },
              /*"AbilityProc": {
                "FrameStart": 20,
                "FrameLength": 2,
                "Interval": 900
              },
              "AbilityProc2": {
                "FrameStart": 20,
                "FrameLength": 2,
                "Interval": 200
              }*/
            },
            "Args": {
              "Min": 32,
              "Rate": 200,
              "MoveSync": true
            }
          },
          "Abilities": [
            [            
              {
                "AbilityClass": "HarvestForage",
                "Proc": "Timer",
                "ProcTimer": 250,
                "ProcSound": {
                  "CueName": "harvest",
                  "Pitch": [ 0 ]
                },
                "Args": { "Range": 2 }
              }
            ]
          ]
        }
      }
    }
  ]
}