{
    "Changes": [
        {
            "Action": "EditData",
            "Target": "Data/ConcessionTastes",
            "Entries": {
                "Mateo": {
                    "Name": "Mateo",
                    "LovedTags": [
                        "Truffle Popcorn",
                        "Chocolate Popcorn",
                        "Popcorn"
                    ],
                    "LikedTags": [
                        "Sweet",
                        "Healthy",
                        "Salted Peanuts"
                    ],
                    "DislikedTags": [
                        "JojaCorn",
                        "Joja Cola"
                    ]
                }
            }
        },
        {
            "Action": "EditData",
            "Target": "Data/MoviesReactions",
            "Entries": {
                "Mateo": {
                    "NPCName": "Mateo",
                    "Reactions": [
                        {
                            "Tag": "spring_movie_0",
                            "Response": "like",
                            "Whitelist": [],
                            "SpecialResponses": {
                                "BeforeMovie": {
                                    "ResponsePoint": null,
                                    "Script": null,
                                    "Text": "{{i18n:Movies.Mateo.BraveLittleSapling.1}}",
                                },
                                "DuringMovie": {
                                    "ResponsePoint": null,
                                    "Script": null,
                                    "Text": "{{i18n:Movies.Mateo.BraveLittleSapling.2}}",
                                },
                                "AfterMovie": {
                                    "ResponsePoint": null,
                                    "Script": null,
                                    "Text": "{{i18n:Movies.Mateo.BraveLittleSapling.3}}",
                                }
                            },
                            "ID": "reaction_0"
                        },
                        {
                            "Tag": "spring_movie_1",
                            "Response": "like",
                            "Whitelist": [],
                            "SpecialResponses": {
                                "BeforeMovie": {
                                    "ResponsePoint": null,
                                    "Script": null,
                                    "Text": "{{i18n:Movies.Mateo.BraveLittleSapling.1}}",
                                },
                                "DuringMovie": {
                                    "ResponsePoint": null,
                                    "Script": null,
                                    "Text": "{{i18n:Movies.Mateo.BraveLittleSapling.2}}",
                                },
                                "AfterMovie": {
                                    "ResponsePoint": null,
                                    "Script": null,
                                    "Text": "{{i18n:Movies.Mateo.BraveLittleSapling.3}}",
                                }
                            },
                            "ID": "reaction_1"
                        },
                        {
                            "Tag": "summer_movie_0",
                            "Response": "love",
                            "Whitelist": [],
                            "SpecialResponses": {
                                "BeforeMovie": {
                                    "ResponsePoint": null,
                                    "Script": null,
                                    "Text": "{{i18n:Movies.Mateo.PrairieKing.1}}",
                                },
                                "DuringMovie": {
                                    "ResponsePoint": null,
                                    "Script": null,
                                    "Text": "{{i18n:Movies.Mateo.PrairieKing.2}}",
                                },
                                "AfterMovie": {
                                    "ResponsePoint": null,
                                    "Script": null,
                                    "Text": "{{i18n:Movies.Mateo.PrairieKing.3}}",
                                }
                            },
                            "ID": "reaction_2"
                        },
                        {
                            "Tag": "summer_movie_1",
                            "Response": "like",
                            "Whitelist": [],
                            "SpecialResponses": {
                                "BeforeMovie": {
                                    "ResponsePoint": null,
                                    "Script": null,
                                    "Text": "{{i18n:Movies.Mateo.Wumbus.1}}",
                                },
                                "DuringMovie": {
                                    "ResponsePoint": null,
                                    "Script": null,
                                    "Text": "{{i18n:Movies.Mateo.Wumbus.2}}",
                                },
                                "AfterMovie": {
                                    "ResponsePoint": null,
                                    "Script": null,
                                    "Text": "{{i18n:Movies.Mateo.Wumbus.3}}",
                                }
                            },
                            "ID": "reaction_3"
                        },
                        {
                            "Tag": "fall_movie_0",
                            "Response": "love",
                            "Whitelist": [],
                            "SpecialResponses": {
                                "BeforeMovie": {
                                    "ResponsePoint": null,
                                    "Script": null,
                                    "Text": "{{i18n:Movies.Mateo.Mysterium.1}}",
                                },
                                "DuringMovie": {
                                    "ResponsePoint": null,
                                    "Script": null,
                                    "Text": "{{i18n:Movies.Mateo.Mysterium.2}}",
                                },
                                "AfterMovie": {
                                    "ResponsePoint": null,
                                    "Script": null,
                                    "Text": "{{i18n:Movies.Mateo.Mysterium.3}}",
                                }
                            },
                            "ID": "reaction_4"
                        },
                        {
                            "Tag": "fall_movie_1",
                            "Response": "like",
                            "Whitelist": [],
                            "SpecialResponses": {
                                "BeforeMovie": {
                                    "ResponsePoint": null,
                                    "Script": null,
                                    "Text": "{{i18n:Movies.Mateo.ItHowlsInTheRain.1}}",
                                },
                                "DuringMovie": {
                                    "ResponsePoint": null,
                                    "Script": null,
                                    "Text": "{{i18n:Movies.Mateo.ItHowlsInTheRain.2}}",
                                },
                                "AfterMovie": {
                                    "ResponsePoint": null,
                                    "Script": null,
                                    "Text": "{{i18n:Movies.Mateo.ItHowlsInTheRain.3}}",
                                }
                            },
                            "ID": "reaction_5"
                        },
                        {
                            "Tag": "winter_movie_0",
                            "Response": "dislike",
                            "Whitelist": [],
                            "SpecialResponses": {
                                "BeforeMovie": {
                                    "ResponsePoint": null,
                                    "Script": null,
                                    "Text": "{{i18n:Movies.Mateo.MiracleAtColdstarRanch.1}}",
                                },
                                "DuringMovie": {
                                    "ResponsePoint": null,
                                    "Script": null,
                                    "Text": "{{i18n:Movies.Mateo.MiracleAtColdstarRanch.2}}",
                                },
                                "AfterMovie": {
                                    "ResponsePoint": null,
                                    "Script": null,
                                    "Text": "{{i18n:Movies.Mateo.MiracleAtColdstarRanch.3}}",
                                }
                            },
                            "ID": "reaction_6"
                        },
                        {
                            "Tag": "winter_movie_1",
                            "Response": "love",
                            "Whitelist": [],
                            "SpecialResponses": {
                                "BeforeMovie": {
                                    "ResponsePoint": null,
                                    "Script": null,
                                    "Text": "{{i18n:Movies.Mateo.ZuzuCityExpress.1}}",
                                },
                                "DuringMovie": {
                                    "ResponsePoint": null,
                                    "Script": null,
                                    "Text": "{{i18n:Movies.Mateo.ZuzuCityExpress.2}}",
                                },
                                "AfterMovie": {
                                    "ResponsePoint": null,
                                    "Script": null,
                                    "Text": "{{i18n:Movies.Mateo.ZuzuCityExpress.3}}",
                                }
                            },
                            "ID": "reaction_7"
                        }
                    ]
                }
            }
        }
    ]
}