{
  "Changes": [
    {
      //BOWS
      "Action": "EditData",
      "Target": "Data/Weapons",
      "Entries": {
        "{{ModID}}_Bow": {
          "Name": "{{ModID}}_Bow",
          "DisplayName": "{{i18n: arsenal.bow.name}}",
          "Description": "{{i18n: arsenal.bow.description}}",
          "Texture": "SnS_Gear/Weapons",
          "SpriteIndex": 0,
          "Speed": 308, // All slingshots have this for some reason?,
          "CustomFields": {
            "Bow": true
          }
        },
        //SWORDS
        "{{ModID}}_keytoscarp": {
          "Name": "{{ModID}}_keytoscarp",
          "DisplayName": "{{i18n: weapon.keytoscarp.name}}",
          "Description": "{{i18n: weapon.keytoscarp.description}}",
          "MinDamage": 70,
          "MaxDamage": 100,
          "Knockback": 1,
          "Speed": 4,
          "Precision": 90,
          "Defense": 2,
          "CritChance": 0.07,
          "CritMultiplier": 3.0,
          "Type": 3,
          "Texture": "SnS_Gear/Weapons",
          "SpriteIndex": 3,
          "CanBeLostOnDeath": false,
          "Price": "30000"
        },
        "{{ModID}}_twobecomeone": {
          "Name": "{{ModID}}_twobecomeone",
          "DisplayName": "{{i18n: weapon.twobecomeone.name}}",
          "Description": "{{i18n: weapon.twobecomeone.description}}",
          "MinDamage": 100,
          "MaxDamage": 130,
          "Knockback": 1,
          "Speed": 6,
          "Precision": 100,
          "Defense": 3,
          "CritChance": 0.07,
          "CritMultiplier": 3.0,
          "Type": 3,
          "Texture": "SnS_Gear/Weapons",
          "SpriteIndex": 16,
          "CanBeLostOnDeath": false,
          "Price": "60000"
        },
        "{{ModID}}_savethequeen": {
          "Name": "{{ModID}}_savethequeen",
          "DisplayName": "{{i18n: weapon.savethequeen.name}}",
          "Description": "{{i18n: weapon.savethequeen.description}}",
          "MinDamage": 60,
          "MaxDamage": 90,
          "Knockback": 0.5,
          "Speed": 8,
          "Precision": 100,
          "Defense": 1,
          "CritChance": 0.1,
          "CritMultiplier": 3.0,
          "Type": 1,
          "Texture": "SnS_Gear/Weapons",
          "SpriteIndex": 17,
          "CanBeLostOnDeath": false,
          "Price": "25000"
        },
        "{{ModID}}_oathkeeper": {
          "Name": "{{ModID}}_oathkeeper",
          "DisplayName": "{{i18n: weapon.oathkeeper.name}}",
          "Description": "{{i18n: weapon.oathkeeper.description}}",
          "MinDamage": 80,
          "MaxDamage": 110,
          "Knockback": 0.5,
          "Speed": 10,
          "Precision": 100,
          "Defense": 2,
          "CritChance": 0.1,
          "CritMultiplier": 4.0,
          "Type": 1,
          "Texture": "SnS_Gear/Weapons",
          "SpriteIndex": 18,
          "CanBeLostOnDeath": false,
          "Price": "50000"
        },
        "{{ModID}}_savetheking": {
          "Name": "{{ModID}}_savetheking",
          "DisplayName": "{{i18n: weapon.savetheking.name}}",
          "Description": "{{i18n: weapon.savetheking.description}}",
          "MinDamage": 100,
          "MaxDamage": 130,
          "Knockback": 2,
          "Speed": 2,
          "Precision": 80,
          "Defense": 3,
          "CritChance": 0.03,
          "CritMultiplier": 3.0,
          "Type": 2,
          "Texture": "SnS_Gear/Weapons",
          "SpriteIndex": 19,
          "CanBeLostOnDeath": false,
          "Price": "25000"
        },
        "{{ModID}}_waytothedawn": {
          "Name": "{{ModID}}_waytothedawn",
          "DisplayName": "{{i18n: weapon.waytothedawn.name}}",
          "Description": "{{i18n: weapon.waytothedawn.description}}",
          "MinDamage": 130,
          "MaxDamage": 160,
          "Knockback": 2,
          "Speed": 4,
          "Precision": 90,
          "Defense": 4,
          "CritChance": 0.03,
          "CritMultiplier": 3.0,
          "Type": 2,
          "Texture": "SnS_Gear/Weapons",
          "SpriteIndex": 20,
          "CanBeLostOnDeath": false,
          "Price": "50000"
        },
        "{{ModID}}_eldadagordagger": {
          "Name": "{{ModID}}_eldadagordagger",
          "DisplayName": "{{i18n: weapon.eldadagordagger.name}}",
          "Description": "{{i18n: weapon.eldadagordagger.description}}",
          "MinDamage": 30,
          "MaxDamage": 50,
          "Knockback": 1,
          "Speed": 2,
          "Precision": 70,
          "Defense": 2,
          "CritChance": 0.02,
          "CritMultiplier": 2.0,
          "Type": 2,
          "Texture": "SnS_Gear/Weapons",
          "SpriteIndex": 21,
          "MineBaseLevel": 60,
          "MineMinLevel": 60,
          "CanBeLostOnDeath": true,
          "Price": "5000"
        },
        "{{ModID}}_glaewndilsword": {
          "Name": "{{ModID}}_glaewndilsword",
          "DisplayName": "{{i18n: weapon.glaewndilsword.name}}",
          "Description": "{{i18n: weapon.glaewndilsword.description}}",
          "MinDamage": 40,
          "MaxDamage": 60,
          "Knockback": 1,
          "Speed": 2,
          "Precision": 90,
          "Defense": 2,
          "CritChance": 0.02,
          "CritMultiplier": 3.0,
          "Type": 2,
          "Texture": "SnS_Gear/Weapons",
          "SpriteIndex": 22,
          "MineBaseLevel": 60,
          "MineMinLevel": 60,
          "CanBeLostOnDeath": true,
          "Price": "5000"
        },
        "{{ModID}}_thondrondhammer": {
          "Name": "{{ModID}}_thondrondhammer",
          "DisplayName": "{{i18n: weapon.thondrondhammer.name}}",
          "Description": "{{i18n: weapon.thondrondhammer.description}}",
          "MinDamage": 50,
          "MaxDamage": 70,
          "Knockback": 1,
          "Speed": -1,
          "Precision": 50,
          "Defense": 3,
          "CritChance": 0.03,
          "CritMultiplier": 3.0,
          "Type": 2,
          "Texture": "SnS_Gear/Weapons",
          "SpriteIndex": 23,
          "MineBaseLevel": 60,
          "MineMinLevel": 60,
          "CanBeLostOnDeath": true,
          "Price": "5000"
        },
        "{{ModID}}_longlivetheking": {
          "Name": "{{ModID}}_longlivetheking",
          "DisplayName": "{{i18n: weapon.longlivetheking.name}}",
          "Description": "{{i18n: weapon.longlivetheking.description}}",
          "MinDamage": 145,
          "MaxDamage": 165,
          "Knockback": 1,
          "Speed": 6,
          "Precision": 100,
          "Defense": 3,
          "CritChance": 0.1,
          "CritMultiplier": 3.0,
          "Type": 3,
          "Texture": "SnS_Gear/Weapons",
          "SpriteIndex": 1,
          "CanBeLostOnDeath": false
        },
        "{{ModID}}_longlivetheking_gun": {
          "Name": "{{ModID}}_longlivetheking_gun",
          "DisplayName": "{{i18n: weapon.longlivetheking-gun.name}}",
          "Description": "{{i18n: weapon.longlivetheking-gun.description}}",
          "Texture": "SnS_Gear/Weapons",
          "SpriteIndex": 2,
          "Speed": 308, // All slingshots have this for some reason?,
          "CustomFields": {
            "Bow": true,
            "Bullets": true
          }
        },
        "{{ModID}}_spellbinder": {
          "Name": "{{ModID}}_spellbinder",
          "DisplayName": "{{i18n: weapon.spellbinder.name}}",
          "Description": "{{i18n: weapon.spellbinder.description}}",
          "MinDamage": 40,
          "MaxDamage": 80,
          "Knockback": 1,
          "Speed": 2,
          "Precision": 50,
          "Defense": 1,
          "CritChance": 0.06,
          "CritMultiplier": 3.0,
          "Type": 3,
          "Texture": "SnS_Gear/Weapons",
          "SpriteIndex": 25,
          "CanBeLostOnDeath": true,
          "Price": "15000"
        },
        "{{ModID}}_threewishes": {
          "Name": "{{ModID}}_threewishes",
          "DisplayName": "{{i18n: weapon.threewishes.name}}",
          "Description": "{{i18n: weapon.threewishes.description}}",
          "MinDamage": 70,
          "MaxDamage": 80,
          "Knockback": 1,
          "Speed": 2,
          "Precision": 100,
          "Defense": 1,
          "CritChance": 0.03,
          "CritMultiplier": 3.0,
          "Type": 3,
          "Texture": "SnS_Gear/Weapons",
          "SpriteIndex": 26,
          "CanBeLostOnDeath": true,
          "Price": "15000"
        },
        "{{ModID}}_ladyluck": {
          "Name": "{{ModID}}_ladyluck",
          "DisplayName": "{{i18n: weapon.ladyluck.name}}",
          "Description": "{{i18n: weapon.ladyluck.description}}",
          "MinDamage": 70,
          "MaxDamage": 80,
          "Knockback": 1,
          "Speed": 2,
          "Precision": 100,
          "Defense": 1,
          "CritChance": 0.03,
          "CritMultiplier": 3.0,
          "Type": 3,
          "Texture": "SnS_Gear/Weapons",
          "SpriteIndex": 27,
          "CanBeLostOnDeath": true,
          "Price": "15000"
        },
        "{{ModID}}_mrhandy": {
          "Name": "{{ModID}}_mrhandy",
          "DisplayName": "{{i18n: weapon.mrhandy.name}}",
          "Description": "{{i18n: weapon.mrhandy.description}}",
          "MinDamage": 30,
          "MaxDamage": 40,
          "Knockback": 3,
          "Speed": -1,
          "Precision": 100,
          "Defense": 1,
          "CritChance": 0.03,
          "CritMultiplier": 3.0,
          "Type": 2,
          "Texture": "SnS_Gear/Weapons",
          "SpriteIndex": 28,
          "MineBaseLevel": 60,
          "MineMinLevel": 60,
          "CanBeLostOnDeath": true,
          "Price": "5000"
        },
        "{{ModID}}_bondofflame": {
          "Name": "{{ModID}}_bondofflame",
          "DisplayName": "{{i18n: weapon.bondofflame.name}}",
          "Description": "{{i18n: weapon.bondofflame.description}}",
          "MinDamage": 80,
          "MaxDamage": 90,
          "Knockback": 3,
          "Speed": 3,
          "Precision": 100,
          "Defense": 2,
          "CritChance": 0.03,
          "CritMultiplier": 3.0,
          "Type": 3,
          "Texture": "SnS_Gear/Weapons",
          "SpriteIndex": 29,
          "CanBeLostOnDeath": true,
          "Price": "15000"
        },
        "{{ModID}}_destinysembrace": {
          "Name": "{{ModID}}_destinysembrace",
          "DisplayName": "{{i18n: weapon.destinysembrace.name}}",
          "Description": "{{i18n: weapon.destinysembrace.description}}",
          "MinDamage": 60,
          "MaxDamage": 70,
          "Knockback": 1,
          "Speed": 5,
          "Precision": 100,
          "Defense": 1,
          "CritChance": 0.03,
          "CritMultiplier": 3.0,
          "Type": 2,
          "Texture": "SnS_Gear/Weapons",
          "SpriteIndex": 30,
          "CanBeLostOnDeath": true,
          "Price": "15000"
        },
        "{{ModID}}_sweetmemories": {
          "Name": "{{ModID}}_sweetmemories",
          "DisplayName": "{{i18n: weapon.sweetmemories.name}}",
          "Description": "{{i18n: weapon.sweetmemories.description}}",
          "MinDamage": 60,
          "MaxDamage": 70,
          "Knockback": 1,
          "Speed": 5,
          "Precision": 100,
          "Defense": 1,
          "CritChance": 0.03,
          "CritMultiplier": 3.0,
          "Type": 2,
          "Texture": "SnS_Gear/Weapons",
          "SpriteIndex": 31,
          "CanBeLostOnDeath": true,
          "Price": "15000"
        },
        "{{ModID}}_axewaquestion": {
          "Name": "{{ModID}}_axewaquestion",
          "DisplayName": "{{i18n: weapon.axewaquestion.name}}",
          "Description": "{{i18n: weapon.axewaquestion.description}}",
          "MinDamage": 40,
          "MaxDamage": 70,
          "Knockback": 4,
          "Speed": -1,
          "Precision": 100,
          "Defense": 2,
          "CritChance": 0.03,
          "CritMultiplier": 3.0,
          "Type": 3,
          "Texture": "SnS_Gear/Weapons",
          "SpriteIndex": 32,
          "MineBaseLevel": 60,
          "MineMinLevel": 60,
          "CanBeLostOnDeath": true,
          "Price": "5000"
        },
        "{{ModID}}_guardianbell": {
          "Name": "{{ModID}}_guardianbell",
          "DisplayName": "{{i18n: weapon.guardianbell.name}}",
          "Description": "{{i18n: weapon.guardianbell.description}}",
          "MinDamage": 70,
          "MaxDamage": 100,
          "Knockback": 4,
          "Speed": -1,
          "Precision": 100,
          "Defense": 3,
          "CritChance": 0.03,
          "CritMultiplier": 3.0,
          "Type": 2,
          "Texture": "SnS_Gear/Weapons",
          "SpriteIndex": 33,
          "CanBeLostOnDeath": true,
          "Price": "15000"
        },
        "{{ModID}}_absolem": {
          "Name": "{{ModID}}_absolem",
          "DisplayName": "{{i18n: weapon.absolem.name}}",
          "Description": "{{i18n: weapon.absolem.description}}",
          "MinDamage": 60,
          "MaxDamage": 80,
          "Knockback": 4,
          "Speed": -1,
          "Precision": 100,
          "Defense": 2,
          "CritChance": 0.03,
          "CritMultiplier": 3.0,
          "Type": 2,
          "Texture": "SnS_Gear/Weapons",
          "SpriteIndex": 34,
          "MineBaseLevel": 80,
          "MineMinLevel": 80,
          "CanBeLostOnDeath": true,
          "Price": "5000"
        },
        "{{ModID}}_mallymkun": {
          "Name": "{{ModID}}_mallymkun",
          "DisplayName": "{{i18n: weapon.mallymkun.name}}",
          "Description": "{{i18n: weapon.mallymkun.description}}",
          "MinDamage": 80,
          "MaxDamage": 90,
          "Knockback": 4,
          "Speed": 2,
          "Precision": 100,
          "Defense": 2,
          "CritChance": 0.03,
          "CritMultiplier": 3.0,
          "Type": 2,
          "Texture": "SnS_Gear/Weapons",
          "SpriteIndex": 35,
          "MineBaseLevel": 80,
          "MineMinLevel": 80,
          "CanBeLostOnDeath": true,
          "Price": "7000"
        },
        "{{ModID}}_chilisauce": {
          "Name": "{{ModID}}_chilisauce",
          "DisplayName": "{{i18n: weapon.chilisauce.name}}",
          "Description": "{{i18n: weapon.chilisauce.description}}",
          "MinDamage": 40,
          "MaxDamage": 60,
          "Knockback": 1,
          "Speed": 2,
          "Precision": 90,
          "Defense": 2,
          "CritChance": 0.02,
          "CritMultiplier": 3.0,
          "Type": 2,
          "Texture": "SnS_Gear/Weapons",
          "SpriteIndex": 24,
          "MineBaseLevel": 60,
          "MineMinLevel": 60,
          "CanBeLostOnDeath": true,
          "Price": "5000"
        },
        "{{ModID}}_StygiumBlade": {
          "Name": "{{ModID}}_StygiumBlade",
          "DisplayName": "{{i18n: weapon.stygium-blade.name}}",
          "Description": "{{i18n: weapon.stygium-blade.description}}",
          "MinDamage": 80,
          "MaxDamage": 100,
          "Knockback": 1,
          "Speed": 4,
          "Precision": 100,
          "Defense": 1,
          "CritChance": 0.275,
          "CritMultiplier": 3.5,
          "Type": 3,
          "Texture": "SnS_Gear/Weapons",
          "SpriteIndex": 38,
          "CanBeLostOnDeath": false,
          "Price": 100000
        },
        "{{ModID}}_ElysiumBlade": {
          "Name": "{{ModID}}_ElysiumBlade",
          "DisplayName": "{{i18n: weapon.elysium-blade.name}}",
          "Description": "{{i18n: weapon.elysium-blade.description}}",
          "MinDamage": 100,
          "MaxDamage": 125,
          "Knockback": 1,
          "Speed": 4,
          "Precision": 100,
          "Defense": 1,
          "CritChance": 0.35,
          "CritMultiplier": 4.0,
          "Type": 3,
          "Texture": "SnS_Gear/Weapons",
          "SpriteIndex": 37,
          "CanBeLostOnDeath": false,
          "Price": 25000
        },
        "{{ModID}}_StilesBoomerang": {
          "Name": "{{ModID}}_StilesBoomerang",
          "DisplayName": "{{i18n: weapon.stiles-boomerang.name}}",
          "Description": "{{i18n: weapon.stiles-boomerang.description}}",
          "MinDamage": 10,
          "MaxDamage": 15,
          "Type": 3,
          "Texture": "SnS_Gear/Weapons",
          "SpriteIndex": 36,
          "CanBeLostOnDeath": false,
          "Price": "150",
          "CustomFields": {
            "{{ModID}}_Shield": true,
            "{{ModID}}_Boomerang": true,
            "ArmorValue": 1
          }
        }
      }
    }
  ]
}