{
    "Changes": [

        // PORTRAIT & SPRITE DEFAULT LOAD
        {
            "LogName": "Default Portraits & Sprites - Mateo",
            "Action": "Load",
            "Target": "Characters/Mateo, Portraits/Mateo",
            "FromFile": "Assets/{{Target}}/Seasonal/Mateo_Seasonal_1.png"
        },

        // LOADS
        {
            "LogName": "Beach Portraits - Mateo",
            "Action": "Load",
            "Target": "Portraits/Mateo_beach",
            "FromFile": "Assets/Portraits/Mateo/{{MateoBeach}}"
        },
        {
            "LogName": "Shirtless Sprites - Mateo",
            "Action": "Load",
            "Target": "Characters/Shirtless_Mateo",
            "FromFile": "Assets/Characters/Mateo/Shirtless_Mateo.png"
        },
        {
            "LogName": "Beach Sprites - Mateo",
            "Action": "Load",
            "Target": "Characters/Mateo_beach",
            "FromFile": "Assets/Characters/Mateo/Beach_Mateo{{MateoHorns}}.png"
        },
        {
            "LogName": "Date Night Portraits - Mateo",
            "Action": "Load",
            "Target": "Portraits/DateNight_Mateo",
            "FromFile": "Assets/Portraits/Mateo/DateNight_Mateo.png"
        },
        {
            "LogName": "Date Night Sprites - Mateo",
            "Action": "Load",
            "Target": "Characters/DateNight_Mateo",
            "FromFile": "Assets/Characters/Mateo/DateNight_Mateo{{MateoHorns}}.png"
        },
        {
            "LogName": "Armor Portraits - Mateo",
            "Action": "Load",
            "Target": "Portraits/Armor_Mateo",
            "FromFile": "Assets/Portraits/Mateo/{{MateoArmor}}"
        },
        {
            "LogName": "Armor Sprites - Mateo",
            "Action": "Load",
            "Target": "Characters/Armor_Mateo",
            "FromFile": "Assets/Characters/Mateo/Armor_Mateo.png"
        },
        {
            "LogName": "Flower Dance Sprites - Mateo",
            "Action": "Load",
            "Target": "Characters/FlowerDance_Mateo",
            "FromFile": "Assets/Characters/Mateo/Festivals/FlowerDance_Mateo{{MateoHorns}}.png"
        },
        {
            "Action": "Load",
            "Target": "Characters/Mateo_Seasonal_1, Characters/Mateo_Seasonal_2, Characters/Mateo_Seasonal_3, Characters/Mateo_Seasonal_4, Characters/Mateo_Seasonal_5, Characters/Mateo_Seasonal_6, Characters/Mateo_Seasonal_7, Characters/Mateo_Seasonal_8, Characters/Mateo_Seasonal_9, Characters/Mateo_Seasonal_10, Portraits/Mateo_Seasonal_1, Portraits/Mateo_Seasonal_2, Portraits/Mateo_Seasonal_3, Portraits/Mateo_Seasonal_4, Portraits/Mateo_Seasonal_5, Portraits/Mateo_Seasonal_6, Portraits/Mateo_Seasonal_7, Portraits/Mateo_Seasonal_8, Portraits/Mateo_Seasonal_9, Portraits/Mateo_Seasonal_10",
            "FromFile": "Assets/{{TargetPathOnly}}/Mateo/Seasonal/{{TargetWithoutPath}}.png"
        },
        {
            "Action": "Load",
            "Target": "Characters/EggFair_Mateo, Characters/IceFestWinterStar_Mateo, Characters/LuauMoonlight_Mateo, Characters/SpiritsEve_Mateo, Portraits/EggFair_Mateo, Portraits/FlowerDance_Mateo, Portraits/IceFestWinterStar_Mateo, Portraits/LuauMoonlight_Mateo",
            "FromFile": "Assets/{{TargetPathOnly}}/Mateo/Festivals/{{TargetWithoutPath}}.png"
        },


        //OVERLAYS
        {
            "LogName": "Mateo's Scar Overlay",
            "Action": "EditImage",
            "Target": "Portraits/Mateo, Portraits/Mateo_Seasonal_1, Portraits/Mateo_Seasonal_2, Portraits/Mateo_Seasonal_3, Portraits/Mateo_Seasonal_4, Portraits/Mateo_Seasonal_5, Portraits/Mateo_Seasonal_6, Portraits/Mateo_Seasonal_7, Portraits/Mateo_Seasonal_8, Portraits/Mateo_Seasonal_9, Portraits/Mateo_Seasonal_10, Portraits/EggFair_Mateo, Portraits/FlowerDance_Mateo, Portraits/IceFestWinterStar_Mateo, Portraits/LuauMoonlight_Mateo, Portraits/DateNight_Mateo",
            "PatchMode": "Overlay",
            "FromFile": "Assets/Portraits/Mateo/scar_overlay_mateo.png",
            "Update": "OnLocationChange",
            "When": { "HasSeenEvent |contains=SnS.Ch1.Mateo.9": true }
        },
        {   
            "LogName": "Mermaid Pendant Earring",
            "Action": "EditImage",
            "Target": "Portraits/Mateo, Portraits/Mateo_Seasonal_1, Portraits/Mateo_Seasonal_2, Portraits/Mateo_Seasonal_3, Portraits/Mateo_Seasonal_4, Portraits/Mateo_Seasonal_5, Portraits/Mateo_Seasonal_6, Portraits/Mateo_Seasonal_7, Portraits/Mateo_Seasonal_8, Portraits/Mateo_Seasonal_9, Portraits/Mateo_Seasonal_10, Portraits/EggFair_Mateo, Portraits/FlowerDance_Mateo, Portraits/IceFestWinterStar_Mateo, Portraits/LuauMoonlight_Mateo, Portraits/DateNight_Mateo",
            "PatchMode": "Overlay",
            "FromFile": "Assets/Portraits/Mateo/pendant_overlay_mateo.png",
            "Update": "OnLocationChange",
            "When": { "Relationship:Mateo |contains=Married": true, "MermaidPendantEarring": true }
        },
        {   
            "LogName": "Mateo's Troll Heritage Portrait Overlay",
            "Action": "EditImage",
            "Target": "Portraits/Mateo, Portraits/Mateo_beach, Portraits/Mateo_Seasonal_1, Portraits/Mateo_Seasonal_2, Portraits/Mateo_Seasonal_3, Portraits/Mateo_Seasonal_4, Portraits/Mateo_Seasonal_5, Portraits/Mateo_Seasonal_6, Portraits/Mateo_Seasonal_7, Portraits/Mateo_Seasonal_8, Portraits/Mateo_Seasonal_9, Portraits/Mateo_Seasonal_10, Portraits/EggFair_Mateo, Portraits/FlowerDance_Mateo, Portraits/IceFestWinterStar_Mateo, Portraits/LuauMoonlight_Mateo, Portraits/DateNight_Mateo",
            "PatchMode": "Overlay",
            "FromFile": "Assets/Portraits/Mateo/{{Horns}}_Overlay_Mateo.png",
            "Update": "OnLocationChange",
            "When": { "MateoTrollHeritage": true }
        },
        {
            "LogName": "Mateo's Troll Heritage Portrait Overlay Stage 1 - Armor",
            "Action": "EditImage",
            "Target": "Portraits/Armor_Mateo",
            "PatchMode":"Overlay",
            "FromFile": "Assets/Portraits/Mateo/Armor_Horns1_Overlay_Mateo.png",
            "Update": "OnLocationChange",
            "When": { "MateoTrollHeritage": true, "Horns |contains=Horns1": true }
        },
        {
            "LogName": "Mateo's Troll Heritage Portrait Overlay Other Stages - Armor",
            "Action": "EditImage",
            "Target": "Portraits/Armor_Mateo",
            "PatchMode":"Overlay",
            "FromFile": "Assets/Portraits/Mateo/{{Horns}}_Overlay_Mateo.png",
            "Update": "OnLocationChange",
            "When": { "MateoTrollHeritage": true, "Horns |contains=Horns1": false }
        },
        {
            "LogName": "Mateo's Troll Heritage Portrait Overlay Googles Patch - Armor",
            "Action": "EditImage",
            "Target": "Portraits/Armor_Mateo",
            "PatchMode":"Overlay",
            "FromFile": "Assets/Portraits/Mateo/Armor_Goggles_Overlay_Mateo.png",
            "Update": "OnLocationChange",
            "When": { "MateoTrollHeritage": true }
        },
        {   
            "LogName": "Mateo's Troll Heritage Sprite Overlay",
            "Action": "EditImage",
            "Target": "Characters/Mateo, Characters/Mateo_Seasonal_1, Characters/Mateo_Seasonal_2, Characters/Mateo_Seasonal_3, Characters/Mateo_Seasonal_4, Characters/Mateo_Seasonal_5, Characters/Mateo_Seasonal_6, Characters/Mateo_Seasonal_7,Characters/Mateo_Seasonal_8, Characters/Mateo_Seasonal_9, Characters/Mateo_Seasonal_10, Characters/EggFair_Mateo, Characters/IceFestWinterStar_Mateo, Characters/LuauMoonlight_Mateo, Characters/Armor_Mateo, Characters/Shirtless_Mateo",
            "PatchMode": "Overlay",
            "FromFile": "assets/Characters/Mateo/horn_overlay_mateo.png",
            "Update": "OnLocationChange",
            "When": { "MateoTrollHeritage": true }
        },
        {
            "LogName": "Mateo's Scar Overlay",
            "Action": "EditImage",
            "Target": "Portraits/Mateo/Festivals/EggFair_Mateo.png, Portraits/Mateo/Festivals/FlowerDance_Mateo.png, Portraits/Mateo/Festivals/IceFestWinterStar_Mateo.png, Portraits/Mateo/Seasonal/Seasonal_1.png, Portraits/Mateo/Seasonal/Seasonal_2.png, Portraits/Mateo/Seasonal/Seasonal_3.png, Portraits/Mateo/Seasonal/Seasonal_4.png, Portraits/Mateo/Seasonal/Seasonal_5.png, Portraits/Mateo/Seasonal/Seasonal_6.png, Portraits/Mateo/Seasonal/Seasonal_7.png, Portraits/Mateo/Seasonal/Seasonal_8.png, Portraits/Mateo/Seasonal/Seasonal_9.png, Portraits/Mateo/Seasonal/Seasonal_10.png",
            "FromFile": "Assets/{{Target}}/scar_overlay_mateo.png",
            "PatchMode": "Overlay",
            "When": { "HasSeenEvent |contains=SnS.Ch1.Mateo.9": true },
            "Update": "OnLocationChange"
        }
    ]
}