{
    "Changes": [
        
        // PORTRAIT & SPRITE DEFAULT LOAD
        {
            "LogName": "Default Portraits & Sprites - Hector",
            "Action": "Load",
            "Target": "Portraits/Hector, Characters/Hector",
            "FromFile": "assets/{{TargetPathOnly}}/Hector/{{TrueShape}}/spring_Hector.png"
        },


        // LOADS
        {
            "LogName": "Druid Outfit (Hood Up) for Events - Hector",
            "Action": "Load",
            "Target": "Portraits/Hector_HoodUp, Characters/Hector_HoodUp",
            "FromFile": "assets/{{TargetPathOnly}}/Hector/{{TrueShape}}/Hector_hoodup.png"
        },
        {
            "LogName": "Druid Outfit (Hood Down) for Events - Hector",
            "Action": "Load",
            "Target": "Portraits/Hector_HoodDown, Characters/Hector_HoodDown",
            "FromFile": "assets/{{TargetPathOnly}}/Hector/{{TrueShape}}/Hector_hooddown.png"
        },
        {
            "LogName": "Hector Wolf Portrait",
            "Action": "Load",
            "Target": "Portraits/Hector_wolf",
            "FromFile": "assets/{{TargetPathOnly}}/Hector/{{TrueShape}}/Hector_wolf.png"
        },
        {
            "LogName": "Hector Temp Portrait Load",
            "Action": "Load",
            "Target": "Portraits/HectorWolf",
            "FromFile": "assets/TemporaryActors/Portraits/HectorWolf.png"
        },
        {
            "LogName": "TrueShape (Hood Down) for Events - Hector",
            "Action": "Load",
            "Target": "Characters/Hector_TrueDown, Portraits/Hector_TrueDown",
            "FromFile": "Assets/{{TargetPathOnly}}/Hector/Hector_TrueDown.png"
        },
        {
            "LogName": "TrueShape (Hood Up) for Events - Hector",
            "Action": "Load",
            "Target": "Characters/Hector_TrueUp, Portraits/Hector_TrueUp",
            "FromFile": "Assets/{{TargetPathOnly}}/Hector/Hector_TrueUp.png"
        },
        {
            "Action": "Load",
            "Target": "Portraits/spring_Hector, Portraits/summer_Hector, Portraits/fall_Hector, Portraits/winter_Hector, Characters/spring_Hector, Characters/summer_Hector, Characters/fall_Hector, Characters/winter_Hector",
            "FromFile": "assets/{{TargetPathOnly}}/Hector/{{TrueShape}}/{{TargetWithoutPath}}.png"
        },
        {
            "Action": "Load",
            "Target": "Portraits/Hector_beach, Characters/Hector_beach",
            "FromFile": "assets/{{TargetPathOnly}}/Hector/{{TrueShape}}/Hector_beach.png"
        },


        // OVERLAYS
        {
            "LogName": "Mermaid Pendant Hairclip",
            "Action": "EditImage",
            "Target": "Portraits/Hector, Portraits/spring_Hector, Portraits/summer_Hector, Portraits/fall_Hector, Portraits/winter_Hector, Portraits/Hector_beach",
            "PatchMode": "Overlay",
            "FromFile": "assets/portraits/Hector/pendant_overlay_hector.png",
            "Update": "OnTimeChange, OnLocationChange",
            "When": {
                "Relationship:Hector |contains=Married": true,
                "MermaidPendantHairclip": true
            }
        },
            // Heterochromia Overlays
        {
            "LogName": "Heterochromatic Eyes - M&F Portraits",
            "Action": "EditImage",
            "Target": "Portraits/Hector, Portraits/spring_Hector, Portraits/summer_Hector, Portraits/fall_Hector, Portraits/winter_Hector, Portraits/Hector_beach, Portraits/Hector_HoodDown",
            "PatchMode": "Overlay",
            "FromFile": "assets/{{TargetPathOnly}}/Hector/heterochromia_mf.png",
            "Update": "OnTimeChange, OnLocationChange",
            "When": {
                "HectorHeterochromatic": true,
                "TrueShape |contains=trueshape": false
            }
        },
        {
            "LogName": "Heterochromatic Eyes - TF",
            "Action": "EditImage",
            "Target": "Portraits/Hector, Portraits/spring_Hector, Portraits/summer_Hector, Portraits/fall_Hector, Portraits/winter_Hector, Portraits/Hector_beach, Portraits/Hector_HoodDown",
            "PatchMode": "Overlay",
            "FromFile": "assets/{{TargetPathOnly}}/Hector/heterochromia_tf.png",
            "Update": "OnTimeChange, OnLocationChange",
            "When": {
                "HectorHeterochromatic": true,
                "TrueShape": "trueshape"
            }
        },
        {
            "LogName": "Heterochromatic Eyes - Hooded M&F",
            "Action": "EditImage",
            "Target": "Portraits/Hector_HoodUp",
            "PatchMode": "Overlay",
            "FromFile": "assets/Portraits/Hector/heterochromia_mf_hooded.png",
            "Update": "OnTimeChange, OnLocationChange",
            "When": {
                "HectorHeterochromatic": true,
                "TrueShape |contains=trueshape": false
            }
        },
        {
            "LogName": "Heterochromatic Eyes - Hooded TF",
            "Action": "EditImage",
            "Target": "Portraits/Hector_HoodUp",
            "PatchMode": "Overlay",
            "FromFile": "assets/Portraits/Hector/heterochromia_tf_hooded.png",
            "Update": "OnTimeChange, OnLocationChange",
            "When": {
                "HectorHeterochromatic": true,
                "TrueShape": "trueshape"
            }
        },
        {
            "LogName": "Heterochromatic Eyes - TrueUp Portrait",
            "Action": "EditImage",
            "Target": "Portraits/Hector_TrueUp",
            "PatchMode": "Overlay",
            "FromFile": "assets/Portraits/Hector/heterochromia_tf_hooded.png",
            "Update": "OnTimeChange, OnLocationChange",
            "When": {
                "HectorHeterochromatic": true
            }
        },
        {
            "LogName": "Heterochromatic Eyes - TrueDown Portrait",
            "Action": "EditImage",
            "Target": "Portraits/Hector_TrueDown",
            "PatchMode": "Overlay",
            "FromFile": "assets/Portraits/Hector/heterochromia_tf.png",
            "Update": "OnTimeChange, OnLocationChange",
            "When": {
                "HectorHeterochromatic": true
            }
        },
        {
            "LogName": "Heterochromatic Eyes - Characters",
            "Action": "EditImage",
            "Target": "Characters/Hector, Characters/spring_Hector, Characters/summer_Hector, Characters/fall_Hector, Characters/winter_Hector, Characters/Hector_beach, Characters/Hector_HoodUp, Characters/Hector_HoodDown, Characters/Hector_TrueDown, Characters/Hector_TrueUp",
            "PatchMode": "Overlay",
            "FromFile": "assets/Characters/Hector/heterochromia.png",
            "Update": "OnTimeChange, OnLocationChange",
            "When": {
                "HectorHeterochromatic": true
            }
        },
        {
            "LogName": "Heterochromatic Eyes - Wolf",
            "Action": "EditImage",
            "Target": "Portaits/HectorWolf, Portraits/Hector_wolf",
            "PatchMode": "Overlay",
            "FromFile": "Assets/Portraits/Hector/heterochromia_wolf.png",
            "Update": "OnTimeChange, OnLocationChange",
            "When": {
                "HectorHeterochromatic": true
            }
        }
    ]
}