{
    "Changes": [

        // PORTRAIT & SPRITE DEFAULT LOAD
        {
            "LogName": "Default Portraits & Sprites - Cirrus",
            "Action": "Load",
            "Target": "Portraits/Cirrus, Characters/Cirrus",
            "FromFile": "assets/{{TargetPathOnly}}/Cirrus/spring_Cirrus.png"
        },


        // LOADS
        {
            "Action": "Load",
            "Target": "Portraits/spring_Cirrus, Portraits/summer_Cirrus, Portraits/fall_Cirrus, Portraits/winter_Cirrus, Portraits/Cirrus_beach, Portraits/Cirrus_Glamrock, Characters/spring_Cirrus, Characters/summer_Cirrus, Characters/fall_Cirrus, Characters/winter_Cirrus, Characters/Cirrus_beach, Characters/Cirrus_Glamrock",
            "FromFile": "assets/{{TargetPathOnly}}/Cirrus/{{TargetWithoutPath}}.png"
        },

    
        // OVERLAYS
        {
            "LogName": "Cirrus Hair Color",
            "Action": "EditImage",
            "Target": "Portraits/Cirrus, Characters/Cirrus, Portraits/spring_Cirrus, Portraits/summer_Cirrus, Portraits/fall_Cirrus, Portraits/Cirrus_beach, Portraits/Cirrus_Glamrock, Characters/spring_Cirrus, Characters/summer_Cirrus, Characters/fall_Cirrus, Characters/Cirrus_beach, Characters/Cirrus_Glamrock",
            "PatchMode": "Overlay",
            "FromFile": "assets/{{TargetPathOnly}}/Cirrus/Hair/{{CirrusHairColor}}.png",
            "Update": "OnTimeChange, OnLocationChange",
            "When": { "HasFile:{{FromFile}}": true }
        },
        {
            "LogName": "Cirrus Hair Color Winter",
            "Action": "EditImage",
            "Target": "Portraits/winter_Cirrus, Characters/winter_Cirrus",
            "PatchMode": "Overlay",
            "FromFile": "assets/{{TargetPathOnly}}/Cirrus/Hair/{{CirrusHairColor}}_winter.png",
            "Update": "OnTimeChange, OnLocationChange",
            "When": { "HasFile:{{FromFile}}": true }
        },
        {   
            "LogName": "Mermaid Pendant Choker",
            "Action": "EditImage",
            "Target": "Portraits/Cirrus, Portraits/spring_Cirrus, Portraits/summer_Cirrus, Portraits/fall_Cirrus, Portraits/winter_Cirrus, Portraits/Cirrus_beach",
            "PatchMode": "Overlay",
            "FromFile": "assets/portraits/Cirrus/{{season}}_pendant_overlay_Cirrus.png",
            "Update": "OnTimeChange, OnLocationChange",
            "When": { "Relationship:Cirrus |contains=Married": true, "MermaidPendantChoker": true }
        }
    ]
}