{
    "Changes": [
        {
            "Action": "EditData",
            "Target": "Data/FarmAnimals",
            "Entries": {
                "{{ModId}}.Emeritus": {
                    "DisplayName": "Emeritus",
                    "House": "Barn",
                    "Texture": "Characters/MateoEmeritus",
                    "SpriteWidth": 32,
                    "SpriteHeight": 32,
                    "SleepFrame": 16
                }
            }
        },
        {
            "Action": "EditData",
            "Target": "MEEP/FarmAnimals/SpawnData",
            "Entries": {
                "{{ModId}}.Emeritus_Outside": {
                    "AnimalId": "{{ModId}}.Emeritus",
                    "Age": 1,
                    "LocationId": "EastScarp_Village",
                    "DisplayName": "Emeritus",
                    "PortraitTexture": "Portraits/MateoEmeritus",
                    "PetMessage": [
                        "{{i18n:MEEP.EmeritusOutside.{{Random:1++2++3++4++5|inputSeparator=++}}}}",
                    ],
                    "HomeTileX": 90,
                    "HomeTileY": 100,
                    "Condition": "PLAYER_HAS_SEEN_EVENT Any SnS.Ch1.Mateo.12, WEATHER EastScarp_Village Sun"
                },
                
                "{{ModId}}.Emeritus_Inside": {
                    "AnimalId": "{{ModId}}.Emeritus",
                    "Age": 1,
                    "LocationId": "EastScarp_CoastalGuild",
                    "DisplayName": "Emeritus",
                    "PortraitTexture": "Portraits/MateoEmeritus",
                    "PetMessage": [
                        "{{i18n:MEEP.EmeritusInside.{{Random:1++2++3++4++5|inputSeparator=++}}}}",
                    ],
                    "HomeTileX": 2,
                    "HomeTileY": 17,
                    "Condition": "PLAYER_HAS_SEEN_EVENT Any SnS.Ch1.Mateo.12, !WEATHER EastScarp_Village Sun"
                }
            }
        }
    ]
}