{
	"Changes": [
		{
			"LogName": "Coastal Guild Special Order",
			"Action": "EditData",
			"Target": "Data/SpecialOrders",
			"Entries": {
				"Val.SpecialOrders.BuildGuild": {

					// BUILDING THE COASTAL GUILD & ES SPECIAL ORDER BOARD (MECHANICS)

					"Name": "[Val.SpecialOrders.BuildGuild_Name]",
					"Requester": "Val",
					"Repeatable": "false",
					"RequiredTags": "event_12360010, !dropbox_RobinWood",
					"OrderType": "SwordSorcery.Event",
					"SpecialRule": "",
					"Text": "[Val.SpecialOrders.BuildGuild_Text]",
					"ItemToRemoveOnEnd": null,
					"MailToRemoveOnEnd": null,
					"RandomizedElements": null,
					"Objectives": [
						{
							"Type": "Donate",
							"Text": "[Val.SpecialOrders.BuildGuild.Objective_0_Text]",
							"RequiredCount": "500",
							"Data": {
								"DropBox": "RobinWood",
								"DropBoxGameLocation": "ScienceHouse",
								"DropBoxIndicatorLocation": "10.5 18",
								"AcceptedContextTags": "item_wood"
							}
						},
						{
							"Type": "Donate",
							"Text": "[Val.SpecialOrders.BuildGuild.Objective_1_Text]",
							"RequiredCount": "300",
							"Data": {
								"DropBox": "RobinWood",
								"DropBoxGameLocation": "ScienceHouse",
								"DropBoxIndicatorLocation": "10.5 18",
								"AcceptedContextTags": "item_stone"
							}
						},
						{
							"Type": "Donate",
							"Text": "[Val.SpecialOrders.BuildGuild.Objective_2_Text]",
							"RequiredCount": "100",
							"Data": {
								"DropBox": "RobinWood",
								"DropBoxGameLocation": "ScienceHouse",
								"DropBoxIndicatorLocation": "10.5 18",
								"AcceptedContextTags": "item_hardwood"
							}
						}
					],
					"Rewards": [
						{
							"Type": "Money",
							"Data": {
								"Amount": "5000"
							}
						},
						{
							"Type": "Mail",
							"Data": {
								"MailReceived": "Val_SpecialOrders_BuildGuildMail",
								"NoLetter": "true"
							}
						}
					]
				}
			}
		},

		{
			"Action": "EditData",
			"Target": "Strings/SpecialOrderStrings",
			"Entries": {

				// BUILDING THE COASTAL GUILD & ES SPECIAL ORDER BOARD (TEXT)

				"Val.SpecialOrders.BuildGuild_Name":"{{i18n:Quests.Val.SpecialOrders.BuildGuild.Name}}",
				"Val.SpecialOrders.BuildGuild_Text":"{{i18n:Quests.Val.SpecialOrders.BuildGuild.Text}}", 
				"Val.SpecialOrders.BuildGuild.Objective_0_Text":"{{i18n:Quests.Val.SpecialOrders.BuildGuild.Objective.0.Text}}",
				"Val.SpecialOrders.BuildGuild.Objective_1_Text":"{{i18n:Quests.Val.SpecialOrders.BuildGuild.Objective.1.Text}}",
				"Val.SpecialOrders.BuildGuild.Objective_2_Text":"{{i18n:Quests.Val.SpecialOrders.BuildGuild.Objective.2.Text}}",

				
			}
		}
	]
}