{
    "Changes": [
        {
            "Action": "EditData",
            "Target": "Data/SpecialOrders",
            "Entries": {
                "Val.SpecialOrders.AQ1": {
                    "Name": "[Val.SpecialOrders.AQ1_Name]",
                    "Requester": "Val",
                    "Duration": "Week",
                    "Repeatable": "True",
                    "RequiredTags": "",
                    "OrderType": "SwordSorcery",
                    "SpecialRule": "",
                    "Text": "[Val.SpecialOrders.AQ1_Text]",
                    "ItemToRemoveOnEnd": null,
                    "MailToRemoveOnEnd": null,
                    "RandomizedElements": [
                        {
                            "Name": "Monster",
                            "Values": [
                                {
                                    "RequiredTags": "",
                                    "Value": "Target|Serpent|LocalizedName|[Val.SpecialOrders.AQ1_0_LocalizedName]"
                                },
                                {
                                    "RequiredTags": "",
                                    "Value": "Target|Iridium Bat|LocalizedName|[Val.SpecialOrders.AQ1_1_LocalizedName]"
                                },
                                {
                                    "RequiredTags": "",
                                    "Value": "Target|Mummy|LocalizedName|[Val.SpecialOrders.AQ1_2_LocalizedName]"
                                },
                                {
                                    "RequiredTags": "",
                                    "Value": "Target|Carbon Ghost|LocalizedName|[Val.SpecialOrders.AQ1_3_LocalizedName]"
                                },
                                {
                                    "RequiredTags": "",
                                    "Value": "Target|Rock Crab|LocalizedName|[Val.SpecialOrders.AQ1_4_LocalizedName]"
                                },
                                {
                                    "RequiredTags": "",
                                    "Value": "Target|Lava Lurk|LocalizedName|[Val.SpecialOrders.AQ1_5_LocalizedName]"
                                },
                                {
                                    "RequiredTags": "",
                                    "Value": "Target|Lava Crab|LocalizedName|[Val.SpecialOrders.AQ1_6_LocalizedName]"
                                },
                                {
                                    "RequiredTags": "",
                                    "Value": "Target|Stone Golem|LocalizedName|[Val.SpecialOrders.AQ1_7_LocalizedName]"
                                },
                                {
                                    "RequiredTags": "",
                                    "Value": "Target|Dwarvish Sentry|LocalizedName|[Val.SpecialOrders.AQ1_8_LocalizedName]"
                                }
                            ]
                        }
                    ],
                    "Objectives": [
                        {
                            "Type": "Slay",
                            "Text": "[Val.SpecialOrders.AQ1.Objective_0_Text]",
                            "RequiredCount": "10",
                            "Data": {
                                "TargetName": "{Monster:Target}"
                            }
                        }
                    ],
                    "Rewards": [
                        {
                            "Type": "Money",
                            "Data": {
                                "Amount": "5000"
                            }
                        },
                        {
                            "Type": "Object",
                            "Data": {
                                "Item": "{{KCC.SnS/SpecialOrderBoardBook}}",
                                "Amount": 1
                            }
                        }
                    ]
                } 
            }
        },

        {
            "Action": "EditData",
            "Target": "Data/SpecialOrders",
            "Entries": {
                "Val.SpecialOrders.AQ2": {
                    "Name": "[Val.SpecialOrders.AQ2_Name]",
                    "Requester": "Val",
                    "Duration": "TwoWeeks",
                    "Repeatable": "True",
                    "RequiredTags": "",
                    "OrderType": "SwordSorcery",
                    "SpecialRule": "",
                    "Text": "[Val.SpecialOrders.AQ2_Text]",
                    "ItemToRemoveOnEnd": null,
                    "MailToRemoveOnEnd": null,
                    "RandomizedElements": [
                        {
                            "Name": "Monster",
                            "Values": [
                                {
                                    "RequiredTags": "",
                                    "Value": "Target|Serpent|LocalizedName|[Val.SpecialOrders.AQ2_0_LocalizedName]"
                                },
                                {
                                    "RequiredTags": "",
                                    "Value": "Target|Iridium Bat|LocalizedName|[Val.SpecialOrders.AQ2_1_LocalizedName]"
                                },
                                {
                                    "RequiredTags": "",
                                    "Value": "Target|Mummy|LocalizedName|[Val.SpecialOrders.AQ2_2_LocalizedName]"
                                },
                                {
                                    "RequiredTags": "",
                                    "Value": "Target|Carbon Ghost|LocalizedName|[Val.SpecialOrders.AQ2_3_LocalizedName]"
                                },
                                {
                                    "RequiredTags": "",
                                    "Value": "Target|Rock Crab|LocalizedName|[Val.SpecialOrders.AQ2_4_LocalizedName]"
                                },
                                {
                                    "RequiredTags": "",
                                    "Value": "Target|Lava Lurk|LocalizedName|[Val.SpecialOrders.AQ2_5_LocalizedName]"
                                },
                                {
                                    "RequiredTags": "",
                                    "Value": "Target|Lava Crab|LocalizedName|[Val.SpecialOrders.AQ2_6_LocalizedName]"
                                },
                                {
                                    "RequiredTags": "",
                                    "Value": "Target|Stone Golem|LocalizedName|[Val.SpecialOrders.AQ2_7_LocalizedName]"
                                },
                                {
                                    "RequiredTags": "",
                                    "Value": "Target|Dwarvish Sentry|LocalizedName|[Val.SpecialOrders.AQ2_8_LocalizedName]"
                                }
                            ]
                        }
                    ],
                    "Objectives": [
                        {
                            "Type": "Slay",
                            "Text": "[Val.SpecialOrders.AQ2.Objective_0_Text]",
                            "RequiredCount": "20",
                            "Data": {
                                "TargetName": "{Monster:Target}"
                            }
                        }
                    ],
                    "Rewards": [
                        {
                            "Type": "Money",
                            "Data": {
                                "Amount": "10000"
                            }
                        },
                        {
                            "Type": "Object",
                            "Data": {
                                "Item": "{{KCC.SnS/SpecialOrderBoardBook}}",
                                "Amount": 1
                            }
                        }
                    ]
                } 
            }
        },

        {
            "Action": "EditData",
            "Target": "Data/SpecialOrders",
            "Entries": {
                "Val.SpecialOrders.AQ3": {
                    "Name": "[Val.SpecialOrders.AQ3_Name]",
                    "Requester": "Val",
                    "Duration": "Month",
                    "Repeatable": "True",
                    "RequiredTags": "",
                    "OrderType": "SwordSorcery",
                    "SpecialRule": "",
                    "Text": "[Val.SpecialOrders.AQ3_Text]",
                    "ItemToRemoveOnEnd": null,
                    "MailToRemoveOnEnd": null,
                    "RandomizedElements": [
                        {
                            "Name": "Monster",
                            "Values": [
                                {
                                    "RequiredTags": "",
                                    "Value": "Target|Serpent|LocalizedName|[Val.SpecialOrders.AQ3_0_LocalizedName]"
                                },
                                {
                                    "RequiredTags": "",
                                    "Value": "Target|Iridium Bat|LocalizedName|[Val.SpecialOrders.AQ3_1_LocalizedName]"
                                },
                                {
                                    "RequiredTags": "",
                                    "Value": "Target|Mummy|LocalizedName|[Val.SpecialOrders.AQ3_2_LocalizedName]"
                                },
                                {
                                    "RequiredTags": "",
                                    "Value": "Target|Carbon Ghost|LocalizedName|[Val.SpecialOrders.AQ3_3_LocalizedName]"
                                },
                                {
                                    "RequiredTags": "",
                                    "Value": "Target|Rock Crab|LocalizedName|[Val.SpecialOrders.AQ3_4_LocalizedName]"
                                },
                                {
                                    "RequiredTags": "",
                                    "Value": "Target|Lava Lurk|LocalizedName|[Val.SpecialOrders.AQ3_5_LocalizedName]"
                                },
                                {
                                    "RequiredTags": "",
                                    "Value": "Target|Lava Crab|LocalizedName|[Val.SpecialOrders.AQ3_6_LocalizedName]"
                                },
                                {
                                    "RequiredTags": "",
                                    "Value": "Target|Stone Golem|LocalizedName|[Val.SpecialOrders.AQ3_7_LocalizedName]"
                                },
                                {
                                    "RequiredTags": "",
                                    "Value": "Target|Dwarvish Sentry|LocalizedName|[Val.SpecialOrders.AQ3_8_LocalizedName]"
                                }
                            ]
                        }
                    ],
                    "Objectives": [
                        {
                            "Type": "Slay",
                            "Text": "[Val.SpecialOrders.AQ3.Objective_0_Text]",
                            "RequiredCount": "30",
                            "Data": {
                                "TargetName": "{Monster:Target}"
                            }
                        }
                    ],
                    "Rewards": [
                        {
                            "Type": "Money",
                            "Data": {
                                "Amount": "15000"
                            }
                        },
                        {
                            "Type": "Object",
                            "Data": {
                                "Item": "{{KCC.SnS/SpecialOrderBoardBook}}",
                                "Amount": 1
                            }
                        }
                    ]
                } 
            }
        },

        {
            "Action": "EditData",
            "Target": "Data/SpecialOrders",
            "Entries": {
                "Val.SpecialOrders.AQ4": {
                    "Name": "[Val.SpecialOrders.AQ4_Name]",
                    "Requester": "Val",
                    "Duration": "TwoWeeks",
                    "Repeatable": "True",
                    "RequiredTags": "",
                    "OrderType": "SwordSorcery",
                    "SpecialRule": "",
                    "Text": "[Val.SpecialOrders.AQ4_Text]",
                    "ItemToRemoveOnEnd": null,
                    "MailToRemoveOnEnd": null,
                    "RandomizedElements": [
                        {
                            "Name": "Monster",
                            "Values": [
                                {
                                    "RequiredTags": "",
                                    "Value": "Target|Bat|LocalizedName|[Val.SpecialOrders.AQ4_0_LocalizedName]"
                                },
                                {
                                    "RequiredTags": "",
                                    "Value": "Target|Bug|LocalizedName|[Val.SpecialOrders.AQ4_1_LocalizedName]"
                                },
                                {
                                    "RequiredTags": "",
                                    "Value": "Target|Fly|LocalizedName|[Val.SpecialOrders.AQ4_2_LocalizedName]"
                                },
                                {
                                    "RequiredTags": "",
                                    "Value": "Target|Ghost|LocalizedName|[Val.SpecialOrders.AQ4_3_LocalizedName]"
                                },
                                {
                                    "RequiredTags": "",
                                    "Value": "Target|Duggy|LocalizedName|[Val.SpecialOrders.AQ4_4_LocalizedName]"
                                },
                                {
                                    "RequiredTags": "",
                                    "Value": "Target|Metal Head|LocalizedName|[Val.SpecialOrders.AQ4_5_LocalizedName]"
                                },
                                {
                                    "RequiredTags": "",
                                    "Value": "Target|Green Slime|LocalizedName|[Val.SpecialOrders.AQ4_6_LocalizedName]"
                                },
                                {
                                    "RequiredTags": "",
                                    "Value": "Target|Stone Golem|LocalizedName|[Val.SpecialOrders.AQ4_7_LocalizedName]"
                                },
                                {
                                    "RequiredTags": "",
                                    "Value": "Target|Squid Kid|LocalizedName|[Val.SpecialOrders.AQ4_8_LocalizedName]"
                                }
                            ]
                        }
                    ],
                    "Objectives": [
                        {
                            "Type": "Slay",
                            "Text": "[Val.SpecialOrders.AQ4.Objective_0_Text]",
                            "RequiredCount": "30",
                            "Data": {
                                "TargetName": "{Monster:Target}"
                            }
                        }
                    ],
                    "Rewards": [
                        {
                            "Type": "Money",
                            "Data": {
                                "Amount": "15000"
                            }
                        },
                        {
                            "Type": "Object",
                            "Data": {
                                "Item": "{{KCC.SnS/SpecialOrderBoardBook}}",
                                "Amount": 1
                            }
                        }
                    ]
                } 
            }
        },

        /*{
            "Action": "EditData",
            "Target": "Data/SpecialOrders",
            "Entries": {
                "Val.SpecialOrders.AQ5": {
                    "Name": "[Val.SpecialOrders.AQ5_Name]",
                    "Requester": "Val",
                    "Duration": "TwoWeeks",
                    "Repeatable": "True",
                    "RequiredTags": "",
                    "OrderType": "SwordSorcery",
                    "SpecialRule": "",
                    "Text": "[Val.SpecialOrders.AQ5_Text]",
                    "ItemToRemoveOnEnd": null,
                    "MailToRemoveOnEnd": null,
                    "RandomizedElements": [
                        {
                            "Name": "Monster",
                            "Values": [
                                {
                                    "RequiredTags": "",
                                    "Value": "Target|Stygium Crab|LocalizedName|[Val.SpecialOrders.AQ5_0_LocalizedName]"
                                },
                                {
                                    "RequiredTags": "",
                                    "Value": "Target|Stygium Skeleton|LocalizedName|[Val.SpecialOrders.AQ5_1_LocalizedName]"
                                },
                                {
                                    "RequiredTags": "",
                                    "Value": "Target|Stygium Rex|LocalizedName|[Val.SpecialOrders.AQ5_2_LocalizedName]"
                                },
                                {
                                    "RequiredTags": "",
                                    "Value": "Target|Stygium Golem|LocalizedName|[Val.SpecialOrders.AQ5_3_LocalizedName]"
                                },
                                {
                                    "RequiredTags": "",
                                    "Value": "Target|Stygium Golem (Blue)|LocalizedName|[Val.SpecialOrders.AQ5_4_LocalizedName]"
                                },
                                {
                                    "RequiredTags": "",
                                    "Value": "Target|Stygium Bat|LocalizedName|[Val.SpecialOrders.AQ5_5_LocalizedName]"
                                },
                                {
                                    "RequiredTags": "",
                                    "Value": "Target|Stygium Miner|LocalizedName|[Val.SpecialOrders.AQ5_6_LocalizedName]"
                                },
                                {
                                    "RequiredTags": "",
                                    "Value": "Target|Stygium Head|LocalizedName|[Val.SpecialOrders.AQ5_7_LocalizedName]"
                                },
                                {
                                    "RequiredTags": "",
                                    "Value": "Target|Stygium Skull|LocalizedName|[Val.SpecialOrders.AQ5_8_LocalizedName]"
                                },
                                {
                                    "RequiredTags": "",
                                    "Value": "Target|Stygium False Mushroom|LocalizedName|[Val.SpecialOrders.AQ5_9_LocalizedName]"
                                },
                                {
                                    "RequiredTags": "",
                                    "Value": "Target|Stygium Miner Mage|LocalizedName|[Val.SpecialOrders.AQ5_10_LocalizedName]"
                                },
                                {
                                    "RequiredTags": "",
                                    "Value": "Target|Stygium Serpant|LocalizedName|[Val.SpecialOrders.AQ5_11_LocalizedName]"
                                },
                                {
                                    "RequiredTags": "",
                                    "Value": "Target|Stygium False Mushroom|LocalizedName|[Val.SpecialOrders.AQ5_11_LocalizedName]"
                                },
                                {
                                    "RequiredTags": "",
                                    "Value": "Target|Stygium Droplet|LocalizedName|[Val.SpecialOrders.AQ5_12_LocalizedName]"
                                },
                                {
                                    "RequiredTags": "",
                                    "Value": "Target|Stygium Leviathan|LocalizedName|[Val.SpecialOrders.AQ5_13_LocalizedName]"
                                },
                                {
                                    "RequiredTags": "",
                                    "Value": "Target|Stygium Party Skeleton|LocalizedName|[Val.SpecialOrders.AQ5_14_LocalizedName]"
                                },
                                {
                                    "RequiredTags": "",
                                    "Value": "Target|Stygium Squid|LocalizedName|[Val.SpecialOrders.AQ5_15_LocalizedName]"
                                },
                            ]
                        }
                    ],
                    "Objectives": [
                        {
                            "Type": "Slay",
                            "Text": "[Val.SpecialOrders.AQ4.Objective_0_Text]",
                            "RequiredCount": "30",
                            "Data": {
                                "TargetName": "{Monster:Target}"
                            }
                        }
                    ],
                    "Rewards": [
                        {
                            "Type": "Money",
                            "Data": {
                                "Amount": "25000"
                            }
                        },
                        {
                            "Type": "Object",
                            "Data": {
                                "Item": "{{KCC.SnS/SpecialOrderBoardBook}}",
                                "Amount": 4
                            }
                        },
                    ]
                } 
            },
            "When": { "HasSeenEvent": "SnS.Ch4.Dandelion.7" }
        },*/
        
        {
            "Action": "EditData",
            "Target": "Strings/SpecialOrderStrings",
            "Entries": {
                "Val.SpecialOrders.AQ1_0_LocalizedName":"{{i18n:Quests.Val.SpecialOrders.AQ1.0.LocalizedName}}",
                "Val.SpecialOrders.AQ1_1_LocalizedName":"{{i18n:Quests.Val.SpecialOrders.AQ1.1.LocalizedName}}",
                "Val.SpecialOrders.AQ1_2_LocalizedName":"{{i18n:Quests.Val.SpecialOrders.AQ1.2.LocalizedName}}",
                "Val.SpecialOrders.AQ1_3_LocalizedName":"{{i18n:Quests.Val.SpecialOrders.AQ1.3.LocalizedName}}",
                "Val.SpecialOrders.AQ1_4_LocalizedName":"{{i18n:Quests.Val.SpecialOrders.AQ1.4.LocalizedName}}",
                "Val.SpecialOrders.AQ1_5_LocalizedName":"{{i18n:Quests.Val.SpecialOrders.AQ1.5.LocalizedName}}",
                "Val.SpecialOrders.AQ1_6_LocalizedName":"{{i18n:Quests.Val.SpecialOrders.AQ1.6.LocalizedName}}",
                "Val.SpecialOrders.AQ1_7_LocalizedName":"{{i18n:Quests.Val.SpecialOrders.AQ1.7.LocalizedName}}",
                "Val.SpecialOrders.AQ1_8_LocalizedName":"{{i18n:Quests.Val.SpecialOrders.AQ1.8.LocalizedName}}",
                "Val.SpecialOrders.AQ2_0_LocalizedName":"{{i18n:Quests.Val.SpecialOrders.AQ2.0.LocalizedName}}",
                "Val.SpecialOrders.AQ2_1_LocalizedName":"{{i18n:Quests.Val.SpecialOrders.AQ2.1.LocalizedName}}",
                "Val.SpecialOrders.AQ2_2_LocalizedName":"{{i18n:Quests.Val.SpecialOrders.AQ2.2.LocalizedName}}",
                "Val.SpecialOrders.AQ2_3_LocalizedName":"{{i18n:Quests.Val.SpecialOrders.AQ2.3.LocalizedName}}",
                "Val.SpecialOrders.AQ2_4_LocalizedName":"{{i18n:Quests.Val.SpecialOrders.AQ2.4.LocalizedName}}",
                "Val.SpecialOrders.AQ2_5_LocalizedName":"{{i18n:Quests.Val.SpecialOrders.AQ2.5.LocalizedName}}",
                "Val.SpecialOrders.AQ2_6_LocalizedName":"{{i18n:Quests.Val.SpecialOrders.AQ2.6.LocalizedName}}",
                "Val.SpecialOrders.AQ2_7_LocalizedName":"{{i18n:Quests.Val.SpecialOrders.AQ2.7.LocalizedName}}",
                "Val.SpecialOrders.AQ2_8_LocalizedName":"{{i18n:Quests.Val.SpecialOrders.AQ2.8.LocalizedName}}",
                "Val.SpecialOrders.AQ3_0_LocalizedName":"{{i18n:Quests.Val.SpecialOrders.AQ3.0.LocalizedName}}",
                "Val.SpecialOrders.AQ3_1_LocalizedName":"{{i18n:Quests.Val.SpecialOrders.AQ3.1.LocalizedName}}",
                "Val.SpecialOrders.AQ3_2_LocalizedName":"{{i18n:Quests.Val.SpecialOrders.AQ3.2.LocalizedName}}",
                "Val.SpecialOrders.AQ3_3_LocalizedName":"{{i18n:Quests.Val.SpecialOrders.AQ3.3.LocalizedName}}",
                "Val.SpecialOrders.AQ3_4_LocalizedName":"{{i18n:Quests.Val.SpecialOrders.AQ3.4.LocalizedName}}",
                "Val.SpecialOrders.AQ3_5_LocalizedName":"{{i18n:Quests.Val.SpecialOrders.AQ3.5.LocalizedName}}",
                "Val.SpecialOrders.AQ3_6_LocalizedName":"{{i18n:Quests.Val.SpecialOrders.AQ3.6.LocalizedName}}",
                "Val.SpecialOrders.AQ3_7_LocalizedName":"{{i18n:Quests.Val.SpecialOrders.AQ3.7.LocalizedName}}",
                "Val.SpecialOrders.AQ3_8_LocalizedName":"{{i18n:Quests.Val.SpecialOrders.AQ3.8.LocalizedName}}",
                "Val.SpecialOrders.AQ4_0_LocalizedName":"{{i18n:Quests.Val.SpecialOrders.AQ4.0.LocalizedName}}",
                "Val.SpecialOrders.AQ4_1_LocalizedName":"{{i18n:Quests.Val.SpecialOrders.AQ4.1.LocalizedName}}",
                "Val.SpecialOrders.AQ4_2_LocalizedName":"{{i18n:Quests.Val.SpecialOrders.AQ4.2.LocalizedName}}", 
                "Val.SpecialOrders.AQ4_3_LocalizedName":"{{i18n:Quests.Val.SpecialOrders.AQ4.3.LocalizedName}}", 
                "Val.SpecialOrders.AQ4_4_LocalizedName":"{{i18n:Quests.Val.SpecialOrders.AQ4.4.LocalizedName}}",
                "Val.SpecialOrders.AQ4_5_LocalizedName":"{{i18n:Quests.Val.SpecialOrders.AQ4.5.LocalizedName}}",
                "Val.SpecialOrders.AQ4_6_LocalizedName":"{{i18n:Quests.Val.SpecialOrders.AQ4.6.LocalizedName}}",
                "Val.SpecialOrders.AQ4_7_LocalizedName":"{{i18n:Quests.Val.SpecialOrders.AQ4.7.LocalizedName}}",
                "Val.SpecialOrders.AQ4_8_LocalizedName":"{{i18n:Quests.Val.SpecialOrders.AQ4.8.LocalizedName}}",
                "Val.SpecialOrders.AQ5_0_LocalizedName":"{{i18n:Quests.Val.SpecialOrders.AQ5.0.LocalizedName}}",
                "Val.SpecialOrders.AQ5_1_LocalizedName":"{{i18n:Quests.Val.SpecialOrders.AQ5.1.LocalizedName}}",
                "Val.SpecialOrders.AQ5_2_LocalizedName":"{{i18n:Quests.Val.SpecialOrders.AQ5.2.LocalizedName}}", 
                "Val.SpecialOrders.AQ5_3_LocalizedName":"{{i18n:Quests.Val.SpecialOrders.AQ5.3.LocalizedName}}", 
                "Val.SpecialOrders.AQ5_4_LocalizedName":"{{i18n:Quests.Val.SpecialOrders.AQ5.4.LocalizedName}}",
                "Val.SpecialOrders.AQ5_5_LocalizedName":"{{i18n:Quests.Val.SpecialOrders.AQ5.5.LocalizedName}}",
                "Val.SpecialOrders.AQ5_6_LocalizedName":"{{i18n:Quests.Val.SpecialOrders.AQ5.6.LocalizedName}}",
                "Val.SpecialOrders.AQ5_7_LocalizedName":"{{i18n:Quests.Val.SpecialOrders.AQ5.7.LocalizedName}}",
                "Val.SpecialOrders.AQ5_8_LocalizedName":"{{i18n:Quests.Val.SpecialOrders.AQ5.8.LocalizedName}}",
                "Val.SpecialOrders.AQ5_9_LocalizedName":"{{i18n:Quests.Val.SpecialOrders.AQ5.9.LocalizedName}}",
                "Val.SpecialOrders.AQ5_10_LocalizedName":"{{i18n:Quests.Val.SpecialOrders.AQ5.10.LocalizedName}}",
                "Val.SpecialOrders.AQ5_11_LocalizedName":"{{i18n:Quests.Val.SpecialOrders.AQ5.11.LocalizedName}}",
                "Val.SpecialOrders.AQ5_12_LocalizedName":"{{i18n:Quests.Val.SpecialOrders.AQ5.12.LocalizedName}}",
                "Val.SpecialOrders.AQ5_13_LocalizedName":"{{i18n:Quests.Val.SpecialOrders.AQ5.13.LocalizedName}}",
                "Val.SpecialOrders.AQ5_14_LocalizedName":"{{i18n:Quests.Val.SpecialOrders.AQ5.14.LocalizedName}}",
                "Val.SpecialOrders.AQ5_15_LocalizedName":"{{i18n:Quests.Val.SpecialOrders.AQ5.15.LocalizedName}}",
                "Val.SpecialOrders.AQ1_Name":"{{i18n:Quests.Val.SpecialOrders.AQ1.Name}}",
                "Val.SpecialOrders.AQ1_Text":"{{i18n:Quests.Val.SpecialOrders.AQ1.Text}}",
                "Val.SpecialOrders.AQ1.Objective_0_Text":"{{i18n:Quests.Val.SpecialOrders.AQ1.Objective.0.Text}}",
                "Val.SpecialOrders.AQ2_Name":"{{i18n:Quests.Val.SpecialOrders.AQ2.Name}}",
                "Val.SpecialOrders.AQ2_Text":"{{i18n:Quests.Val.SpecialOrders.AQ2.Text}}",
                "Val.SpecialOrders.AQ2.Objective_0_Text":"{{i18n:Quests.Val.SpecialOrders.AQ2.Objective.0.Text}}",
                "Val.SpecialOrders.AQ3_Name":"{{i18n:Quests.Val.SpecialOrders.AQ3.Name}}",
                "Val.SpecialOrders.AQ3_Text":"{{i18n:Quests.Val.SpecialOrders.AQ3.Text}}", 
                "Val.SpecialOrders.AQ3.Objective_0_Text":"{{i18n:Quests.Val.SpecialOrders.AQ3.Objective.0.Text}}",
                "Val.SpecialOrders.AQ4_Name":"{{i18n:Quests.Val.SpecialOrders.AQ4.Name}}",
                "Val.SpecialOrders.AQ4_Text":"{{i18n:Quests.Val.SpecialOrders.AQ4.Text}}", 
                "Val.SpecialOrders.AQ4.Objective_0_Text":"{{i18n:Quests.Val.SpecialOrders.AQ4.Objective.0.Text}}",
                "Val.SpecialOrders.AQ5_Name":"{{i18n:Quests.Val.SpecialOrders.AQ5.Name}}",
                "Val.SpecialOrders.AQ5_Text":"{{i18n:Quests.Val.SpecialOrders.AQ5.Text}}", 
                "Val.SpecialOrders.AQ5.Objective_0_Text":"{{i18n:Quests.Val.SpecialOrders.AQ5.Objective.0.Text}}"
            }
        }
    ]
}