{
  "Changes": [
    {
      "Action": "EditData",
      "Target": "Data/Objects",
      "Entries": {
        //Stygium
        "{{ModID}}_StygiumOre": {
          "Name": "Stygium Ore",
          "DisplayName": "{{i18n: object.stygium-ore.name}}",
          "Description": "{{i18n: object.stygium-ore.description}}",
          "Type": "Basic",
          "Category": -15,
          "Price": 500,
          "Texture": "SnS_Objects/Curios",
          "SpriteIndex": 18,
          "ExcludeFromRandomSale": true,
          "ContextTags": [
            "color_blue",
            "ore_item",
            "use_reverse_name_for_sorting"
          ]
        },
        "{{ModID}}_StygiumBar": {
          "Name": "Stygium Bar",
          "DisplayName": "{{i18n: object.stygium-bar.name}}",
          "Description": "{{i18n: object.stygium-bar.description}}",
          "Type": "Basic",
          "Category": -15,
          "Price": 5000,
          "Texture": "SnS_Objects/Curios",
          "SpriteIndex": 19,
          "ExcludeFromRandomSale": true,
          "ContextTags": [
            "color_blue",
            "furnace_item",
            "use_reverse_name_for_sorting"
          ]
        },
        //Essences
        "{{ModID}}_druidicessence": {
          "Name": "{{ModID}}_druidicessencee",
          "DisplayName": "{{i18n: magicitem.druidicessence.name}}",
          "Description": "{{i18n: magicitem.druidicessence.description}}",
          "Type": "Basic",
          "Category": -29,
          "Price": 0,
          "Edibility": -300,
          "IsDrink": false,
          "ExcludeFromShippingCollection": "{{ExcludeFromPerfection}}",
          "Texture": "SnS_Objects/Curios",
          "SpriteIndex": 16,
          "ContextTags": [
            "essence_item",
            "item_druidic_essence",
            "sns_essence_item",
            "color_dark_cyan"
          ]
        },
        "{{ModID}}_EarthEssence": {
          "Name": "{{ModID}}_EarthEssence",
          "DisplayName": "{{i18n: witchcraft.earth-essence.name}}",
          "Description": "{{i18n: witchcraft.earth-essence.description}}",
          "Type": "Basic",
          "Category": -28,
          "Price": 15,
          "Texture": "SnS_Objects/Curios",
          "SpriteIndex": 12,
          "ExcludeFromRandomSale": true,
          "ContextTags": [
            "essence_item",
            "item_earth_essence",
            "sns_essence_item",
            "color_dark_brown"
          ]
        },
        "{{ModID}}_AirEssence": {
          "Name": "{{ModID}}_AirEssence",
          "DisplayName": "{{i18n: witchcraft.air-essence.name}}",
          "Description": "{{i18n: witchcraft.air-essence.description}}",
          "Type": "Basic",
          "Category": -28,
          "Price": 15,
          "Texture": "SnS_Objects/Curios",
          "SpriteIndex": 13,
          "ExcludeFromRandomSale": true,
          "ContextTags": [
            "essence_item",
            "item_air_essence",
            "sns_essence_item",
            "color_cyan"
          ]
        },
        "{{ModID}}_WaterEssence": {
          "Name": "{{ModID}}_WaterEssence",
          "DisplayName": "{{i18n: witchcraft.water-essence.name}}",
          "Description": "{{i18n: witchcraft.water-essence.description}}",
          "Type": "Basic",
          "Category": -28,
          "Price": 15,
          "Texture": "SnS_Objects/Curios",
          "SpriteIndex": 14,
          "ExcludeFromRandomSale": true,
          "ContextTags": [
            "essence_item",
            "item_water_essence",
            "sns_essence_item",
            "color_light_cyan"
          ]
        },
        "{{ModID}}_FireEssence": {
          "Name": "{{ModID}}_FireEssence",
          "DisplayName": "{{i18n: witchcraft.fire-essence.name}}",
          "Description": "{{i18n: witchcraft.fire-essence.description}}",
          "Type": "Basic",
          "Category": -28,
          "Price": 15,
          "Texture": "SnS_Objects/Curios",
          "SpriteIndex": 15,
          "ExcludeFromRandomSale": true,
          "ContextTags": [
            "essence_item",
            "item_fire_essence",
            "sns_essence_item",
            "color_red"
          ]
        },
        //EQ Gems
        "{{ModID}}_ExquisiteEmerald": {
          "Name": "{{ModID}}_ExquisiteEmerald",
          "DisplayName": "{{i18n: arsenal.exquisite-emerald.name}}",
          "Description": "{{i18n: arsenal.exquisite-emerald.description}}",
          "Type": "Basic",
          "Category": 0,
          "Price": 2500,
          "Texture": "Textures/DN.SnS/SnSArsenal",
          "SpriteIndex": 0,
          "ExcludeFromRandomSale": true,
          "ContextTags": [
            "item_exquisite_emerald",
            "exquisite_gem",
            "not_museum_donatable",
            "color_green"
          ]
        },
        "{{ModID}}_ExquisiteRuby": {
          "Name": "{{ModID}}_ExquisiteRuby",
          "DisplayName": "{{i18n: arsenal.exquisite-ruby.name}}",
          "Description": "{{i18n: arsenal.exquisite-ruby.description}}",
          "Type": "Basic",
          "Category": 0,
          "Price": 2500,
          "Texture": "Textures/DN.SnS/SnSArsenal",
          "SpriteIndex": 2,
          "ExcludeFromRandomSale": true,
          "ContextTags": [
            "item_exquisite_ruby",
            "exquisite_gem",
            "not_museum_donatable",
            "color_red"
          ]
        },
        "{{ModID}}_ExquisiteTopaz": {
          "Name": "{{ModID}}_ExquisiteTopaz",
          "DisplayName": "{{i18n: arsenal.exquisite-topaz.name}}",
          "Description": "{{i18n: arsenal.exquisite-topaz.description}}",
          "Type": "Basic",
          "Category": 0,
          "Price": 800,
          "Texture": "Textures/DN.SnS/SnSArsenal",
          "SpriteIndex": 1,
          "ExcludeFromRandomSale": true,
          "ContextTags": [
            "item_exquisite_topaz",
            "exquisite_gem",
            "not_museum_donatable",
            "color_dark_orange"
          ]
        },
        "{{ModID}}_ExquisiteJade": {
          "Name": "{{ModID}}_ExquisiteJade",
          "DisplayName": "{{i18n: arsenal.exquisite-jade.name}}",
          "Description": "{{i18n: arsenal.exquisite-jade.description}}",
          "Type": "Basic",
          "Category": 0,
          "Price": 2000,
          "Texture": "Textures/DN.SnS/SnSArsenal",
          "SpriteIndex": 3,
          "ExcludeFromRandomSale": true,
          "ContextTags": [
            "item_exquisite_jade",
            "exquisite_gem",
            "not_museum_donatable",
            "color_jade"
          ]
        },
        "{{ModID}}_ExquisiteAquamarine": {
          "Name": "{{ModID}}_ExquisiteAquamarine",
          "DisplayName": "{{i18n: arsenal.exquisite-aquamarine.name}}",
          "Description": "{{i18n: arsenal.exquisite-aquamarine.description}}",
          "Type": "Basic",
          "Category": 0,
          "Price": 1800,
          "Texture": "Textures/DN.SnS/SnSArsenal",
          "SpriteIndex": 6,
          "ExcludeFromRandomSale": true,
          "ContextTags": [
            "item_exquisite_aquamarine",
            "exquisite_gem",
            "not_museum_donatable",
            "color_aqua"
          ]
        },
        "{{ModID}}_ExquisiteAmethyst": {
          "Name": "{{ModID}}_ExquisiteAmethyst",
          "DisplayName": "{{i18n: arsenal.exquisite-amethyst.name}}",
          "Description": "{{i18n: arsenal.exquisite-amethyst.description}}",
          "Type": "Basic",
          "Category": 0,
          "Price": 1000,
          "Texture": "Textures/DN.SnS/SnSArsenal",
          "SpriteIndex": 4,
          "ExcludeFromRandomSale": true,
          "ContextTags": [
            "item_exquisite_amethyst",
            "exquisite_gem",
            "not_museum_donatable",
            "color_dark_purple"
          ]
        },
        "{{ModID}}_ExquisiteDiamond": {
          "Name": "{{ModID}}_ExquisiteDiamond",
          "DisplayName": "{{i18n: arsenal.exquisite-diamond.name}}",
          "Description": "{{i18n: arsenal.exquisite-diamond.description}}",
          "Type": "Basic",
          "Category": 0,
          "Price": 7500,
          "Texture": "Textures/DN.SnS/SnSArsenal",
          "SpriteIndex": 5,
          "ExcludeFromRandomSale": true,
          "ContextTags": [
            "item_exquisite_diamond",
            "exquisite_gem",
            "not_museum_donatable",
            "color_white"
          ]
        },
        //Pure Ores
        "{{ModID}}_PureCopperOre": {
          "Name": "{{ModID}}_PureCopperOre",
          "DisplayName": "{{i18n: arsenal.pure-copper-ore.name}}",
          "Description": "{{i18n: arsenal.pure-copper-ore.description}}",
          "Type": "Basic",
          "Category": -15,
          "Price": 50,
          "Texture": "Textures/DN.SnS/SnSArsenal",
          "SpriteIndex": 7,
          "ExcludeFromRandomSale": true,
          "ContextTags": [
            "ore_item",
            "pure_ore",
            "color_copper"
          ]
        },
        "{{ModID}}_PureIronOre": {
          "Name": "{{ModID}}_PureIronOre",
          "DisplayName": "{{i18n: arsenal.pure-iron-ore.name}}",
          "Description": "{{i18n: arsenal.pure-iron-ore.description}}",
          "Type": "Basic",
          "Category": -15,
          "Price": 75,
          "Texture": "Textures/DN.SnS/SnSArsenal",
          "SpriteIndex": 8,
          "ExcludeFromRandomSale": true,
          "ContextTags": [
            "ore_item",
            "pure_ore",
            "color_iron"
          ]
        },
        "{{ModID}}_PureGoldOre": {
          "Name": "{{ModID}}_PureGoldOre",
          "DisplayName": "{{i18n: arsenal.pure-gold-ore.name}}",
          "Description": "{{i18n: arsenal.pure-gold-ore.description}}",
          "Type": "Basic",
          "Category": -15,
          "Price": 125,
          "Texture": "Textures/DN.SnS/SnSArsenal",
          "SpriteIndex": 9,
          "ExcludeFromRandomSale": true,
          "ContextTags": [
            "ore_item",
            "pure_ore",
            "color_gold"
          ]
        },
        "{{ModID}}_PureIridiumOre": {
          "Name": "{{ModID}}_PureIridiumOre",
          "DisplayName": "{{i18n: arsenal.pure-iridium-ore.name}}",
          "Description": "{{i18n: arsenal.pure-iridium-ore.description}}",
          "Type": "Basic",
          "Category": -15,
          "Price": 500,
          "Texture": "Textures/DN.SnS/SnSArsenal",
          "SpriteIndex": 10,
          "ExcludeFromRandomSale": true,
          "ContextTags": [
            "ore_item",
            "pure_ore",
            "color_iridium"
          ]
        },
        "{{ModID}}_PureRadioactiveOre": {
          "Name": "{{ModID}}_PureRadioactiveOre",
          "DisplayName": "{{i18n: arsenal.pure-radioactive-ore.name}}",
          "Description": "{{i18n: arsenal.pure-radioactive-ore.description}}",
          "Type": "Basic",
          "Category": -15,
          "Price": 1500,
          "Texture": "Textures/DN.SnS/SnSArsenal",
          "SpriteIndex": 11,
          "ExcludeFromRandomSale": true,
          "ContextTags": [
            "ore_item",
            "pure_ore",
            "color_lime"
          ]
        }
      }
    }
  ]
}