{
	"Changes": [
  {
    "LogName": "Create Furniture",
    "Action": "EditData",
    "Target": "Data/Furniture",
    "Entries": {
      "{{ModID}}_ValPortrait": "{{ModID}}_ValPortrait/painting/2 2/2 2/1/999/-1/{{i18n:Furniture.SpousePortrait.Val}}/{{ValPortraitSpriteIndex}}/SnS_Objects\\Furniture/true",
      "{{ModID}}_HectorPortrait": "{{ModID}}_HectorPortrait/painting/2 2/2 2/1/999/-1/{{i18n:Furniture.SpousePortrait.Hector}}/{{HectorPortraitSpriteIndex}}/SnS_Objects\\Furniture/true",
      "{{ModID}}_CirrusPortrait": "{{ModID}}_CirrusPortrait/painting/2 2/2 2/1/999/-1/{{i18n:Furniture.SpousePortrait.Cirrus}}/4/SnS_Objects\\Furniture/true",
      "{{ModID}}_PlayersHandbook": "{{ModID}}_PlayersHandbook/decor/1 2/1 1/1/500/2/{{i18n:Furniture.PlayersHandbook}}/0/Mods\\Sword & Sorcery\\Handbook_Table_Oak/true"
    }
  }
]
}
