{
  "Changes": [
    {
      "Action": "EditData",
      "Target": "Data/Objects",
      "Entries": {
        //CROPS
        "{{ModID}}_ancientamaranth": {
          "Name": "{{ModID}}_ancientamaranth",
          "DisplayName": "{{i18n: crop.ancientamaranth.name}}",
          "Description": "{{i18n: crop.ancientamaranth.description}}",
          "Type": "Vegetable",
          "Category": -75,
          "Price": 160,
          "Edibility": 50,
          "IsDrink": false,
          "ExcludeFromShippingCollection": "{{ExcludeFromPerfection}}",
          "CountForMonoculture": "{{CountForFarmingAchievements}}",
          "CountForPolyculture": "{{CountForFarmingAchievements}}",
          "Texture": "SnS_Harvestables/Harvestables",
          "SpriteIndex": 0,
          "ContextTags": [
            "color_cyan",
            "seedmaker_banned",
            "sns_druidiccrop_item"
          ],
        },
        "{{ModID}}_ancientepiphyticfern": {
          "Name": "{{ModID}}_ancientepiphyticfern",
          "DisplayName": "{{i18n: crop.ancientepiphyticfern.name}}",
          "Description": "{{i18n: crop.ancientepiphyticfern.description}}",
          "Type": "Vegetable",
          "Category": -75,
          "Price": 300,
          "Edibility": 50,
          "ExcludeFromShippingCollection": "{{ExcludeFromPerfection}}",
          "CountForMonoculture": "{{CountForFarmingAchievements}}",
          "CountForPolyculture": "{{CountForFarmingAchievements}}",
          "IsDrink": false,
          "Texture": "SnS_Harvestables/Harvestables",
          "SpriteIndex": 2,
          "ContextTags": [
            "color_cyan",
            "seedmaker_banned",
            "sns_druidiccrop_item"
          ]
        },
        "{{ModID}}_glowingpolyporemushrooms": {
          "Name": "{{ModID}}_glowingpolyporemushrooms",
          "DisplayName": "{{i18n: crop.ancientglowingpolyporemushrooms.name}}",
          "Description": "{{i18n: crop.ancientglowingpolyporemushrooms.description}}",
          "Type": "Vegetable",
          "Category": -75,
          "Price": 300,
          "Edibility": 50,
          "ExcludeFromShippingCollection": "{{ExcludeFromPerfection}}",
          "CountForMonoculture": "{{CountForFarmingAchievements}}",
          "CountForPolyculture": "{{CountForFarmingAchievements}}",
          "IsDrink": false,
          "Texture": "SnS_Harvestables/Harvestables",
          "SpriteIndex": 4,
          "ContextTags": [
            "color_cyan",
            "seedmaker_banned",
            "sns_druidiccrop_item"
          ]
        },
        "{{ModID}}_ancientwildfairyrose": {
          "Name": "{{ModID}}_ancientwildfairyrose",
          "DisplayName": "{{i18n: crop.ancientwildfairyrose.name}}",
          "Description": "{{i18n: crop.ancientwildfairyrose.description}}",
          "Type": "Flower",
          "Category": -80,
          "Price": 345,
          "Edibility": 50,
          "IsDrink": false,
          "ExcludeFromShippingCollection": "{{ExcludeFromPerfection}}",
          "CountForMonoculture": "{{CountForFarmingAchievements}}",
          "CountForPolyculture": "{{CountForFarmingAchievements}}",
          "Texture": "SnS_Harvestables/Harvestables",
          "SpriteIndex": 1,
          "ContextTags": [
            "color_cyan",
            "seedmaker_banned",
            "sns_druidiccrop_item"
          ]
        },
        "{{ModID}}_ancientelderberry": {
          "Name": "{{ModID}}_ancientelderberry",
          "DisplayName": "{{i18n: crop.ancientelderberry.name}}",
          "Description": "{{i18n: crop.ancientelderberry.description}}",
          "Type": "Fruit",
          "Category": -79,
          "Price": 110,
          "Edibility": 50,
          "IsDrink": false,
          "ExcludeFromShippingCollection": "{{ExcludeFromPerfection}}",
          "CountForMonoculture": "{{CountForFarmingAchievements}}",
          "CountForPolyculture": "{{CountForFarmingAchievements}}",
          "Texture": "SnS_Harvestables/Harvestables",
          "SpriteIndex": 5,
          "ContextTags": [
            "color_cyan",
            "seedmaker_banned",
            "sns_druidiccrop_item"
          ]
        },
        "{{ModID}}_ancientbottlegourd": {
          "Name": "{{ModID}}_ancientbottlegourd",
          "DisplayName": "{{i18n: crop.ancientbottlegourd.name}}",
          "Description": "{{i18n: crop.ancientbottlegourd.description}}",
          "Type": "Vegetable",
          "Category": -75,
          "Price": 220,
          "Edibility": 50,
          "IsDrink": false,
          "Texture": "SnS_Harvestables/Harvestables",
          "SpriteIndex": 6,
          "ExcludeFromShippingCollection": "{{ExcludeFromPerfection}}",
          "CountForMonoculture": "{{CountForFarmingAchievements}}",
          "CountForPolyculture": "{{CountForFarmingAchievements}}",
          "ContextTags": [
            "color_cyan",
            "seedmaker_banned",
            "sns_druidiccrop_item"
          ]
        },
        "{{ModID}}_ancientgiantappleberry": {
          "Name": "{{ModID}}_ancientgiantappleberry",
          "DisplayName": "{{i18n: crop.ancientgiantappleberry.name}}",
          "Description": "{{i18n: crop.ancientgiantappleberry.description}}",
          "Type": "Fruit",
          "Category": -79,
          "Price": 275,
          "Edibility": 50,
          "IsDrink": false,
          "ExcludeFromShippingCollection": "{{ExcludeFromPerfection}}",
          "CountForMonoculture": "{{CountForFarmingAchievements}}",
          "CountForPolyculture": "{{CountForFarmingAchievements}}",
          "Texture": "SnS_Harvestables/Harvestables",
          "SpriteIndex": 7,
          "ContextTags": [
            "color_cyan",
            "category_fruits",
            "seedmaker_banned",
            "sns_druidiccrop_item"
          ]
        },
        "{{ModID}}_ancientazuredetura": {
          "Name": "{{ModID}}_ancientazuredetura",
          "DisplayName": "{{i18n: crop.ancientazuredetura.name}}",
          "Description": "{{i18n: crop.ancientazuredetura.description}}",
          "Type": "Flower",
          "Category": -80,
          "Price": 160,
          "Edibility": 50,
          "IsDrink": false,
          "ExcludeFromShippingCollection": "{{ExcludeFromPerfection}}",
          "CountForMonoculture": "{{CountForFarmingAchievements}}",
          "CountForPolyculture": "{{CountForFarmingAchievements}}",
          "Texture": "SnS_Harvestables/Harvestables",
          "SpriteIndex": 8,
          "ContextTags": [
            "color_cyan",
            "seedmaker_banned",
            "sns_druidiccrop_item"
          ]
        },
        "{{ModID}}_ancientglowinghuckleberry": {
          "Name": "{{ModID}}_ancientglowinghuckleberry",
          "DisplayName": "{{i18n: crop.ancientglowinghuckleberry.name}}",
          "Description": "{{i18n: crop.ancientglowinghuckleberry.description}}",
          "Type": "Fruit",
          "Category": -79,
          "Price": 410,
          "Edibility": 50,
          "ExcludeFromShippingCollection": "{{ExcludeFromPerfection}}",
          "CountForMonoculture": "{{CountForFarmingAchievements}}",
          "CountForPolyculture": "{{CountForFarmingAchievements}}",
          "IsDrink": false,
          "Texture": "SnS_Harvestables/Harvestables",
          "SpriteIndex": 3,
          "ContextTags": [
            "color_cyan",
            "seedmaker_banned",
            "sns_druidiccrop_item"
          ]
        },
        "{{ModID}}_ancientsweettealeaves": {
          "Name": "{{ModID}}_ancientsweettealeaves",
          "DisplayName": "{{i18n: crop.ancientsweettealeaves.name}}",
          "Description": "{{i18n: crop.ancientsweettealeaves.description}}",
          "Type": "Flower",
          "Category": -80,
          "Price": 350,
          "Edibility": 50,
          "IsDrink": false,
          "ExcludeFromShippingCollection": "{{ExcludeFromPerfection}}",
          "CountForMonoculture": "{{CountForFarmingAchievements}}",
          "CountForPolyculture": "{{CountForFarmingAchievements}}",
          "Texture": "SnS_Harvestables/Harvestables",
          "SpriteIndex": 9,
          "ContextTags": [
            "color_cyan",
            "seedmaker_banned",
            "sns_druidiccrop_item"
          ]
        },
        //SEEDS
        "{{ModID}}_ancientamaranth.seed": {
          "Name": "{{ModID}}_ancientamaranth.seed",
          "DisplayName": "{{i18n: crop.ancientamaranth.seed.name}}",
          "Description": "{{i18n: crop.ancientamaranth.seed.description}}",
          "Type": "Seeds",
          "Category": -74,
          "Price": 2,
          "IsDrink": false,
          "ExcludeFromShippingCollection": "{{ExcludeFromPerfection}}",
          "CountForMonoculture": "{{CountForFarmingAchievements}}",
          "CountForPolyculture": "{{CountForFarmingAchievements}}",
          "Texture": "SnS_Harvestables/Seeds",
          "SpriteIndex": 0
        },
        "{{ModID}}_ancientepiphyticfern.seed": {
          "Name": "{{ModID}}_ancientepiphyticfern.seed",
          "DisplayName": "{{i18n: crop.ancientepiphyticfern.seed.name}}",
          "Description": "{{i18n: crop.ancientepiphyticfern.seed.description}}",
          "Type": "Seeds",
          "Category": -74,
          "Price": 2,
          "ExcludeFromShippingCollection": "{{ExcludeFromPerfection}}",
          "CountForMonoculture": "{{CountForFarmingAchievements}}",
          "CountForPolyculture": "{{CountForFarmingAchievements}}",
          "IsDrink": false,
          "Texture": "SnS_Harvestables/Seeds",
          "SpriteIndex": 2
        },
        "{{ModID}}_glowingpolyporemushrooms.seed": {
          "Name": "{{ModID}}_glowingpolyporemushrooms.seed",
          "DisplayName": "{{i18n: crop.ancientglowingpolyporemushrooms.seed.name}}",
          "Description": "{{i18n: crop.ancientglowingpolyporemushrooms.seed.description}}",
          "Type": "Seeds",
          "Category": -74,
          "ExcludeFromShippingCollection": "{{ExcludeFromPerfection}}",
          "CountForMonoculture": "{{CountForFarmingAchievements}}",
          "CountForPolyculture": "{{CountForFarmingAchievements}}",
          "Price": 2,
          "IsDrink": false,
          "Texture": "SnS_Harvestables/Seeds",
          "SpriteIndex": 4
        },
        "{{ModID}}_ancientwildfairyrose.seed": {
          "Name": "{{ModID}}_ancientwildfairyrose.seed",
          "DisplayName": "{{i18n: crop.ancientwildfairyrose.seed.name}}",
          "Description": "{{i18n: crop.ancientwildfairyrose.seed.description}}",
          "Type": "Seeds",
          "Category": -74,
          "Price": 2,
          "IsDrink": false,
          "ExcludeFromShippingCollection": "{{ExcludeFromPerfection}}",
          "CountForMonoculture": "{{CountForFarmingAchievements}}",
          "CountForPolyculture": "{{CountForFarmingAchievements}}",
          "Texture": "SnS_Harvestables/Seeds",
          "SpriteIndex": 1
      },
        "{{ModID}}_ancientbottlegourd.seed": {
          "Name": "{{ModID}}_ancientbottlegourd.seed",
          "DisplayName": "{{i18n: crop.ancientbottlegourd.seed.name}}",
          "Description": "{{i18n: crop.ancientbottlegourd.seed.description}}",
          "Type": "Seeds",
          "Category": -74,
          "Price": 2,
          "IsDrink": false,
          "ExcludeFromShippingCollection": "{{ExcludeFromPerfection}}",
          "CountForMonoculture": "{{CountForFarmingAchievements}}",
          "CountForPolyculture": "{{CountForFarmingAchievements}}",
          "Texture": "SnS_Harvestables/Seeds",
          "SpriteIndex": 6
        },
        "{{ModID}}_ancientelderberry.seed": {
          "Name": "{{ModID}}_ancientelderberry.seed",
          "DisplayName": "{{i18n: crop.ancientelderberry.seed.name}}",
          "Description": "{{i18n: crop.ancientelderberry.seed.description}}",
          "Type": "Seeds",
          "Category": -74,
          "Price": 2,
          "ExcludeFromShippingCollection": "{{ExcludeFromPerfection}}",
          "CountForMonoculture": "{{CountForFarmingAchievements}}",
          "CountForPolyculture": "{{CountForFarmingAchievements}}",
          "IsDrink": false,
          "Texture": "SnS_Harvestables/Seeds",
          "SpriteIndex": 5
        },
      "{{ModID}}_ancientgiantappleberry.seed": {
          "Name": "{{ModID}}_ancientgiantappleberry.seed",
          "DisplayName": "{{i18n: crop.ancientgiantappleberry.seed.name}}",
          "Description": "{{i18n: crop.ancientgiantappleberry.seed.description}}",
          "Type": "Seeds",
          "Category": -74,
          "Price": 2,
          "ExcludeFromShippingCollection": "{{ExcludeFromPerfection}}",
          "CountForMonoculture": "{{CountForFarmingAchievements}}",
          "CountForPolyculture": "{{CountForFarmingAchievements}}",
          "IsDrink": false,
          "Texture": "SnS_Harvestables/Seeds",
          "SpriteIndex": 7
        },        
        "{{ModID}}_ancientazuredetura.seed": {
          "Name": "{{ModID}}_ancientazuredetura.seed",
          "DisplayName": "{{i18n: crop.ancientazuredetura.seed.name}}",
          "Description": "{{i18n: crop.ancientazuredetura.seed.description}}",
          "Type": "Seeds",
          "Category": -74,
          "Price": 2,
          "ExcludeFromShippingCollection": "{{ExcludeFromPerfection}}",
          "CountForMonoculture": "{{CountForFarmingAchievements}}",
          "CountForPolyculture": "{{CountForFarmingAchievements}}",
          "IsDrink": false,
          "Texture": "SnS_Harvestables/Seeds",
          "SpriteIndex": 8
        },
        "{{ModID}}_ancientglowinghuckleberry.seed": {
          "Name": "{{ModID}}_ancientglowinghuckleberry.seed",
          "DisplayName": "{{i18n: crop.ancientglowinghuckleberry.seed.name}}",
          "Description": "{{i18n: crop.ancientglowinghuckleberry.seed.description}}",
          "Type": "Seeds",
          "Category": -74,
          "Price": 2,
          "IsDrink": false,
          "ExcludeFromShippingCollection": "{{ExcludeFromPerfection}}",
          "CountForMonoculture": "{{CountForFarmingAchievements}}",
          "CountForPolyculture": "{{CountForFarmingAchievements}}",
          "Texture": "SnS_Harvestables/Seeds",
          "SpriteIndex": 3
        },
        "{{ModID}}_mushroomtreeseed": {
          "Name": "{{ModID}}_mushroomtreeseed",
          "DisplayName": "{{i18n: food.mushroomtreeseed.name}}",
          "Description": "{{i18n: food.mushroomtreeseed.description}}",
          "Type": "Basic",
          "Category": 0,
          "Price": 100,
          "Edibility": -300,
          "IsDrink": false,
          "ExcludeFromShippingCollection": "{{ExcludeFromPerfection}}",
          "Texture": "SnS_Harvestables/Seeds",
          "SpriteIndex": 10
        },
        "{{ModID}}_ancientsweettealeaves.seed": {
          "Name": "{{ModID}}_ancientsweettealeaves.seed",
          "DisplayName": "{{i18n: crop.ancientsweettealeaves.seed.name}}",
          "Description": "{{i18n: crop.ancientsweettealeaves.seed.description}}",
          "Type": "Seeds",
          "Category": -74,
          "Price": 2,
          "IsDrink": false,
          "ExcludeFromShippingCollection": "{{ExcludeFromPerfection}}",
          "CountForMonoculture": "{{CountForFarmingAchievements}}",
          "CountForPolyculture": "{{CountForFarmingAchievements}}",
          "Texture": "SnS_Harvestables/Seeds",
          "SpriteIndex": 9
        },
        //FORAGE
        "{{ModID}}_mushroom1": {
          "Name": "{{ModID}}_mushroom1",
          "DisplayName": "{{i18n: forage.mushroom1.name}}",
          "Description": "{{i18n: forage.mushroom.description}}",
          "Type": "Basic",
          "Category": 0,
          "Price": 200,
          "Edibility": -200,
          "IsDrink": false,
          "ExcludeFromShippingCollection": "{{ExcludeFromPerfection}}",
          "Texture": "SnS_Harvestables/Harvestables",
          "SpriteIndex": 10
        },
        "{{ModID}}_mushroom2": {
          "Name": "{{ModID}}_mushroom2",
          "DisplayName": "{{i18n: forage.mushroom2.name}}",
          "Description": "{{i18n: forage.mushroom.description}}",
          "Type": "Basic",
          "Category": 0,
          "Price": 200,
          "Edibility": -200,
          "IsDrink": false,
          "ExcludeFromShippingCollection": "{{ExcludeFromPerfection}}",
          "Texture": "SnS_Harvestables/Harvestables",
          "SpriteIndex": 11
        },
        "{{ModID}}_mushroom3": {
          "Name": "{{ModID}}_mushroom3",
          "DisplayName": "{{i18n: forage.mushroom3.name}}",
          "Description": "{{i18n: forage.mushroom.description}}",
          "Type": "Basic",
          "Category": 0,
          "Price": 200,
          "Edibility": -200,
          "IsDrink": false,
          "ExcludeFromShippingCollection": "{{ExcludeFromPerfection}}",
          "Texture": "SnS_Harvestables/Harvestables",
          "SpriteIndex": 12
        },
        "{{ModID}}_mushroom4": {
          "Name": "{{ModID}}_mushroom4",
          "DisplayName": "{{i18n: forage.mushroom4.name}}",
          "Description": "{{i18n: forage.mushroom.description}}",
          "Type": "Basic",
          "Category": 0,
          "Price": 200,
          "Edibility": -200,
          "IsDrink": false,
          "ExcludeFromShippingCollection": "{{ExcludeFromPerfection}}",
          "Texture": "SnS_Harvestables/Harvestables",
          "SpriteIndex": 13
        },
        "{{ModID}}_taintedcrocus": {
          "Name": "{{ModID}}_taintedcrocus",
          "DisplayName": "{{i18n: forage.taintedcrocus.name}}",
          "Description": "{{i18n: forage.taintedcrocus.description}}",
          "Type": "Basic",
          "Category": 0,
          "Price": 200,
          "Edibility": 15,
          "IsDrink": false,
          "ExcludeFromShippingCollection": "{{ExcludeFromPerfection}}",
          "Texture": "SnS_Harvestables/Harvestables",
          "SpriteIndex": 14
        },
        "{{ModID}}_taintedcorn": {
          "Name": "{{ModID}}_taintedcorn",
          "DisplayName": "{{i18n: forage.taintedcorn.name}}",
          "Description": "{{i18n: forage.taintedcorn.description}}",
          "Type": "Basic",
          "Category": 0,
          "Price": 200,
          "Edibility": 15,
          "IsDrink": false,
          "ExcludeFromShippingCollection": "{{ExcludeFromPerfection}}",
          "Texture": "SnS_Harvestables/Harvestables",
          "SpriteIndex": 15
        },
        "{{ModID}}_taintedgrasses": {
          "Name": "{{ModID}}_taintedgrasses",
          "DisplayName": "{{i18n: forage.taintedgrasses.name}}",
          "Description": "{{i18n: forage.taintedgrasses.description}}",
          "Type": "Basic",
          "Category": 0,
          "Price": 200,
          "Edibility": 15,
          "IsDrink": false,
          "ExcludeFromShippingCollection": "{{ExcludeFromPerfection}}",
          "Texture": "SnS_Harvestables/Harvestables",
          "SpriteIndex": 16
        }
      }
    },

  //TREES
  {
      "Action": "EditData",
      "Target": "Data/fruitTrees",
      "Entries": {
        "{{ModID}}_ancientglowinghuckleberry.seed": {
          "Seasons": [
            "summer"
          ],
          "Fruit": [
            {
              "Id": "N/A",
              "ItemId": "{{ModID}}_ancientglowinghuckleberry"
            }
          ],
          "Texture": "SnS_Harvestables/HuckleberryVine",
          "ExcludeFromShippingCollection": "{{ExcludeFromPerfection}}",
          "CountForMonoculture": "{{CountForFarmingAchievements}}",
          "CountForPolyculture": "{{CountForFarmingAchievements}}",
          "SpriteIndex": 0
        }
      }
  },
  {
    "Action": "EditData",
    "Target": "Data/WildTrees",
    "Entries": {
      "{{ModID}}_stygiummushroomtree": {
        "Textures": [
          {
            "Condition": null,
            "Season": null,
            "Texture": "SnS_Harvestables/MushroomTree"
          }
        ],
        "SeedItemId": "(O){{ModID}}_mushroomtreeseed",
        "SeedPlantable": true,
        "GrowthChance": 0.2,
        "FertilizedGrowthChance": 1.0,
        "SeedSpreadChance": 0.15,
        "SeedOnShakeChance": 0.75,
        "SeedOnChopChance": 0.75,
        "DropWoodOnChop": false,
        "DropHardwoodOnLumberChop": false,
        "IsLeafy": false,
        "IsLeafyInWinter": false,
        "IsLeafyInFall": true,
        "PlantableLocationRules": null,
        "GrowsInWinter": false,
        "IsStumpDuringWinter": true,
        "AllowWoodpeckers": true,
        "UseAlternateSpriteWhenNotShaken": false,
        "UseAlternateSpriteWhenSeedReady": false,
        "DebrisColor": "White",
        "SeedDropItems": null,
        "ChopItems": [
          {
            "MinSize": 5,
            "ForStump": false,
            "Season": null,
            "Chance": 1.0,
            "Condition": null,
            "Id": "FromTaintedMushroom1",
            "ItemId": "(O){{ModID}}_mushroom1",
            "RandomItemId": null,
            "MaxItems": null,
            "MinStack": 1,
            "MaxStack": -1,
            "Quality": -1,
            "ObjectInternalName": null,
            "ObjectDisplayName": null,
            "ToolUpgradeLevel": -1,
            "IsRecipe": false,
            "StackModifiers": null,
            "StackModifierMode": 0,
            "QualityModifiers": null,
            "QualityModifierMode": 0,
            "ModData": null,
            "PerItemCondition": null
          },
          {
            "MinSize": 5,
            "ForStump": false,
            "Season": null,
            "Chance": 1.0,
            "Condition": null,
            "Id": "FromTaintedMushroom2",
            "ItemId": "(O){{ModID}}_mushroom2",
            "RandomItemId": null,
            "MaxItems": null,
            "MinStack": 1,
            "MaxStack": -1,
            "Quality": -1,
            "ObjectInternalName": null,
            "ObjectDisplayName": null,
            "ToolUpgradeLevel": -1,
            "IsRecipe": false,
            "StackModifiers": null,
            "StackModifierMode": 0,
            "QualityModifiers": null,
            "QualityModifierMode": 0,
            "ModData": null,
            "PerItemCondition": null
          },
          {
            "MinSize": 5,
            "ForStump": false,
            "Season": null,
            "Chance": 1.0,
            "Condition": null,
            "Id": "FromTaintedMushroom3",
            "ItemId": "(O){{ModID}}_mushroom3",
            "RandomItemId": null,
            "MaxItems": null,
            "MinStack": 1,
            "MaxStack": -1,
            "Quality": -1,
            "ObjectInternalName": null,
            "ObjectDisplayName": null,
            "ToolUpgradeLevel": -1,
            "IsRecipe": false,
            "StackModifiers": null,
            "StackModifierMode": 0,
            "QualityModifiers": null,
            "QualityModifierMode": 0,
            "ModData": null,
            "PerItemCondition": null
          },
          {
            "MinSize": 5,
            "ForStump": false,
            "Season": null,
            "Chance": 1.0,
            "Condition": null,
            "Id": "FromTaintedMushroom4",
            "ItemId": "(O){{ModID}}_mushroom4",
            "RandomItemId": null,
            "MaxItems": null,
            "MinStack": 1,
            "MaxStack": -1,
            "Quality": -1,
            "ObjectInternalName": null,
            "ObjectDisplayName": null,
            "ToolUpgradeLevel": -1,
            "IsRecipe": false,
            "StackModifiers": null,
            "StackModifierMode": 0,
            "QualityModifiers": null,
            "QualityModifierMode": 0,
            "ModData": null,
            "PerItemCondition": null
          }
        ],
        "TapItems": [
          {
            "PreviousItemId": [
              ""
            ],
            "DaysUntilReady": 1,
            "DaysUntilReadyModifiers": null,
            "DaysUntilReadyModifierMode": 0,
            "Season": 2,
            "Chance": 0.25,
            "Condition": null,
            "Id": "FromTaintedMushroom1",
            "ItemId": "(O){{ModID}}_mushroom1",
            "RandomItemId": null,
            "MaxItems": null,
            "MinStack": 1,
            "MaxStack": -1,
            "Quality": -1,
            "ObjectInternalName": null,
            "ObjectDisplayName": null,
            "ToolUpgradeLevel": -1,
            "IsRecipe": false,
            "StackModifiers": null,
            "StackModifierMode": 0,
            "QualityModifiers": null,
            "QualityModifierMode": 0,
            "ModData": null,
            "PerItemCondition": null
          },
          {
            "PreviousItemId": [
              ""
            ],
            "DaysUntilReady": 1,
            "DaysUntilReadyModifiers": null,
            "DaysUntilReadyModifierMode": 0,
            "Season": 2,
            "Chance": 0.25,
            "Condition": null,
            "Id": "FromTaintedMushroom2",
            "ItemId": "(O){{ModID}}_mushroom2",
            "RandomItemId": null,
            "MaxItems": null,
            "MinStack": 1,
            "MaxStack": -1,
            "Quality": -1,
            "ObjectInternalName": null,
            "ObjectDisplayName": null,
            "ToolUpgradeLevel": -1,
            "IsRecipe": false,
            "StackModifiers": null,
            "StackModifierMode": 0,
            "QualityModifiers": null,
            "QualityModifierMode": 0,
            "ModData": null,
            "PerItemCondition": null
          },
          {
            "PreviousItemId": [
              ""
            ],
            "DaysUntilReady": 1,
            "DaysUntilReadyModifiers": null,
            "DaysUntilReadyModifierMode": 0,
            "Season": 2,
            "Chance": 0.25,
            "Condition": null,
            "Id": "FromTaintedMushroom3",
            "ItemId": "(O){{ModID}}_mushroom3",
            "RandomItemId": null,
            "MaxItems": null,
            "MinStack": 1,
            "MaxStack": -1,
            "Quality": -1,
            "ObjectInternalName": null,
            "ObjectDisplayName": null,
            "ToolUpgradeLevel": -1,
            "IsRecipe": false,
            "StackModifiers": null,
            "StackModifierMode": 0,
            "QualityModifiers": null,
            "QualityModifierMode": 0,
            "ModData": null,
            "PerItemCondition": null
          },
          {
            "PreviousItemId": [
              ""
            ],
            "DaysUntilReady": 1,
            "DaysUntilReadyModifiers": null,
            "DaysUntilReadyModifierMode": 0,
            "Season": 2,
            "Chance": 0.25,
            "Condition": null,
            "Id": "FromTaintedMushroom4",
            "ItemId": "(O){{ModID}}_mushroom4",
            "RandomItemId": null,
            "MaxItems": null,
            "MinStack": 1,
            "MaxStack": -1,
            "Quality": -1,
            "ObjectInternalName": null,
            "ObjectDisplayName": null,
            "ToolUpgradeLevel": -1,
            "IsRecipe": false,
            "StackModifiers": null,
            "StackModifierMode": 0,
            "QualityModifiers": null,
            "QualityModifierMode": 0,
            "ModData": null,
            "PerItemCondition": null
          }
        ],
        "ShakeItems": null,
        "CustomFields": null,
        "GrowsMoss": false
      }
    },
    "When": {
      "HasSeenEvent": "SnS.Ch4.Dandelion.7"
    }
  }
  
]
}