{
  "Changes": [
{
            "LogName": "Deep Dark Chest",
            "Action": "EditData",
            "Target": "Data/BigCraftables",
            "Entries": {
                "{{ModID}}_DeepDarkChest": {
                    "Name": "Deep Dark Chest",
                    "DisplayName": "{{i18n: deep-dark-chest.name}}",
                    "Description": "{{i18n: deep-dark-chest.description}}",
                    "Price": 0,
                    "Fragility": 0,
                    "CanBePlacedOutdoors": true,
                    "CanBePlacedIndoors": true,
                    "IsLamp": false,
                    "Texture": "SnS_Misc/DDTreasure",
                    "SpriteIndex": 0,
                    "ContextTags": null,
                    "CustomFields": null
                }
            }
        },
        {
            "LogName": "Deep Dark Stones/Items",
            "Action": "EditData",
            "Target": "Data/Objects",
            "Entries": {
                "{{ModID}}_StygiumOreStone": {
                    "Name": "Stone",
                    "DisplayName": "{{i18n:object.stygium-ore-stone.name}}",
                    "Description": "{{i18n:object.stygium-ore-stone.description}}",
                    "Type": "Litter",
                    "Category": -999,
                    "Price": 0,
                    "Texture": "maps/DeepDark-rocks",
                    "SpriteIndex": 30,
                    "Edibility": -300
                },
                "{{ModID}}_StygiumOreStone1": {
                    "Name": "Stone",
                    "DisplayName": "{{i18n:object.stygium-ore-stone.name}}",
                    "Description": "{{i18n:object.stygium-ore-stone.description}}",
                    "Type": "Litter",
                    "Category": -999,
                    "Price": 0,
                    "Texture": "maps/DeepDark-rocks",
                    "SpriteIndex": 24,
                    "Edibility": -300
                },
                "{{ModID}}_StygiumOreStone2": {
                    "Name": "Stone",
                    "DisplayName": "{{i18n:object.stygium-ore-stone.name}}",
                    "Description": "{{i18n:object.stygium-ore-stone.description}}",
                    "Type": "Litter",
                    "Category": -999,
                    "Price": 0,
                    "Texture": "maps/DeepDark-rocks",
                    "SpriteIndex": 25,
                    "Edibility": -300
                },
                "{{ModID}}_StygiumOreStone3": {
                    "Name": "Stone",
                    "DisplayName": "{{i18n:object.stygium-ore-stone.name}}",
                    "Description": "{{i18n:object.stygium-ore-stone.description}}",
                    "Type": "Litter",
                    "Category": -999,
                    "Price": 0,
                    "Texture": "maps/DeepDark-rocks",
                    "SpriteIndex": 26,
                    "Edibility": -300
                },
                "{{ModID}}_StygiumOreStone4": {
                    "Name": "Stone",
                    "DisplayName": "{{i18n:object.stygium-ore-stone.name}}",
                    "Description": "{{i18n:object.stygium-ore-stone.description}}",
                    "Type": "Litter",
                    "Category": -999,
                    "Price": 0,
                    "Texture": "maps/DeepDark-rocks",
                    "SpriteIndex": 27,
                    "Edibility": -300
                },
                "{{ModID}}_StygiumOreStone5": {
                    "Name": "Stone",
                    "DisplayName": "{{i18n:object.stygium-ore-stone.name}}",
                    "Description": "{{i18n:object.stygium-ore-stone.description}}",
                    "Type": "Litter",
                    "Category": -999,
                    "Price": 0,
                    "Texture": "maps/DeepDark-rocks",
                    "SpriteIndex": 28,
                    "Edibility": -300
                },
                "{{ModID}}_StygiumOreStone6": {
                    "Name": "Stone",
                    "DisplayName": "{{i18n:object.stygium-ore-stone.name}}",
                    "Description": "{{i18n:object.stygium-ore-stone.description}}",
                    "Type": "Litter",
                    "Category": -999,
                    "Price": 0,
                    "Texture": "maps/DeepDark-rocks",
                    "SpriteIndex": 29,
                    "Edibility": -300
                },
                "{{ModID}}_StygiumOreStone8": {
                    "Name": "Stone",
                    "DisplayName": "{{i18n:object.stygium-ore-stone.name}}",
                    "Description": "{{i18n:object.stygium-ore-stone.description}}",
                    "Type": "Litter",
                    "Category": -999,
                    "Price": 0,
                    "Texture": "maps/DeepDark-rocks",
                    "SpriteIndex": 31,
                    "Edibility": -300
                },
                "{{ModID}}_StygiumOreStone9": {
                    "Name": "Stone",
                    "DisplayName": "{{i18n:object.stygium-ore-stone.name}}",
                    "Description": "{{i18n:object.stygium-ore-stone.description}}",
                    "Type": "Litter",
                    "Category": -999,
                    "Price": 0,
                    "Texture": "maps/DeepDark-rocks",
                    "SpriteIndex": 32,
                    "Edibility": -300
                }
            }
        }
  ]
}