{ 
	"Changes":
	[		

		{
		"LogName":"Cirrus's Schedule - Not Unlocked",
		"Action":"EditData",
		"Target":"Characters/Schedules/Cirrus",
		"Entries":
		{
			// Prior to Cirrus being unlocked.
			"spring": "0 EastScarp_TNPCWaitingWarpRoom 13 5 2/1200 EastScarp_TNPCWaitingWarpRoom 13 6 2/1800 EastScarp_TNPCWaitingWarpRoom 13 5 2",
	
		},
			"When": { "HasSeenEvent |contains=SnS.Ch3.Cirrus.1": false }			
		},

		{
		"LogName":"Cirrus's Schedule - Unlocked",
		"Action":"EditData",
		"Target":"Characters/Schedules/Cirrus",
		"Entries":
		{
			// Prior to Cirrus moving out of the van.
			"spring": "0 EastScarp_DruidTower 1 27 2 Cirrus_loaf/1000 {{Random:EastScarp_DruidTower 4 24 2 Cirrus_kickysit++EastScarp_DruidTower 8 26 2 Cirrus_staticsit++EastScarp_DruidTower 9 7 2 Cirrus_kickysit++EastScarp_DruidTower 9 25 2 Cirrus_drink++ EastScarp_DruidTower 10 16 2 Cirrus_hip++EastScarp_DruidTower 6 5 2 Cirrus_loaf++EastScarp_DruidTower 6 5 2 Cirrus_gurdy++EastScarp_DruidTower 4 15 2 Cirrus_scritch|inputSeparator=++}}/1230 EastScarp_DruidTower 7 25 0/1300 {{Random:EastScarp_DruidTower 8 26 2 Cirrus_staticsit++EastScarp_DruidTower 10 16 2 Cirrus_hip++EastScarp_DruidTower 9 25 2 Cirrus_drink++EastScarp_DruidTower 9 7 2 Cirrus_kickysit++EastScarp_DruidTower 6 5 2 Cirrus_loaf++EastScarp_DruidTower 6 5 2 Cirrus_gurdy++EastScarp_DruidTower 4 15 2 Cirrus_scritch++EastScarp_DruidTower 4 24 2 Cirrus_kickysit|inputSeparator=++}}/1530 EastScarp_DruidTower 6 6 3/1600 {{Random:EastScarp_DruidTower 6 5 2 Cirrus_gurdy++EastScarp_DruidTower 4 15 2 Cirrus_scritch++EastScarp_DruidTower 4 24 2 Cirrus_kickysit++EastScarp_DruidTower 8 26 2 Cirrus_staticsit++EastScarp_DruidTower 9 7 2 Cirrus_kickysit++EastScarp_DruidTower 6 5 2 Cirrus_loaf++EastScarp_DruidTower 10 16 2 Cirrus_hip++EastScarp_DruidTower 9 25 2 Cirrus_drink|inputSeparator=++}}/1830 EastScarp_DruidTower 2 15 0/1900 {{Random:EastScarp_DruidTower 9 7 2 Cirrus_kickysit++EastScarp_DruidTower 4 24 2 Cirrus_kickysit++EastScarp_DruidTower 8 26 2 Cirrus_staticsit++EastScarp_DruidTower 10 16 2 Cirrus_hip++EastScarp_DruidTower 9 25 2 Cirrus_drink++EastScarp_DruidTower 4 15 2 Cirrus_scritch++EastScarp_DruidTower 6 5 2 Cirrus_loaf++EastScarp_DruidTower 6 5 2 Cirrus_gurdy|inputSeparator=++}}/2300 EastScarp_DruidTower 1 27 2 Cirrus_loaf",
		},
			"When": { "HasSeenEvent |contains=SnS.Ch4.Cirrus.1": true }	
		},

	

		/*
		{
		"LogName":"Cirrus's Schedule - Night Market ",
		"Action":"EditData",
		"Target":"Characters/Schedules/Cirrus",
		"Entries":
			{
			// Cirrus will attend the Night Market.
			"winter_15": "0 EastScarp_DruidTower 1 27 2 Cirrus_loaf/630 {{Random:EastScarp_VetHouse 3 23 2 Cirrus_hip++EastScarp_VetHouse 6 12 1++EastScarp_VetHouse 7 5 0++EastScarp_VetHouse 33 13 0|inputSeparator=++}}/1300 Beach 65 25 2 Cirrus_hip/2200 EastScarp_DruidTower 1 27 2 Cirrus_loaf",
			"winter_16": "0 EastScarp_DruidTower 1 27 2 Cirrus_loaf/630 {{Random:EastScarp_VetHouse 3 23 2 Cirrus_hip++EastScarp_VetHouse 6 12 1++EastScarp_VetHouse 7 5 0++EastScarp_VetHouse 33 13 0|inputSeparator=++}}/1300 Beach 65 25 2 Cirrus_hip/2200 EastScarp_DruidTower 1 27 2 Cirrus_loaf",
			"winter_17": "0 EastScarp_DruidTower 1 27 2 Cirrus_loaf/630 {{Random:EastScarp_VetHouse 3 23 2 Cirrus_hip++EastScarp_VetHouse 6 12 1++EastScarp_VetHouse 7 5 0++EastScarp_VetHouse 33 13 0|inputSeparator=++}}/1300 Beach 65 25 2 Cirrus_hip/2200 EastScarp_DruidTower 1 27 2 Cirrus_loaf",
			},
				"When": {"HasSeenEvent |contains=SnS.Ch3.Cirrus.6": true }		
		},

		{
		"LogName":"Mateo's Schedule - SVE Community Day",
		"Action":"EditData",
		"Target":"Characters/Schedules/Mateo",
		"Entries":
			{
			// Will attend Community Day if Stardew Valley Expanded is installed.
			"spring_22": "0 EastScarp_DruidTower 1 27 2 Cirrus_loaf/630 {{Random:EastScarp_VetHouse 3 23 2 Cirrus_hip++EastScarp_VetHouse 6 12 1++EastScarp_VetHouse 7 5 0++EastScarp_VetHouse 33 13 0|inputSeparator=++}}/1030 CommunityCenter 56 13 2 Cirrus_hip/1700 {{Random:EastScarp_DruidTower 9 7 2 Cirrus_kickysit++EastScarp_DruidTower 4 24 2 Cirrus_kickysit++EastScarp_DruidTower 8 26 2 Cirrus_staticsit++EastScarp_DruidTower 10 16 2 Cirrus_hip++EastScarp_DruidTower 9 25 2 Cirrus_drink++EastScarp_DruidTower 4 15 2 Cirrus_scritch++EastScarp_DruidTower 6 5 2 Cirrus_loaf++EastScarp_DruidTower 6 5 2 Cirrus_gurdy|inputSeparator=++}}/2300 EastScarp_DruidTower 1 27 2 Cirrus_loaf",
			"summer_22": "0 EastScarp_DruidTower 1 27 2 Cirrus_loaf/630 {{Random:EastScarp_VetHouse 3 23 2 Cirrus_hip++EastScarp_VetHouse 6 12 1++EastScarp_VetHouse 7 5 0++EastScarp_VetHouse 33 13 0|inputSeparator=++}}/1030 CommunityCenter 56 13 2 Cirrus_hip/1700 {{Random:EastScarp_DruidTower 9 7 2 Cirrus_kickysit++EastScarp_DruidTower 4 24 2 Cirrus_kickysit++EastScarp_DruidTower 8 26 2 Cirrus_staticsit++EastScarp_DruidTower 10 16 2 Cirrus_hip++EastScarp_DruidTower 9 25 2 Cirrus_drink++EastScarp_DruidTower 4 15 2 Cirrus_scritch++EastScarp_DruidTower 6 5 2 Cirrus_loaf++EastScarp_DruidTower 6 5 2 Cirrus_gurdy|inputSeparator=++}}/2300 EastScarp_DruidTower 1 27 2 Cirrus_loaf",
			"fall_22": "0 EastScarp_DruidTower 1 27 2 Cirrus_loaf/630 {{Random:EastScarp_VetHouse 3 23 2 Cirrus_hip++EastScarp_VetHouse 6 12 1++EastScarp_VetHouse 7 5 0++EastScarp_VetHouse 33 13 0|inputSeparator=++}}/1030 CommunityCenter 56 13 2 Cirrus_hip/1700 {{Random:EastScarp_DruidTower 9 7 2 Cirrus_kickysit++EastScarp_DruidTower 4 24 2 Cirrus_kickysit++EastScarp_DruidTower 8 26 2 Cirrus_staticsit++EastScarp_DruidTower 10 16 2 Cirrus_hip++EastScarp_DruidTower 9 25 2 Cirrus_drink++EastScarp_DruidTower 4 15 2 Cirrus_scritch++EastScarp_DruidTower 6 5 2 Cirrus_loaf++EastScarp_DruidTower 6 5 2 Cirrus_gurdy|inputSeparator=++}}/2300 EastScarp_DruidTower 1 27 2 Cirrus_loaf",
			"winter_22": "0 EastScarp_DruidTower 1 27 2 Cirrus_loaf/630 {{Random:EastScarp_VetHouse 3 23 2 Cirrus_hip++EastScarp_VetHouse 6 12 1++EastScarp_VetHouse 7 5 0++EastScarp_VetHouse 33 13 0|inputSeparator=++}}/1030 CommunityCenter 56 13 2 Cirrus_hip/1700 {{Random:EastScarp_DruidTower 9 7 2 Cirrus_kickysit++EastScarp_DruidTower 4 24 2 Cirrus_kickysit++EastScarp_DruidTower 8 26 2 Cirrus_staticsit++EastScarp_DruidTower 10 16 2 Cirrus_hip++EastScarp_DruidTower 9 25 2 Cirrus_drink++EastScarp_DruidTower 4 15 2 Cirrus_scritch++EastScarp_DruidTower 6 5 2 Cirrus_loaf++EastScarp_DruidTower 6 5 2 Cirrus_gurdy|inputSeparator=++}}/2300 EastScarp_DruidTower 1 27 2 Cirrus_loaf",
			},
				"When": {"HasMod |contains=FlashShifter.StardewValleyExpandedCP": true, "HasSeenEvent |contains=SnS.Ch3.Cirrus.6": true }			
		},
		*/

		

	]
}

//(0 = up, 1 = right, 2 = down, 3 = left)




