{
    "Changes": [
        {
            "Action": "EditData",
            "Target": "Data/FarmAnimals",
            "Entries": {
                "{{ModId}}.Solomon": {
                    "DisplayName": "Solomon",
                    "House": "Barn",
                    "Texture": "Characters/DN.Solomon",
                    "SpriteWidth": 16,
                    "SpriteHeight": 32,
                    "SleepFrame": 24,
                    "UseFlippedRightForLeft": false,
                    "UseDoubleUniqueAnimationFrames": true,
                    "ShadowWhenBaby": { "Visible": false },
                    "ShadowWhenAdult": { "Visible": false }
                }
            }
        },
        {
            "Action": "EditData",
            "Target": "MEEP/FarmAnimals/SpawnData",
            "Entries": {
                "{{ModId}}.Solomon_Spawn": {
                    "AnimalId": "{{ModId}}.Solomon",
                    "Age": 1,
                    "LocationId": "EastScarp_Village",
                    "DisplayName": "Solomon",
                    "PortraitTexture": "Portraits/DN.Solomon",
                    "PetMessage": [ "Meep" ],
                    "HomeTileX": 89,
                    "HomeTileY": 100
                }
            }
        }
    ]
}