{
    "Changes": [

        // FESTIVAL DIALOGUE

        {
            "Action": "EditData",
            "Target": "Data/Festivals/spring13, Data/Festivals/spring24, Data/Festivals/summer11, Data/Festivals/summer28, Data/Festivals/fall16, Data/Festivals/fall27, Data/Festivals/winter8, Data/Festivals/winter25/, Data/Festivals/fall20, Data/Festivals/winter28, Data/Festivals/winter28, Data/Festivals/summer5, Data/Festivals/spring19, Data/Festivals/winter13, Data/Festivals/fall3, Data/Festivals/summer20",
            "Entries": {
                "Mateo": "{{i18n:Festivals.Mateo.{{TargetWithoutPath}}.{{Relationship:Mateo |contains=Married}}.{{Random:{{Range: 1, 3}}}}}}",
                "Hector": "{{i18n:Festivals.Hector.{{TargetWithoutPath}}.{{Relationship:Hector |contains=Married}}.{{Random:{{Range: 1, 3}}}}}}",
                "Cirrus": "{{i18n:Festivals.Cirrus.{{TargetWithoutPath}}.{{Relationship:Cirrus |contains=Married}}.{{Random:{{Range: 1, 3}}}}}}",
                //"Roslin": "{{i18n:Festivals.Roslin.{{TargetWithoutPath}}.{{Relationship:Roslin |contains=Married}}.{{Random:{{Range: 1, 3}}}}}}",
				//"Dandelion": "{{i18n:Festivals.Dandelion.{{TargetWithoutPath}}.{{Relationship:Dandelion |contains=Married}}.{{Random:{{Range: 1, 3}}}}}}",
				//"Solomon": "{{i18n:Festivals.Stan.{{TargetWithoutPath}}.{{Relationship:Solomon |contains=Married}}.{{Random:{{Range: 1, 3}}}}}}",
            }
        },

    ]
}