{
  "Changes": [
    {
      "LogName": "Non-TR Keychains",
      "Action": "EditData",
      "Target": "Data/Objects",
      "Entries": {
        "{{ModID}}_destykeychain": {
          "Name": "{{ModID}}_destykeychain",
          "DisplayName": "{{i18n: magicitem.destykeychain.name}}",
          "Description": "{{i18n: magicitem.destykeychain.description}}",
          "Type": "Basic",
          "Price": 0,
          "Edibility": -300,
          "IsDrink": false,
          "ExcludeFromShippingCollection": true,
          "Texture": "SnS_Gear/Keychains",
          "ContextTags": [ "keychain_item" ],
          "SpriteIndex": 12
        }
      }
    },
    {
      "LogName": "TR Keychains",
      "Action": "EditData",
      "Target": "Data/Trinkets",
      "Entries": {
        "{{ModId}}_BookKeychain": {
          "Id": "{{ModId}}_BookKeychain",
          "DisplayName": "{{i18n: magicitem.BookKeychain.name}}",
          "Description": "{{i18n: magicitem.BookKeychain.description}}",
          "Texture": "SnS_Gear/Keychains",
          "SheetIndex": 14,
          "DropsNaturally": false,
          "CanBeReforged": false,
          "CustomFields": { "Keychain_item": "true" }
        },
        "{{ModId}}_EmeritusKeychain": {
          "Id": "{{ModId}}_EmeritusKeychain",
          "DisplayName": "{{i18n: magicitem.EmeritusKeychain.name}}",
          "Description": "{{i18n: magicitem.EmeritusKeychain.description}}",
          "Texture": "SnS_Gear/Keychains",
          "SheetIndex": 13,
          "DropsNaturally": false,
          "CanBeReforged": false,
          "CustomFields": { "Keychain_item": "true" }
        },
        "{{ModId}}_HectorWolfKeychain": {
          "Id": "{{ModId}}_HectorWolfKeychain",
          "DisplayName": "{{i18n: magicitem.HectorWolfKeychain.name |TrueName={{TrueName}}}}",
          "Description": "{{i18n: magicitem.HectorWolfKeychain.description |TrueName={{TrueName}}}}",
          "Texture": "SnS_Gear/Keychains",
          "SheetIndex": 15,
          "DropsNaturally": false,
          "CanBeReforged": false,
          "CustomFields": { "Keychain_item": "true" }
        },
        "{{ModId}}_OwlBoyKeychain": {
          "Id": "{{ModId}}_OwlBoyKeychain",
          "DisplayName": "{{i18n: magicitem.destykeychain.name}}",
          "Description": "{{i18n: magicitem.destykeychain.description.Trinket}}",
          "Texture": "SnS_Gear/Keychains",
          "SheetIndex": 12,
          "DropsNaturally": false,
          "CanBeReforged": false,
          "CustomFields": { "Keychain_item": "true" }
        }
      }
    },

    //Non-TR Keychain Buffs
    {
      "LogName": "Keychain Buff",
      "Action": "EditData",
      "Target": "spacechase0.SpaceCore/WearableData",
      "Entries": {
        "(O){{ModID}}_destykeychain": {
          "BuffIdToApply": "{{ModID}}_DestysBuff"
        }
      }
    },
    {
      "LogName": "Desty's Buff",
      "Action": "EditData",
      "Target": "Data/Buffs",
      "Entries": {
        "{{ModID}}_DestysBuff": {
          "DisplayName": "{{i18n:buff.destybuff}}",
          "IconTexture": "SnS_Gear/Keychains",
          "IconSpriteIndex": 12,
          "Effects": { "Attack": 20 }
        }
      }
    }
  ]
}