{ 
  "Changes": [
    {
    "LogName": "Book Buff",
    "Action": "EditData",
    "Target": "Data/Buffs",
    "Entries": {
      "{{ModId}}_BookKeychain": {
        "DisplayName": "{{i18n: buff.bookbuff}}",
        "Duration": 20000,
        "MaxDuration": -1,
        "IconTexture": "SnS_Gear/Keychains",
        "IconSpriteIndex": 14,
        "Effects": { "MaxStamina": 75, "Immunity": 2.0, "LuckLevel": 1 }
      }
      }
    },
    {
      "LogName": "Book: Tinker",
      "Action": "EditData",
      "Target": "mushymato.TrinketTinker/Tinker",
      "Entries": {
        "{{ModId}}_BookKeychain": {
          "Variants": [
            {
              "Texture": "Characters/HectorBook_Companion",
              "Width": 32,
              "Height": 32,
              "ShadowScale": 0
            }
          ],
          "Motion": {
            "MotionClass": "Hover",
            "AlwaysMoving": true,
            "DirectionMode": "DRUL",
            "FrameLength": 1,
            "Anchors": [
              {
                "Mode": "Forage",
                "Range": 500
              }
            ],
           "AnimClips": {
              "Perching": {
                "FrameStart": 5,
                "FrameLength": 31
              }
            },
            "Args": {
              "Magnitude": 16,
              "Period": 800,
              "Min": 64,
              "Rate": 200,
              "PerchingTimeout": 9000,
              "PerchingOffset": "32,32"
            }
          },
          "Abilities": [
            [
              {
                "AbilityClass": "Health",
                "Proc": "Timer",
                "ProcTimer": 25000,
                "ProcOneshotAnim": "Perching",
                "ProcTAS": [ "{{ModId}}_HectorStaminaRestore" ],
                "ProcSound": {
                  "CueName": "healSound",
                  "Pitch": [ 0 ]
                },
                "Args": { "Min": 0.15, "Max": 0.15 }
              },
              {
                "AbilityClass": "Buff",
                "Proc": "Timer",
                "ProcTimer": 19000,
                "ProcOneshotAnim": "AbilityProc",
                "Args": { "BuffId": "{{ModId}}_BookKeychain" }
              },
              {
                "AbilityClass": "Buff",
                "Proc": "Always",
                "Args": { "BuffId": "{{ModId}}_BookKeychain" }
              }
            ]
          ]
        }
      }
    }
  ]
}