{
  "Changes": [
/*
   _____ ______ _   _ ______ _____  _____ _____   _____ _____          _      ____   _____ _    _ ______ 
  / ____|  ____| \ | |  ____|  __ \|_   _/ ____| |  __ \_   _|   /\   | |    / __ \ / ____| |  | |  ____|
 | |  __| |__  |  \| | |__  | |__) | | || |      | |  | || |    /  \  | |   | |  | | |  __| |  | | |__   
 | | |_ |  __| | . ` |  __| |  _  /  | || |      | |  | || |   / /\ \ | |   | |  | | | |_ | |  | |  __|  
 | |__| | |____| |\  | |____| | \ \ _| || |____  | |__| || |_ / ____ \| |___| |__| | |__| | |__| | |____ 
  \_____|______|_| \_|______|_|  \_\_____\_____| |_____/_____/_/    \_\______\____/ \_____|\____/|______|

*/
    // GENERIC POOL
    {
      "LogName": "Solomon Dialogue: Pre-Dandelion",
      "Action": "EditData",
      "Target": "Characters/Dialogue/Solomon",
      "Entries": {
        "{{WeekDay}}": "{{i18n:Core.Solomon.Generic.{{Random:{{Range: 1, 40}}}}}}"
      }
    },
    {
      "LogName": "Solomon Dialogue - Platonic",
      "Action": "EditData",
      "Target": "Characters/Dialogue/Solomon",
      "Entries": {
        // NAME & INTRO
        "Name:": "{{i18n:Core.Solomon.Name}}",
        "Introduction": "{{i18n:Core.Solomon.Introduction}}"
      },
    },
    {
      "LogName": "Conversation Topics - Solomon",
      "Action": "EditData",
      "Target": "Characters/Dialogue/Solomon",
      "Entries": // SOLOMON'S REACTIONS
      {
          // CH4:
          "DandelionReturns": "{{i18n:CT.Solomon.DandelionReturns}}",
          "DandelionSettling": "{{i18n:CT.Solomon.DandelionReturns}}",
          "DandelionShieldRepair": "{{i18n:CT.Solomon.DandelionShieldRepair}}",
          "DandelionShieldRestored": "{{i18n:CT.Solomon.DandelionShieldRestored}}",
          "FullmetalDandelion": "{{i18n:CT.Solomon.FullmetalDandelion}}",
          "DandelionPendant": "{{i18n:CT.Solomon.DandelionPendant}}",
          "SolomonGift": "{{i18n:CT.Solomon.SolomonGift}}",
          "IntoTheDeepDark": "{{i18n:CT.Solomon.IntoTheDeepDark}}",
          "DuskspireEncounter": "{{i18n:CT.Solomon.DuskspireEncounter }}",

          // CH5: 
          "DandelionProposes": "{{i18n:CT.Solomon.DandelionProposes}}",
          "WyattReturns": "{{i18n:CT.Solomon.WyattReturns}}",
          "HectorPromotion": "{{i18n:CT.Solomon.HectorPromotion}}",
          "CirrusAndMom": "{{i18n:CT.Solomon.CirrusAndMom}}",
          "RosalionWedding": "{{i18n:CT.Solomon.RosalionWedding}}",
          "VioletMoonRennFaire": "{{i18n:CT.Solomon.VioletMoonRennFaire}}",
          "SwordAndSorcery": "{{i18n:CT.Solomon.SwordAndSorcery}}",
      }
  },
      // EPILOGUE POOL 
      {
        "LogName": "Dialogue - Dandelion Epilogue Override",
        "Action": "EditData",
        "Update": "OnLocationChange",
        "Target": "Characters/Dialogue/Dandelion",
        "Entries": {
          "{{WeekDay}}": "{{i18n:Core.Dandelion.Epilogue.{{Random:{{Range: 1, 10}}|key={{Time}}}}}}"
        },
        "When": {
          "HasSeenEvent |contains=SnS.Ch5.End": true,
          "Query: {{Random: {{Range: 1, 3}}|key=DEO}} = 1": true,
        }
      },
  ]
}