{
    "Changes": [
        {
            "LogName": "NPC Dispositions",
            "Action": "EditData",
            "Target": "Data/Characters",
            "Entries": {
                "Mateo": {
                    "DisplayName": "{{i18n:Core.Mateo.Name}}",
                    "Gender": "Female",
                    "Age": "Adult",
                    "Manner": "Polite",
                    "SocialAnxiety": "Outgoing",
                    "Optimism": "Positive",
                    "BirthSeason": "Fall",
                    "BirthDay": 25,
                    "HomeRegion": "Town",
                    "CanBeRomanced": "{{MateoRelationshipStatus}}",
                    "LoveInterest": "Aideen",
                    "ExcludeFromPerfectionScore": false,
                    "EndSlideShow": "TrailingGroup",
                    "SpawnIfMissing": true,
                    "SocialTab": "UnknownUntilMet",
                    "Calendar": "HiddenUntilMet",
                    "IntroductionsQuest": false,
                    "FlowerDanceCanDance": true,
                    "WinterStarParticipant": false,
                    "ShakePortraits": [
                        18,
                        19,
                        56,
                        57
                    ],
                    "SpouseRoom": {
                        "MapAsset": "MateoSpouseRoom"
                    },
                    "SpousePatio": {
                        "MapAsset": "MateoSpousePatio"
                    },
                    "Home": [
                        {
                            "ID": "Mateo - Tent/Guild",
                            "Location": "{{MateoSpawnMap}}",
                            "Tile": {
                                "X": "{{MateoSpawnTilesX}}",
                                "Y": "{{MateoSpawnTilesY}}"
                            },
                            "Direction": "Down",
                            "Condition": "PLAYER_HAS_SEEN_EVENT Any SnS.Ch1.Mateo.0"
                        },
                        {
                            "ID": "Mateo - NPC Waiting Room",
                            "Location": "EastScarp_TNPCWaitingWarpRoom",
                            "Tile": {
                                "X": 11,
                                "Y": 5
                            },
                            "Direction": "Down"
                        }
                    ],
                    "Appearance": [
                        {
                            "ID": "Spring Outfit 1",
                            "Condition": "SEASON Spring",
                            "Precedence": -10,
                            "Weight": 1,
                            "Portrait": "Portraits/Mateo_Seasonal_1",
                            "Sprite": "Characters/Mateo_Seasonal_1"
                        },
                        {
                            "ID": "Spring Outfit 2",
                            "Condition": "SEASON Spring",
                            "Precedence": -10,
                            "Weight": 1,
                            "Portrait": "Portraits/Mateo_Seasonal_2",
                            "Sprite": "Characters/Mateo_Seasonal_2"
                        },
                        {
                            "ID": "Spring Outfit 3",
                            "Condition": "SEASON Spring",
                            "Precedence": -10,
                            "Weight": 1,
                            "Portrait": "Portraits/Mateo_Seasonal_3",
                            "Sprite": "Characters/Mateo_Seasonal_3"
                        },
                        {
                            "ID": "Summer Outfit 1",
                            "Condition": "SEASON Summer",
                            "Precedence": -10,
                            "Weight": 1,
                            "Portrait": "Portraits/Mateo_Seasonal_4",
                            "Sprite": "Characters/Mateo_Seasonal_4"
                        },
                        {
                            "ID": "Summer Outfit 2",
                            "Condition": "SEASON Summer",
                            "Precedence": -10,
                            "Weight": 1,
                            "Portrait": "Portraits/Mateo_Seasonal_5",
                            "Sprite": "Characters/Mateo_Seasonal_5"
                        },
                        {
                            "ID": "Summer Outfit 3",
                            "Condition": "SEASON Summer",
                            "Precedence": -10,
                            "Weight": 1,
                            "Portrait": "Portraits/Mateo_Seasonal_6",
                            "Sprite": "Characters/Mateo_Seasonal_6"
                        },
                        {
                            "ID": "Fall Outfit 1",
                            "Condition": "SEASON Fall",
                            "Precedence": -10,
                            "Weight": 1,
                            "Portrait": "Portraits/Mateo_Seasonal_1",
                            "Sprite": "Characters/Mateo_Seasonal_1"
                        },
                        {
                            "ID": "Fall Outfit 2",
                            "Condition": "SEASON Fall",
                            "Precedence": -10,
                            "Weight": 1,
                            "Portrait": "Portraits/Mateo_Seasonal_2",
                            "Sprite": "Characters/Mateo_Seasonal_2"
                        },
                        {
                            "ID": "Fall Outfit 3",
                            "Condition": "SEASON Fall",
                            "Precedence": -10,
                            "Weight": 1,
                            "Portrait": "Portraits/Mateo_Seasonal_3",
                            "Sprite": "Characters/Mateo_Seasonal_3"
                        },
                        {
                            "ID": "Fall Outfit 4",
                            "Condition": "SEASON Fall",
                            "Precedence": -10,
                            "Weight": 1,
                            "Portrait": "Portraits/Mateo_Seasonal_7",
                            "Sprite": "Characters/Mateo_Seasonal_7"
                        },
                        {
                            "ID": "Winter Outfit 1",
                            "Condition": "SEASON Winter",
                            "Precedence": -10,
                            "Weight": 1,
                            "Portrait": "Portraits/Mateo_Seasonal_8",
                            "Sprite": "Characters/Mateo_Seasonal_8"
                        },
                        {
                            "ID": "Winter Outfit 2",
                            "Condition": "SEASON Winter",
                            "Precedence": -10,
                            "Weight": 1,
                            "Portrait": "Portraits/Mateo_Seasonal_9",
                            "Sprite": "Characters/Mateo_Seasonal_9"
                        },
                        {
                            "ID": "Winter Outfit 3",
                            "Condition": "SEASON Winter",
                            "Precedence": -10,
                            "Weight": 1,
                            "Portrait": "Portraits/Mateo_Seasonal_3",
                            "Sprite": "Characters/Mateo_Seasonal_3"
                        },
                        {
                            "ID": "Egg Festival & SDV Fair",
                            "Condition": "ANY \"EVENT_ID festival_spring13\" \"EVENT_ID festival_fall16\"",
                            "Portrait": "Portraits/EggFair_Mateo",
                            "Sprite": "Characters/EggFair_Mateo",
                            "Precedence": -20
                        },
                        {
                            "ID": "Flower Dance",
                            "Condition": "EVENT_ID festival_spring24",
                            "Portrait": "Portraits/FlowerDance_Mateo",
                            "Sprite": "Characters/FlowerDance_Mateo",
                            "Precedence": -20
                        },
                        {
                            "ID": "Spirit's Eve",
                            "Condition": "EVENT_ID festival_fall27",
                            "Sprite": "Characters/SpiritsEve_Mateo",
                            "Precedence": -20
                        },
                        {
                            "ID": "Luau & Moonlight Jellies",
                            "Condition": "ANY \"EVENT_ID festival_summer11\" \"EVENT_ID festival_summer28\"",
                            "Portrait": "Portraits/LuauMoonlight_Mateo",
                            "Sprite": "Characters/LuauMoonlight_Mateo",
                            "Precedence": -20
                        },
                        {
                            "ID": "Ice Festival & Winter Star",
                            "Condition": "ANY \"EVENT_ID festival_winter8\" \"EVENT_ID festival_winter25\"",
                            "Portrait": "Portraits/IceFestWinterStar_Mateo",
                            "Sprite": "Characters/IceFestWinterStar_Mateo",
                            "Precedence": -20
                        },
                        {
                            "ID": "Beach",
                            "IsIslandAttire": true,
                            "Portrait": "Portraits/Mateo_beach",
                            "Sprite": "Characters/Mateo_beach",
                            "Precedence": -20
                        },
                        {
                            "ID": "Date Night",
                            "Condition": "ANY \"EVENT_ID 57871054\"",
                            "Portrait": "Portraits/DateNight_Mateo",
                            "Sprite": "Characters/DateNight_Mateo",
                            "Precedence": -20
                        },
                        {
                            "ID": "Armor",
                            "Condition": "Any \"LOCATION_NAME Target Mine\" \"EVENT_ID SnS.Ch1.Mateo.0\" \"EVENT_ID SnS.Ch1.Mateo.4\" \"EVENT_ID SnS.Ch1.Mateo.9\" \"EVENT_ID SnS.Ch1.Mateo.10\" \"EVENT_ID SnS.Ch1.Mateo.16\" \"EVENT_ID SnS.Ch1.Mateo.17\"",
                            "Portrait": "Portraits/Armor_Mateo",
                            "Sprite": "Characters/Armor_Mateo",
                            "Precedence": -20
                        },
                        {
                            "ID": "Shirtless",
                            "Condition": "Any \"EVENT_ID SnS.Ch1.Mateo.19\"",
                            "Portrait": "Portraits/Mateo_beach",
                            "Sprite": "Characters/Shirtless_Mateo",
                            "Precedence": -20
                        }
                    ]
                }
            }
        }
    ]
}