{
  "Changes": [
 {
    "Action": "EditData",
    "Target": "Data/Objects",
    "Entries": {
        "{{ModID}}_StandaloneGuidebook": {
          "Name": "{{ModID}}_StandaloneGuidebook",
          "DisplayName": "{{i18n: magicitem.standaloneguidebook.name}}",
          "Description": "{{i18n: magicitem.standaloneguidebook.description}}",
          "Type": "Basic",
          "Category": 0,
          "Price": 5,
          "Edibility": -300,
          "IsDrink": false,
          "ExcludeFromShippingCollection": true,
          "Texture": "DN.Objects/Books",
          "SpriteIndex": "7",
          "ContextTags": [ "book_item" ]
        },
      "{{ModID}}_artificerbook": {
        "Name": "{{ModID}}_artificerbook",
        "DisplayName": "{{i18n: magicitem.artificerbook.name}}",
        "Description": "{{i18n: magicitem.artificerbook.description}}",
        "Type": "asdf",
        "Category": "{{ArtificerBookCat}}",
        "Price": 500,
        "Edibility": -300,
        "IsDrink": false,
        "ExcludeFromShippingCollection": true,
        "Texture": "DN.Objects/Books",
        "SpriteIndex": "0",
        "ContextTags": [
          "book_item",
          "DestyNova.SwordAndSorcery.Rogue"
        ]
      },

      "{{ModID}}_druidbook": {
        "Name": "{{ModID}}_druidbook",
        "DisplayName": "{{i18n: magicitem.druidbook.name}}",
        "Description": "{{i18n: magicitem.druidbook.description}}",
        "Type": "asdf",
        "Category": "{{DruidBookCat}}",
        "Price": 500,
        "Edibility": -300,
        "IsDrink": false,
        "ExcludeFromShippingCollection": true,
        "Texture": "DN.Objects/Books",
        "SpriteIndex": "1",
        "ContextTags": [
          "book_item",
          "DestyNova.SwordAndSorcery.Druidics"
        ]
      },

      "{{ModID}}_bardbook": {
        "Name": "{{ModID}}_bardbook",
        "DisplayName": "{{i18n: magicitem.bardbook.name}}",
        "Description": "{{i18n: magicitem.bardbook.description}}",
        "Type": "asdf",
        "Category": "{{BardBookCat}}",
        "Price": 500,
        "Edibility": -300,
        "IsDrink": false,
        "ExcludeFromShippingCollection": true,
        "Texture": "DN.Objects/Books",
        "SpriteIndex": "2",
        "ContextTags": [
          "book_item",
          "DestyNova.SwordAndSorcery.Bardics"
        ]
      },

      "{{ModID}}_sorcerybook": {
        "Name": "{{ModID}}_sorcerybook",
        "DisplayName": "{{i18n: magicitem.sorcerybook.name}}",
        "Description": "{{i18n: magicitem.sorcerybook.description}}",
        "Type": "asdf",
        "Category": "{{SorceryBookCat}}",
        "Price": 500,
        "Edibility": -300,
        "IsDrink": false,
        "ExcludeFromShippingCollection": true,
        "Texture": "DN.Objects/Books",
        "SpriteIndex": "3",
        "ContextTags": [
          "book_item",
          "DestyNova.SwordAndSorcery.Witchcraft"
        ]
      },

      "{{ModID}}_paladinbook": {
        "Name": "{{ModID}}_paladinbook",
        "DisplayName": "{{i18n: magicitem.paladinbook.name}}",
        "Description": "{{i18n: magicitem.paladinbook.description}}",
        "Type": "asdf",
        "Category": "{{PaladinBookCat}}",
        "Price": 500,
        "Edibility": -300,
        "IsDrink": false,
        "ExcludeFromShippingCollection": true,
        "Texture": "DN.Objects/Books",
        "SpriteIndex": "4",
        "ContextTags": [
          "book_item",
          "DestyNova.SwordAndSorcery.Paladin"
        ]
      }
    }
  }
  ]
}