{
	"Changes": [
		{
			"LogName": "Roslin's Schedule - Not Unlocked",
			"Action": "EditData",
			"Target": "Characters/Schedules/Roslin",
			"Entries": {
				// Prior to Roslin being unlocked.
				"spring": "0 EastScarp_TNPCWaitingWarpRoom 15 5 2/1200 EastScarp_TNPCWaitingWarpRoom 15 6 2/1800 EastScarp_TNPCWaitingWarpRoom 15 5 2"
			},
			"When": {
				"HasSeenEvent |contains=SnS.Ch3.Roslin.1": false
			}
		},
		{
			"LogName": "Roslin's Schedule - Unlocked",
			"Action": "EditData",
			"Target": "Characters/Schedules/Roslin",
			"Entries": {
				// Prior to Roslin reuniting with Dandelion.
				"rain": "GOTO spring",
				"spring": "{{Random:0 EastScarp_CoastalGuild 10 15 1 Roslin_sidemagic++0 EastScarp_CoastalGuild 18 13 2 Roslin_frontmagic++0 EastScarp_CoastalGuild 11 12 2 Roslin_fidget++0 EastScarp_CoastalGuild 7 11 2 Roslin_fidget2++0 EastScarp_LionsMane 29 30 2 Roslin_frontmagic++0 EastScarp_LionsMane 18 31 1 Roslin_sidemagic++0 EastScarp_LionsMane 33 32 2 Roslin_fidget++0 EastScarp_LionsMane 33 28 2 Roslin_fidget2++0 EastScarp_DruidTower 8 26 1 Roslin_sidemagic++0 EastScarp_DruidTower 11 16 2 Roslin_frontmagic++0 EastScarp_DruidTower 9 8 2 Roslin_fidget++0 EastScarp_DruidTower 4 14 2 Roslin_fidget2|inputSeparator=++}}/{{Random:1400 EastScarp_CoastalGuild 10 15 1 Roslin_sidemagic++1400 EastScarp_CoastalGuild 18 13 2 Roslin_frontmagic++1400 EastScarp_CoastalGuild 11 12 2 Roslin_fidget++1400 EastScarp_CoastalGuild 7 11 2 Roslin_fidget2++1400 EastScarp_LionsMane 29 30 2 Roslin_frontmagic++1400 EastScarp_LionsMane 18 31 1 Roslin_sidemagic++1400 EastScarp_LionsMane 33 32 2 Roslin_fidget++1400 EastScarp_LionsMane 33 28 2 Roslin_fidget2++1400 EastScarp_DruidTower 8 26 1 Roslin_sidemagic++1400 EastScarp_DruidTower 11 16 2 Roslin_frontmagic++1400 EastScarp_DruidTower 9 8 2 Roslin_fidget++1400 EastScarp_DruidTower 4 14 2 Roslin_fidget2|inputSeparator=++}}/2200 EastScarp_LionsMane 5 5 3"
			},
			"When": {
				"HasSeenEvent |contains=SnS.Ch4.Roslin.1": true
			}
		},
		{
			"LogName": "Roslin's Schedule - Reunited w/ Dandelion",
			"Action": "EditData",
			"Target": "Characters/Schedules/Roslin",
			"Entries": {
				// After Roslin reunites with Dandelion.
				"rain": "{{Random:610 EastScarp_LionsMane 10 6 0++610 EastScarp_LionsMane 12 8 1 Roslin_sidemagic++610 EastScarp_LionsMane 11 7 2 Roslin_frontmagic|inputSeparator=++}}/1100 EastScarp_LionsMane 11 16 3/1300 EastScarp_VillageInn 12 31 2/{{Random:1800 EastScarp_LionsMane 10 6 0++1800 EastScarp_LionsMane 12 8 1 Roslin_sidemagic++1800 EastScarp_LionsMane 11 7 2 Roslin_frontmagic|inputSeparator=++}}/2200 EastScarp_LionsMane 5 5 3",
				"spring": "{{Random:610 EastScarp_LionsMane 10 6 0++610 EastScarp_LionsMane 12 8 1 Roslin_sidemagic++610 EastScarp_LionsMane 11 7 2 Roslin_frontmagic|inputSeparator=++}}/1100 EastScarp_LionsMane 11 16 3/1300 EastScarp_Village 67 76 2 Roslin_fidget/1600 EastScarp_VillageInn 12 31 2/{{Random:1800 EastScarp_LionsMane 10 6 0++1800 EastScarp_LionsMane 12 8 1 Roslin_sidemagic++1800 EastScarp_LionsMane 11 7 2 Roslin_frontmagic|inputSeparator=++}}/2200 EastScarp_LionsMane 5 5 3"
			},
			"When": {
				"HasSeenEvent |contains=SnS.Ch4.Roslin.1": true,
				"HasSeenEvent |contains=SnS.Ch4.Roslin.6": true
			}
		},
		/*{
			"LogName": "Roslin's Schedule - Night Market & Squid Festival",
			"Action": "EditData",
			"Target": "Characters/Schedules/Roslin",
			"Entries": {
				// Roslin will attend the Night Market & Squid Festival.
				"winter_12": "MAIL beachBridgeFixed/GOTO spring/{{Random:610 EastScarp_LionsMane 10 6 0++610 EastScarp_LionsMane 12 8 1 Roslin_sidemagic++610 EastScarp_LionsMane 11 7 2 Roslin_frontmagic|inputSeparator=++}}/1300 Beach 86 31 3/2200 EastScarp_LionsMane 5 5 3",
				"winter_13": "GOTO winter_12",
				"winter_15": "GOTO winter_12",
				"winter_16": "GOTO winter_12",
				"winter_17": "GOTO winter_12"
			},
			"When": {
				"HasSeenEvent |contains=SnS.Ch4.Roslin.6": true
			}
		},*/
		{
			"LogName": "Roslin's Schedule - Trout Derby",
			"Action": "EditData",
			"Target": "Characters/Schedules/Roslin",
			"Entries": {
				// Roslin will attend the Trout Derby.
				"summer_20": "{{Random:610 EastScarp_LionsMane 10 6 0++610 EastScarp_LionsMane 12 8 1 Roslin_sidemagic++610 EastScarp_LionsMane 11 7 2 Roslin_frontmagic|inputSeparator=++}}/800 Forest 66 40 1/2000 EastScarp_LionsMane 5 5 3",
				"summer_21": "GOTO summer_20"
			},
			"When": {
				"HasSeenEvent |contains=SnS.Ch4.Roslin.6": true
			}
		},
		{
			"LogName": "Roslin's Schedule - Desert Festival",
			"Action": "EditData",
			"Target": "Characters/Schedules/Roslin",
			"Entries": {
				// Roslin will attend the Desert Festival.
				"DesertFestival": "610 EastScarp_LionsMane 5 5 3/630 Desert 1 55 1/2000 EastScarp_LionsMane 5 5 3",
				"DesertFestival_2": "GOTO DesertFestival",
				"DesertFestival_3": "GOTO DesertFestival"
			},
			"When": {
				"HasSeenEvent |contains=SnS.Ch4.Roslin.6": true
			}
		},
		{
			"LogName": "Roslin's Schedule - SVE Community Day",
			"Action": "EditData",
			"Target": "Characters/Schedules/Roslin",
			"Entries": {
				// Will attend Community Day if Stardew Valley Expanded is installed.
				"spring_22": "{{Random:610 EastScarp_LionsMane 10 6 0++610 EastScarp_LionsMane 12 8 1 Roslin_sidemagic++610 EastScarp_LionsMane 11 7 2 Roslin_frontmagic|inputSeparator=++}}/1030 CommunityCenter 14 24 1/{{Random:1800 EastScarp_LionsMane 10 6 0++1800 EastScarp_LionsMane 12 8 1 Roslin_sidemagic++1800 EastScarp_LionsMane 11 7 2 Roslin_frontmagic|inputSeparator=++}}/2200 EastScarp_LionsMane 5 5 3",
				"summer_22": "GOTO spring_22",
				"fall_22": "GOTO spring_22",
				"winter_22": "GOTO spring_22"
			},
			"When": {
				"HasMod |contains=FlashShifter.StardewValleyExpandedCP": true,
				"HasSeenEvent |contains=SnS.Ch4.Roslin.6": true
			}
		}
	]
}
//(0 = up, 1 = right, 2 = down, 3 = left)