{
  "Changes": [
    {
      "Action": "EditData",
      "Target": "Data/Objects",
      "Entries": {
        "{{ModID}}_ExquisiteEmerald": {
          "Name": "Exquisite Emerald",
          "DisplayName": "{{i18n: arsenal.exquisite-emerald.name}}",
          "Description": "{{i18n: arsenal.exquisite-emerald.description}}",
          "Type": "Minerals",
          "Category": -2,
          "Price": 2500,
          "Texture": "{{InternalAssetKey: assets/Items & Crops/SnSArsenal.png}}",
          "SpriteIndex": 0,
          "ExcludeFromRandomSale": true,
          "ContextTags": [
            "exquisite_gem"
          ],
        },
        "{{ModID}}_ExquisiteRuby": {
          "Name": "Exquisite Ruby",
          "DisplayName": "{{i18n: arsenal.exquisite-ruby.name}}",
          "Description": "{{i18n: arsenal.exquisite-ruby.description}}",
          "Type": "Minerals",
          "Category": -2,
          "Price": 2500,
          "Texture": "{{InternalAssetKey: assets/Items & Crops/SnSArsenal.png}}",
          "SpriteIndex": 2,
          "ExcludeFromRandomSale": true,
          "ContextTags": [
            "exquisite_gem"
          ],
        },
        "{{ModID}}_ExquisiteTopaz": {
          "Name": "Exquisite Topaz",
          "DisplayName": "{{i18n: arsenal.exquisite-topaz.name}}",
          "Description": "{{i18n: arsenal.exquisite-topaz.description}}",
          "Type": "Minerals",
          "Category": -2,
          "Price": 800,
          "Texture": "{{InternalAssetKey: assets/Items & Crops/SnSArsenal.png}}",
          "SpriteIndex": 1,
          "ExcludeFromRandomSale": true,
          "ContextTags": [
            "exquisite_gem"
          ],
        },
        "{{ModID}}_ExquisiteJade": {
          "Name": "Exquisite Jade",
          "DisplayName": "{{i18n: arsenal.exquisite-jade.name}}",
          "Description": "{{i18n: arsenal.exquisite-jade.description}}",
          "Type": "Minerals",
          "Category": -2,
          "Price": 2000,
          "Texture": "{{InternalAssetKey: assets/Items & Crops/SnSArsenal.png}}",
          "SpriteIndex": 3,
          "ExcludeFromRandomSale": true,
          "ContextTags": [
            "exquisite_gem"
          ],
        },
        "{{ModID}}_ExquisiteAquamarine": {
          "Name": "Exquisite Aquamarine",
          "DisplayName": "{{i18n: arsenal.exquisite-aquamarine.name}}",
          "Description": "{{i18n: arsenal.exquisite-aquamarine.description}}",
          "Type": "Minerals",
          "Category": -2,
          "Price": 1800,
          "Texture": "{{InternalAssetKey: assets/Items & Crops/SnSArsenal.png}}",
          "SpriteIndex": 6,
          "ExcludeFromRandomSale": true,
          "ContextTags": [
            "exquisite_gem"
          ],
        },
        "{{ModID}}_ExquisiteAmethyst": {
          "Name": "Exquisite Amethyst",
          "DisplayName": "{{i18n: arsenal.exquisite-amethyst.name}}",
          "Description": "{{i18n: arsenal.exquisite-amethyst.description}}",
          "Type": "Minerals",
          "Category": -2,
          "Price": 1000,
          "Texture": "{{InternalAssetKey: assets/Items & Crops/SnSArsenal.png}}",
          "SpriteIndex": 4,
          "ExcludeFromRandomSale": true,
          "ContextTags": [
            "exquisite_gem"
          ],
        },
        "{{ModID}}_ExquisiteDiamond": {
          "Name": "Exquisite Diamond",
          "DisplayName": "{{i18n: arsenal.exquisite-diamond.name}}",
          "Description": "{{i18n: arsenal.exquisite-diamond.description}}",
          "Type": "Minerals",
          "Category": -2,
          "Price": 7500,
          "Texture": "{{InternalAssetKey: assets/Items & Crops/SnSArsenal.png}}",
          "SpriteIndex": 5,
          "ExcludeFromRandomSale": true,
          "ContextTags": [
            "exquisite_gem"
          ],
        },
        "{{ModID}}_ArcanePrimer": {
          "Name": "Arcane Primer",
          "DisplayName": "{{i18n: arsenal.arcane-primer.name}}",
          "Description": "{{i18n: arsenal.arcane-primer.description}}",
          "Type": "Crafting",
          "Category": -8,
          "Price": 10000,
          "Texture": "{{InternalAssetKey: assets/Items & Crops/SnSArsenal.png}}",
          "SpriteIndex": 7,
          "ExcludeFromShippingCollection": true,
          "ExcludeFromRandomSale": true,
        },
        "{{ModID}}_PureCopperOre": {
          "Name": "Pure Copper Ore",
          "DisplayName": "{{i18n: arsenal.pure-copper-ore.name}}",
          "Description": "{{i18n: arsenal.pure-copper-ore.description}}",
          "Type": "Minerals",
          "Category": -15,
          "Price": 50,
          "Texture": "{{InternalAssetKey: assets/Items & Crops/SnSArsenal.png}}",
          "SpriteIndex": 18,
          "ExcludeFromRandomSale": true,
          "ContextTags": [
            "ore_item",
            "pure_ore"
          ],
        },
        "{{ModID}}_PureIronOre": {
          "Name": "Pure Iron Ore",
          "DisplayName": "{{i18n: arsenal.pure-iron-ore.name}}",
          "Description": "{{i18n: arsenal.pure-iron-ore.description}}",
          "Type": "Minerals",
          "Category": -15,
          "Price": 75,
          "Texture": "{{InternalAssetKey: assets/Items & Crops/SnSArsenal.png}}",
          "SpriteIndex": 19,
          "ExcludeFromRandomSale": true,
          "ContextTags": [
            "ore_item",
            "pure_ore"
          ],
        },
        "{{ModID}}_PureGoldOre": {
          "Name": "Pure Gold Ore",
          "DisplayName": "{{i18n: arsenal.pure-gold-ore.name}}",
          "Description": "{{i18n: arsenal.pure-gold-ore.description}}",
          "Type": "Minerals",
          "Category": -15,
          "Price": 125,
          "Texture": "{{InternalAssetKey: assets/Items & Crops/SnSArsenal.png}}",
          "SpriteIndex": 20,
          "ExcludeFromRandomSale": true,
          "ContextTags": [
            "ore_item",
            "pure_ore"
          ],
        },
        "{{ModID}}_PureIridiumOre": {
          "Name": "Pure Iridium Ore",
          "DisplayName": "{{i18n: arsenal.pure-iridium-ore.name}}",
          "Description": "{{i18n: arsenal.pure-iridium-ore.description}}",
          "Type": "Minerals",
          "Category": -15,
          "Price": 500,
          "Texture": "{{InternalAssetKey: assets/Items & Crops/SnSArsenal.png}}",
          "SpriteIndex": 21,
          "ExcludeFromRandomSale": true,
          "ContextTags": [
            "ore_item",
            "pure_ore"
          ],
        },
        "{{ModID}}_PureRadioactiveOre": {
          "Name": "Pure Radioactive Ore",
          "DisplayName": "{{i18n: arsenal.pure-radioactive-ore.name}}",
          "Description": "{{i18n: arsenal.pure-radioactive-ore.description}}",
          "Type": "Minerals",
          "Category": -15,
          "Price": 1500,
          "Texture": "{{InternalAssetKey: assets/Items & Crops/SnSArsenal.png}}",
          "SpriteIndex": 22,
          "ExcludeFromRandomSale": true,
          "ContextTags": [
            "ore_item",
            "pure_ore"
          ],
        },
        "{{ModID}}_CLothArmor": {
          "Name": "Cloth Armor",
          "DisplayName": "{{i18n: arsenal.cloth-armor.name}}",
          "Description": "{{i18n: arsenal.cloth-armor.description}}",
          "Type": "Basic",
          "Category": -29,
          "Price": 250,
          "Texture": "{{InternalAssetKey: assets/Items & Crops/SnSArsenal.png}}",
          "SpriteIndex": 23,
          "ExcludeFromShippingCollection": true,
          "ExcludeFromRandomSale": true,
          "ContextTags": [
            "armor_item"
          ],
          "CustomFields": {
            "ArmorValue": 25,
          }
        },
        "{{ModID}}_CopperArmor": {
          "Name": "Copper Armor",
          "DisplayName": "{{i18n: arsenal.copper-armor.name}}",
          "Description": "{{i18n: arsenal.copper-armor.description}}",
          "Type": "Basic",
          "Category": -29,
          "Price": 500,
          "Texture": "{{InternalAssetKey: assets/Items & Crops/SnSArsenal.png}}",
          "SpriteIndex": 24,
          "ExcludeFromShippingCollection": true,
          "ExcludeFromRandomSale": true,
          "ContextTags": [
            "armor_item"
          ],
          "CustomFields": {
            "ArmorValue": 50,
          }
        },
        "{{ModID}}_IronArmor": {
          "Name": "Iron Armor",
          "DisplayName": "{{i18n: arsenal.iron-armor.name}}",
          "Description": "{{i18n: arsenal.iron-armor.description}}",
          "Type": "Basic",
          "Category": -29,
          "Price": 750,
          "Texture": "{{InternalAssetKey: assets/Items & Crops/SnSArsenal.png}}",
          "SpriteIndex": 25,
          "ExcludeFromShippingCollection": true,
          "ExcludeFromRandomSale": true,
          "ContextTags": [
            "armor_item"
          ],
          "CustomFields": {
            "ArmorValue": 75,
          }
        },
        "{{ModID}}_GoldArmor": {
          "Name": "Gold Armor",
          "DisplayName": "{{i18n: arsenal.gold-armor.name}}",
          "Description": "{{i18n: arsenal.gold-armor.description}}",
          "Type": "Basic",
          "Category": -29,
          "Price": 1000,
          "Texture": "{{InternalAssetKey: assets/Items & Crops/SnSArsenal.png}}",
          "SpriteIndex": 26,
          "ExcludeFromShippingCollection": true,
          "ExcludeFromRandomSale": true,
          "ContextTags": [
            "armor_item"
          ],
          "CustomFields": {
            "ArmorValue": 100,
          }
        },
        "{{ModID}}_IridiumArmor": {
          "Name": "Iridium Armor",
          "DisplayName": "{{i18n: arsenal.iridium-armor.name}}",
          "Description": "{{i18n: arsenal.iridium-armor.description}}",
          "Type": "Basic",
          "Category": -29,
          "Price": 1250,
          "Texture": "{{InternalAssetKey: assets/Items & Crops/SnSArsenal.png}}",
          "SpriteIndex": 27,
          "ExcludeFromShippingCollection": true,
          "ExcludeFromRandomSale": true,
          "ContextTags": [
            "armor_item"
          ],
          "CustomFields": {
            "ArmorValue": 125,
          }
        },
        "{{ModID}}_RadioactiveArmor": {
          "Name": "Radioactive Armor",
          "DisplayName": "{{i18n: arsenal.radioactive-armor.name}}",
          "Description": "{{i18n: arsenal.radioactive-armor.description}}",
          "Type": "Basic",
          "Category": -29,
          "Price": 1500,
          "Texture": "{{InternalAssetKey: assets/Items & Crops/SnSArsenal.png}}",
          "SpriteIndex": 28,
          "ExcludeFromShippingCollection": true,
          "ExcludeFromRandomSale": true,
          "ContextTags": [
            "armor_item"
          ],
          "CustomFields": {
            "ArmorValue": 150,
          }
        },
        "{{ModID}}_Arrow": {
          "Name": "Arrow",
          "DisplayName": "{{i18n: arsenal.arrow.name}}",
          "Description": "{{i18n: arsenal.arrow.description}}",
          "Type": "Basic",
          "Category": -29,
          "Price": 5,
          "Texture": "{{InternalAssetKey: assets/Items & Crops/SnSArsenal.png}}",
          "SpriteIndex": 29,
          "ExcludeFromShippingCollection": true,
          "ExcludeFromRandomSale": true,
          "ContextTags": [
            "arrow_item"
          ],
        },
        "{{ModID}}_FirestormArrow": {
          "Name": "Firestorm Arrow",
          "DisplayName": "{{i18n: arsenal.firestorm-arrow.name}}",
          "Description": "{{i18n: arsenal.firestorm-arrow.description}}",
          "Type": "Basic",
          "Category": -29,
          "Price": 10,
          "Texture": "{{InternalAssetKey: assets/Items & Crops/SnSArsenal.png}}",
          "SpriteIndex": 30,
          "ExcludeFromShippingCollection": true,
          "ExcludeFromRandomSale": true,
          "ContextTags": [
            "arrow_item"
          ],
        },
        "{{ModID}}_IcicleArrow": {
          "Name": "Icicle Arrow",
          "DisplayName": "{{i18n: arsenal.icicle-arrow.name}}",
          "Description": "{{i18n: arsenal.icicle-arrow.description}}",
          "Type": "Basic",
          "Category": -29,
          "Price": 10,
          "Texture": "{{InternalAssetKey: assets/Items & Crops/SnSArsenal.png}}",
          "SpriteIndex": 31,
          "ExcludeFromShippingCollection": true,
          "ExcludeFromRandomSale": true,
          "ContextTags": [
            "arrow_item"
          ],
        },
        "{{ModID}}_WindwakerArrow": {
          "Name": "Windwaker Arrow",
          "DisplayName": "{{i18n: arsenal.windwaker-arrow.name}}",
          "Description": "{{i18n: arsenal.windwaker-arrow.description}}",
          "Type": "Basic",
          "Category": -29,
          "Price": 10,
          "Texture": "{{InternalAssetKey: assets/Items & Crops/SnSArsenal.png}}",
          "SpriteIndex": 33,
          "ExcludeFromShippingCollection": true,
          "ExcludeFromRandomSale": true,
          "ContextTags": [
            "arrow_item"
          ],
        },
        "{{ModID}}_RicochetArrow": {
          "Name": "Ricochet Arrow",
          "DisplayName": "{{i18n: arsenal.ricochet-arrow.name}}",
          "Description": "{{i18n: arsenal.ricochet-arrow.description}}",
          "Type": "Basic",
          "Category": -29,
          "Price": 10,
          "Texture": "{{InternalAssetKey: assets/Items & Crops/SnSArsenal.png}}",
          "SpriteIndex": 35,
          "ExcludeFromShippingCollection": true,
          "ExcludeFromRandomSale": true,
          "ContextTags": [
            "arrow_item"
          ],
        },
        "{{ModID}}_LightbringerArrow": {
          "Name": "Lightbringer Arrow",
          "DisplayName": "{{i18n: arsenal.lightbringer-arrow.name}}",
          "Description": "{{i18n: arsenal.lightbringer-arrow.description}}",
          "Type": "Basic",
          "Category": -29,
          "Price": 10,
          "Texture": "{{InternalAssetKey: assets/Items & Crops/SnSArsenal.png}}",
          "SpriteIndex": 36,
          "ExcludeFromShippingCollection": true,
          "ExcludeFromRandomSale": true,
          "ContextTags": [
            "arrow_item"
          ],
        },
      }
    },
    {
      "Action": "EditData",
      "Target": "Data/Weapons",
      "Entries": {
        "{{ModID}}_Bow": {
          "Name": "Bow",
          "DisplayName": "{{i18n: arsenal.bow.name}}",
          "Description": "{{i18n: arsenal.bow.description}}",
          "Texture": "{{InternalAssetKey: assets/Items & Crops/SnSArsenal.png}}",
          "SpriteIndex": 37,
          "Speed": 308, // All slingshots have this for some reason?,
          "CustomFields":
          {
            "Bow": true,
          }
        },
      }
    },
    // CRAFTING RECIPES 
    {
      "Action": "EditData",
      "Target": "Data/CraftingRecipes",
      "Entries": {
        "{{ModID}}_ExquisiteEmerald": "60 50 74 1/meow/{{ModID}}_ExquisiteEmerald 1/false/null/{{i18n:arsenal.exquisite-emerald.name}}/{{i18n:arsenal.exquisite-emerald.description}}",
        "{{ModID}}_ExquisiteRuby": "64 50 74 1/meow/{{ModID}}_ExquisiteRuby 1/false/null/{{i18n:arsenal.exquisite-ruby.name}}/{{i18n:arsenal.exquisite-ruby.description}}",
        "{{ModID}}_ExquisiteTopaz": "68 50 74 1/meow/{{ModID}}_ExquisiteTopaz 1/false/null/Exquisite Topaz/{{i18n:arsenal.exquisite-topaz.name}}/{{i18n:arsenal.exquisite-topaz.description}}",
        "{{ModID}}_ExquisiteAquamarine": "62 50 74 1/meow/{{ModID}}_ExquisiteAquamarine 1/false/null/{{i18n:arsenal.exquisite-aquamarine.name}}/{{i18n:arsenal.exquisite-aquamarine.description}}",
        "{{ModID}}_ExquisiteAmethyst": "66 50 74 1/meow/{{ModID}}_ExquisiteAmethyst 1/false/null/{{i18n:arsenal.exquisite-amethyst.name}}/{{i18n:arsenal.exquisite-amethyst.description}}",
        "{{ModID}}_ExquisiteJade": "70 50 74 1/meow/{{ModID}}_ExquisiteJade 1/false/null/{{i18n:arsenal.exquisite-jade.name}}/{{i18n:arsenal.exquisite-jade.description}}",
        "{{ModID}}_ExquisiteDiamond": "72 50 74 1/meow/{{ModID}}_ExquisiteDiamond 1/false/null/{{i18n:arsenal.exquisite-diamond.name}}/{{i18n:arsenal.exquisite-diamond.description}}",
        "{{ModID}}_ArcanePrimer": "797 1 896 1/meow/{{ModID}}_ArcanePrimer 1/false/null/{{i18n:arsenal.arcane-primer.name}}/{{i18n:arsenal.arcane-primer.description}}",
        "{{ModID}}_ClothArmor": "428 10/meow/{{ModID}}_ClothArmor 1/false/null/{{i18n:arsenal.cloth-armor.name}}/{{i18n:arsenal.cloth-armor.description}}",
        "{{ModID}}_CopperArmor": "{{ModID}}_PureCopperOre 10 {{ModID}}_ClothArmor 1/meow/{{ModID}}_CopperArmor 1/false/null/{{i18n:arsenal.copper-armor.name}}/{{i18n:arsenal.copper-armor.description}}",
        "{{ModID}}_IronArmor": "{{ModID}}_PureIronOre 10 {{ModID}}_CopperArmor 1/meow/{{ModID}}_IronArmor 1/false/null/{{i18n:arsenal.iron-armor.name}}/{{i18n:arsenal.iron-armor.description}}",
        "{{ModID}}_GoldArmor": "{{ModID}}_PureGoldOre 10 {{ModID}}_IronArmor 1/meow/{{ModID}}_GoldArmor 1/false/null/{{i18n:arsenal.gold-armor.name}}/{{i18n:arsenal.gold-armor.description}}",
        "{{ModID}}_IridiumArmor": "{{ModID}}_PureIridiumOre 10 {{ModID}}_GoldArmor 1/meow/{{ModID}}_IridiumArmor 1/false/null/{{i18n:arsenal.iridium-armor.name}}/{{i18n:arsenal.iridium-armor.description}}",
        "{{ModID}}_RadioactiveArmor": "{{ModID}}_PureRadioactiveOre 10 {{ModID}}_IridiumArmor 1/meow/{{ModID}}_RadioactiveArmor 1/false/null/{{i18n:arsenal.radioactive-armor.name}}/{{i18n:arsenal.radioactive-armor.description}}",
        "{{ModID}}_Bow": "709 10/meow/(W){{ModID}}_Bow 1/false/null/{{i18n:arsenal.bow.name}}/{{i18n:arsenal.bow.description}}",
        "{{ModID}}_Arrow": "388 1 390 1/meow/{{ModID}}_Arrow 1/false/null/{{i18n:arsenal.arrow.name}}/{{i18n:arsenal.arrow.description}}",
        "{{ModID}}_FirestormArrow": "{{ModID}}_Arrow 1 93 10/meow/{{ModID}}_FirestormArrow 1/false/null/{{i18n:arsenal.firestorm-arrow.name}}/{{i18n:arsenal.firestorm-arrow.description}}",
        "{{ModID}}_IcicleArrow": "{{ModID}}_Arrow 1 84 1/meow/{{ModID}}_IcicleArrow 1/false/null/{{i18n:arsenal.icicle-arrow.name}}/{{i18n:arsenal.icicle-arrow.description}}",
        "{{ModID}}_RicochetArrow": "{{ModID}}_Arrow 1 330 1/meow/{{ModID}}_RicochetArrow 1/false/null/{{i18n:arsenal.ricochet-arrow.name}}/{{i18n:arsenal.ricochet-arrow.description}}",
        "{{ModID}}_WindwakerArrow": "{{ModID}}_Arrow 1 444 1/meow/{{ModID}}_WindwakerArrow 1/false/null/{{i18n:arsenal.windwaker-arrow.name}}/{{i18n:arsenal.windwaker-arrow.description}}",
        "{{ModID}}_LightbringerArrow": "{{ModID}}_Arrow 1 768 30/meow/{{ModID}}_LightbringerArrow 1/false/null/{{i18n:arsenal.lightbringer-arrow.name}}/{{i18n:arsenal.lightbringer-arrow.description}}",
      }
    },
  ]
}