{
    "Changes": [
        {
            "Action": "EditData",
            "Target": "Data/SpecialOrders",
            "Entries": {
                "Mateo.SpecialOrders.AQ1": {
                    "Name": "[Mateo.SpecialOrders.AQ1_Name]",
                    "Requester": "Mateo",
                    "Duration": "Week",
                    "Repeatable": "True",
                    "RequiredTags": "",
                    "OrderType": "SwordSorcery",
                    "SpecialRule": "",
                    "Text": "[Mateo.SpecialOrders.AQ1_Text]",
                    "ItemToRemoveOnEnd": null,
                    "MailToRemoveOnEnd": null,
                    "RandomizedElements": [
                        {
                            "Name": "Monster",
                            "Values": [
                                {
                                    "RequiredTags": "",
                                    "Value": "Target|Serpent|LocalizedName|[Mateo.SpecialOrders.AQ1_0_LocalizedName]"
                                },
                                {
                                    "RequiredTags": "",
                                    "Value": "Target|Iridium Bat|LocalizedName|[Mateo.SpecialOrders.AQ1_1_LocalizedName]"
                                },
                                {
                                    "RequiredTags": "",
                                    "Value": "Target|Mummy|LocalizedName|[Mateo.SpecialOrders.AQ1_2_LocalizedName]"
                                },
                                {
                                    "RequiredTags": "",
                                    "Value": "Target|Carbon Ghost|LocalizedName|[Mateo.SpecialOrders.AQ1_3_LocalizedName]"
                                },
                                {
                                    "RequiredTags": "",
                                    "Value": "Target|Rock Crab|LocalizedName|[Mateo.SpecialOrders.AQ1_4_LocalizedName]"
                                },
                                {
                                    "RequiredTags": "",
                                    "Value": "Target|Lava Lurk|LocalizedName|[Mateo.SpecialOrders.AQ1_5_LocalizedName]"
                                },
                                {
                                    "RequiredTags": "",
                                    "Value": "Target|Lava Crab|LocalizedName|[Mateo.SpecialOrders.AQ1_6_LocalizedName]"
                                },
                                {
                                    "RequiredTags": "",
                                    "Value": "Target|Stone Golem|LocalizedName|[Mateo.SpecialOrders.AQ1_7_LocalizedName]"
                                },
                                {
                                    "RequiredTags": "",
                                    "Value": "Target|Dwarvish Sentry|LocalizedName|[Mateo.SpecialOrders.AQ1_8_LocalizedName]"
                                }
                            ]
                        }
                    ],
                    "Objectives": [
                        {
                            "Type": "Slay",
                            "Text": "[Mateo.SpecialOrders.AQ1.Objective_0_Text]",
                            "RequiredCount": "25",
                            "Data": {
                                "TargetName": "{Monster:Target}"
                            }
                        }
                    ],
                    "Rewards": [
                        {
                            "Type": "Money",
                            "Data": {
                                "Amount": "10000"
                            }
                        }
                    ]
                } 
            }
        },

        {
            "Action": "EditData",
            "Target": "Data/SpecialOrders",
            "Entries": {
                "Mateo.SpecialOrders.AQ2": {
                    "Name": "[Mateo.SpecialOrders.AQ2_Name]",
                    "Requester": "Mateo",
                    "Duration": "TwoWeeks",
                    "Repeatable": "True",
                    "RequiredTags": "",
                    "OrderType": "SwordSorcery",
                    "SpecialRule": "",
                    "Text": "[Mateo.SpecialOrders.AQ2_Text]",
                    "ItemToRemoveOnEnd": null,
                    "MailToRemoveOnEnd": null,
                    "RandomizedElements": [
                        {
                            "Name": "Monster",
                            "Values": [
                                {
                                    "RequiredTags": "",
                                    "Value": "Target|Serpent|LocalizedName|[Mateo.SpecialOrders.AQ2_0_LocalizedName]"
                                },
                                {
                                    "RequiredTags": "",
                                    "Value": "Target|Iridium Bat|LocalizedName|[Mateo.SpecialOrders.AQ2_1_LocalizedName]"
                                },
                                {
                                    "RequiredTags": "",
                                    "Value": "Target|Mummy|LocalizedName|[Mateo.SpecialOrders.AQ2_2_LocalizedName]"
                                },
                                {
                                    "RequiredTags": "",
                                    "Value": "Target|Carbon Ghost|LocalizedName|[Mateo.SpecialOrders.AQ2_3_LocalizedName]"
                                },
                                {
                                    "RequiredTags": "",
                                    "Value": "Target|Rock Crab|LocalizedName|[Mateo.SpecialOrders.AQ2_4_LocalizedName]"
                                },
                                {
                                    "RequiredTags": "",
                                    "Value": "Target|Lava Lurk|LocalizedName|[Mateo.SpecialOrders.AQ2_5_LocalizedName]"
                                },
                                {
                                    "RequiredTags": "",
                                    "Value": "Target|Lava Crab|LocalizedName|[Mateo.SpecialOrders.AQ2_6_LocalizedName]"
                                },
                                {
                                    "RequiredTags": "",
                                    "Value": "Target|Stone Golem|LocalizedName|[Mateo.SpecialOrders.AQ2_7_LocalizedName]"
                                },
                                {
                                    "RequiredTags": "",
                                    "Value": "Target|Dwarvish Sentry|LocalizedName|[Mateo.SpecialOrders.AQ2_8_LocalizedName]"
                                }
                            ]
                        }
                    ],
                    "Objectives": [
                        {
                            "Type": "Slay",
                            "Text": "[Mateo.SpecialOrders.AQ2.Objective_0_Text]",
                            "RequiredCount": "50",
                            "Data": {
                                "TargetName": "{Monster:Target}"
                            }
                        }
                    ],
                    "Rewards": [
                        {
                            "Type": "Money",
                            "Data": {
                                "Amount": "20000"
                            }
                        }
                    ]
                } 
            }
        },

        {
            "Action": "EditData",
            "Target": "Data/SpecialOrders",
            "Entries": {
                "Mateo.SpecialOrders.AQ3": {
                    "Name": "[Mateo.SpecialOrders.AQ3_Name]",
                    "Requester": "Mateo",
                    "Duration": "Month",
                    "Repeatable": "True",
                    "RequiredTags": "",
                    "OrderType": "SwordSorcery",
                    "SpecialRule": "",
                    "Text": "[Mateo.SpecialOrders.AQ3_Text]",
                    "ItemToRemoveOnEnd": null,
                    "MailToRemoveOnEnd": null,
                    "RandomizedElements": [
                        {
                            "Name": "Monster",
                            "Values": [
                                {
                                    "RequiredTags": "",
                                    "Value": "Target|Serpent|LocalizedName|[Mateo.SpecialOrders.AQ3_0_LocalizedName]"
                                },
                                {
                                    "RequiredTags": "",
                                    "Value": "Target|Iridium Bat|LocalizedName|[Mateo.SpecialOrders.AQ3_1_LocalizedName]"
                                },
                                {
                                    "RequiredTags": "",
                                    "Value": "Target|Mummy|LocalizedName|[Mateo.SpecialOrders.AQ3_2_LocalizedName]"
                                },
                                {
                                    "RequiredTags": "",
                                    "Value": "Target|Carbon Ghost|LocalizedName|[Mateo.SpecialOrders.AQ3_3_LocalizedName]"
                                },
                                {
                                    "RequiredTags": "",
                                    "Value": "Target|Rock Crab|LocalizedName|[Mateo.SpecialOrders.AQ3_4_LocalizedName]"
                                },
                                {
                                    "RequiredTags": "",
                                    "Value": "Target|Lava Lurk|LocalizedName|[Mateo.SpecialOrders.AQ3_5_LocalizedName]"
                                },
                                {
                                    "RequiredTags": "",
                                    "Value": "Target|Lava Crab|LocalizedName|[Mateo.SpecialOrders.AQ3_6_LocalizedName]"
                                },
                                {
                                    "RequiredTags": "",
                                    "Value": "Target|Stone Golem|LocalizedName|[Mateo.SpecialOrders.AQ3_7_LocalizedName]"
                                },
                                {
                                    "RequiredTags": "",
                                    "Value": "Target|Dwarvish Sentry|LocalizedName|[Mateo.SpecialOrders.AQ3_8_LocalizedName]"
                                }
                            ]
                        }
                    ],
                    "Objectives": [
                        {
                            "Type": "Slay",
                            "Text": "[Mateo.SpecialOrders.AQ3.Objective_0_Text]",
                            "RequiredCount": "75",
                            "Data": {
                                "TargetName": "{Monster:Target}"
                            }
                        }
                    ],
                    "Rewards": [
                        {
                            "Type": "Money",
                            "Data": {
                                "Amount": "30000"
                            }
                        }
                    ]
                } 
            }
        },

        {
            "Action": "EditData",
            "Target": "Data/SpecialOrders",
            "Entries": {
                "Mateo.SpecialOrders.AQ4": {
                    "Name": "[Mateo.SpecialOrders.AQ4_Name]",
                    "Requester": "Mateo",
                    "Duration": "TwoWeeks",
                    "Repeatable": "True",
                    "RequiredTags": "",
                    "OrderType": "SwordSorcery",
                    "SpecialRule": "",
                    "Text": "[Mateo.SpecialOrders.AQ4_Text]",
                    "ItemToRemoveOnEnd": null,
                    "MailToRemoveOnEnd": null,
                    "RandomizedElements": [
                        {
                            "Name": "Monster",
                            "Values": [
                                {
                                    "RequiredTags": "",
                                    "Value": "Target|Bat|LocalizedName|[Mateo.SpecialOrders.AQ4_0_LocalizedName]"
                                },
                                {
                                    "RequiredTags": "",
                                    "Value": "Target|Bug|LocalizedName|[Mateo.SpecialOrders.AQ4_1_LocalizedName]"
                                },
                                {
                                    "RequiredTags": "",
                                    "Value": "Target|Fly|LocalizedName|[Mateo.SpecialOrders.AQ4_2_LocalizedName]"
                                },
                                {
                                    "RequiredTags": "",
                                    "Value": "Target|Ghost|LocalizedName|[Mateo.SpecialOrders.AQ4_3_LocalizedName]"
                                },
                                {
                                    "RequiredTags": "",
                                    "Value": "Target|Duggy|LocalizedName|[Mateo.SpecialOrders.AQ4_4_LocalizedName]"
                                },
                                {
                                    "RequiredTags": "",
                                    "Value": "Target|Metal Head|LocalizedName|[Mateo.SpecialOrders.AQ4_5_LocalizedName]"
                                },
                                {
                                    "RequiredTags": "",
                                    "Value": "Target|Green Slime|LocalizedName|[Mateo.SpecialOrders.AQ4_6_LocalizedName]"
                                },
                                {
                                    "RequiredTags": "",
                                    "Value": "Target|Stone Golem|LocalizedName|[Mateo.SpecialOrders.AQ4_7_LocalizedName]"
                                },
                                {
                                    "RequiredTags": "",
                                    "Value": "Target|Squid Kid|LocalizedName|[Mateo.SpecialOrders.AQ4_8_LocalizedName]"
                                }
                            ]
                        }
                    ],
                    "Objectives": [
                        {
                            "Type": "Slay",
                            "Text": "[Mateo.SpecialOrders.AQ4.Objective_0_Text]",
                            "RequiredCount": "50",
                            "Data": {
                                "TargetName": "{Monster:Target}"
                            }
                        }
                    ],
                    "Rewards": [
                        {
                            "Type": "Money",
                            "Data": {
                                "Amount": "10000"
                            }
                        }
                    ]
                } 
            }
        },
        
        {
            "Action": "EditData",
            "Target": "Strings/SpecialOrderStrings",
            "Entries": {
                "Mateo.SpecialOrders.AQ1_0_LocalizedName":"{{i18n:Quests.Mateo.SpecialOrders.AQ1.0.LocalizedName}}",
                "Mateo.SpecialOrders.AQ1_1_LocalizedName":"{{i18n:Quests.Mateo.SpecialOrders.AQ1.1.LocalizedName}}",
                "Mateo.SpecialOrders.AQ1_2_LocalizedName":"{{i18n:Quests.Mateo.SpecialOrders.AQ1.2.LocalizedName}}",
                "Mateo.SpecialOrders.AQ1_3_LocalizedName":"{{i18n:Quests.Mateo.SpecialOrders.AQ1.3.LocalizedName}}",
                "Mateo.SpecialOrders.AQ1_4_LocalizedName":"{{i18n:Quests.Mateo.SpecialOrders.AQ1.4.LocalizedName}}",
                "Mateo.SpecialOrders.AQ1_5_LocalizedName":"{{i18n:Quests.Mateo.SpecialOrders.AQ1.5.LocalizedName}}",
                "Mateo.SpecialOrders.AQ1_6_LocalizedName":"{{i18n:Quests.Mateo.SpecialOrders.AQ1.6.LocalizedName}}",
                "Mateo.SpecialOrders.AQ1_7_LocalizedName":"{{i18n:Quests.Mateo.SpecialOrders.AQ1.7.LocalizedName}}",
                "Mateo.SpecialOrders.AQ1_8_LocalizedName":"{{i18n:Quests.Mateo.SpecialOrders.AQ1.8.LocalizedName}}",
                "Mateo.SpecialOrders.AQ2_0_LocalizedName":"{{i18n:Quests.Mateo.SpecialOrders.AQ2.0.LocalizedName}}",
                "Mateo.SpecialOrders.AQ2_1_LocalizedName":"{{i18n:Quests.Mateo.SpecialOrders.AQ2.1.LocalizedName}}",
                "Mateo.SpecialOrders.AQ2_2_LocalizedName":"{{i18n:Quests.Mateo.SpecialOrders.AQ2.2.LocalizedName}}",
                "Mateo.SpecialOrders.AQ2_3_LocalizedName":"{{i18n:Quests.Mateo.SpecialOrders.AQ2.3.LocalizedName}}",
                "Mateo.SpecialOrders.AQ2_4_LocalizedName":"{{i18n:Quests.Mateo.SpecialOrders.AQ2.4.LocalizedName}}",
                "Mateo.SpecialOrders.AQ2_5_LocalizedName":"{{i18n:Quests.Mateo.SpecialOrders.AQ2.5.LocalizedName}}",
                "Mateo.SpecialOrders.AQ2_6_LocalizedName":"{{i18n:Quests.Mateo.SpecialOrders.AQ2.6.LocalizedName}}",
                "Mateo.SpecialOrders.AQ2_7_LocalizedName":"{{i18n:Quests.Mateo.SpecialOrders.AQ2.7.LocalizedName}}",
                "Mateo.SpecialOrders.AQ2_8_LocalizedName":"{{i18n:Quests.Mateo.SpecialOrders.AQ2.8.LocalizedName}}",
                "Mateo.SpecialOrders.AQ3_0_LocalizedName":"{{i18n:Quests.Mateo.SpecialOrders.AQ3.0.LocalizedName}}",
                "Mateo.SpecialOrders.AQ3_1_LocalizedName":"{{i18n:Quests.Mateo.SpecialOrders.AQ3.1.LocalizedName}}",
                "Mateo.SpecialOrders.AQ3_2_LocalizedName":"{{i18n:Quests.Mateo.SpecialOrders.AQ3.2.LocalizedName}}",
                "Mateo.SpecialOrders.AQ3_3_LocalizedName":"{{i18n:Quests.Mateo.SpecialOrders.AQ3.3.LocalizedName}}",
                "Mateo.SpecialOrders.AQ3_4_LocalizedName":"{{i18n:Quests.Mateo.SpecialOrders.AQ3.4.LocalizedName}}",
                "Mateo.SpecialOrders.AQ3_5_LocalizedName":"{{i18n:Quests.Mateo.SpecialOrders.AQ3.5.LocalizedName}}",
                "Mateo.SpecialOrders.AQ3_6_LocalizedName":"{{i18n:Quests.Mateo.SpecialOrders.AQ3.6.LocalizedName}}",
                "Mateo.SpecialOrders.AQ3_7_LocalizedName":"{{i18n:Quests.Mateo.SpecialOrders.AQ3.7.LocalizedName}}",
                "Mateo.SpecialOrders.AQ3_8_LocalizedName":"{{i18n:Quests.Mateo.SpecialOrders.AQ3.8.LocalizedName}}",
                "Mateo.SpecialOrders.AQ4_0_LocalizedName":"{{i18n:Quests.Mateo.SpecialOrders.AQ4.0.LocalizedName}}",
                "Mateo.SpecialOrders.AQ4_1_LocalizedName":"{{i18n:Quests.Mateo.SpecialOrders.AQ4.1.LocalizedName}}",
                "Mateo.SpecialOrders.AQ4_2_LocalizedName":"{{i18n:Quests.Mateo.SpecialOrders.AQ4.2.LocalizedName}}", 
                "Mateo.SpecialOrders.AQ4_3_LocalizedName":"{{i18n:Quests.Mateo.SpecialOrders.AQ4.3.LocalizedName}}", 
                "Mateo.SpecialOrders.AQ4_4_LocalizedName":"{{i18n:Quests.Mateo.SpecialOrders.AQ4.4.LocalizedName}}",
                "Mateo.SpecialOrders.AQ4_5_LocalizedName":"{{i18n:Quests.Mateo.SpecialOrders.AQ4.5.LocalizedName}}",
                "Mateo.SpecialOrders.AQ4_6_LocalizedName":"{{i18n:Quests.Mateo.SpecialOrders.AQ4.6.LocalizedName}}",
                "Mateo.SpecialOrders.AQ4_7_LocalizedName":"{{i18n:Quests.Mateo.SpecialOrders.AQ4.7.LocalizedName}}",
                "Mateo.SpecialOrders.AQ4_8_LocalizedName":"{{i18n:Quests.Mateo.SpecialOrders.AQ4.8.LocalizedName}}",
                "Mateo.SpecialOrders.AQ1_Name":"{{i18n:Quests.Mateo.SpecialOrders.AQ1.Name}}",
                "Mateo.SpecialOrders.AQ1_Text":"{{i18n:Quests.Mateo.SpecialOrders.AQ1.Text}}",
                "Mateo.SpecialOrders.AQ1.Objective_0_Text":"{{i18n:Quests.Mateo.SpecialOrders.AQ1.Objective.0.Text}}",
                "Mateo.SpecialOrders.AQ2_Name":"{{i18n:Quests.Mateo.SpecialOrders.AQ2.Name}}",
                "Mateo.SpecialOrders.AQ2_Text":"{{i18n:Quests.Mateo.SpecialOrders.AQ2.Text}}",
                "Mateo.SpecialOrders.AQ2.Objective_0_Text":"{{i18n:Quests.Mateo.SpecialOrders.AQ2.Objective.0.Text}}",
                "Mateo.SpecialOrders.AQ3_Name":"{{i18n:Quests.Mateo.SpecialOrders.AQ3.Name}}",
                "Mateo.SpecialOrders.AQ3_Text":"{{i18n:Quests.Mateo.SpecialOrders.AQ3.Text}}", 
                "Mateo.SpecialOrders.AQ3.Objective_0_Text":"{{i18n:Quests.Mateo.SpecialOrders.AQ3.Objective.0.Text}}",
                "Mateo.SpecialOrders.AQ4_Name":"{{i18n:Quests.Mateo.SpecialOrders.AQ4.Name}}",
                "Mateo.SpecialOrders.AQ4_Text":"{{i18n:Quests.Mateo.SpecialOrders.AQ4.Text}}", 
                "Mateo.SpecialOrders.AQ4.Objective_0_Text":"{{i18n:Quests.Mateo.SpecialOrders.AQ4.Objective.0.Text}}",
            }
        }
    ]
}