{
  "Changes": [
    {
      "Action": "EditData",
      "Target": "Data/Objects",
      "Entries": {
        "{{ModID}}_salishbourbon": {
          "Name": "Salish Sea Bourbon",
          "DisplayName": "{{i18n: food.salishbourbon.name}}",
          "Description": "{{i18n: food.salishbourbon.description}}",
          "Type": "Cooking",
          "Category": -7,
          "Price": 100,
          "Edibility": 10,
          "IsDrink": true,
          "ExcludeFromShippingCollection": "{{ExcludeFromPerfection}}",
          "Buffs": [
            {
              "Duration": 3,
              "CustomAttributes": {
                "FarmingLevel": 0,
                "FishingLevel": 0,
                "MiningLevel": 0,
                "LuckLevel": 2,
                "ForagingLevel": 0,
                "MaxStamina": 0,
                "MagneticRadius": 2,
                "Speed": 2,
                "Defense": 0,
                "Attack": 0
              }
            },
          ],
          "Texture": "{{InternalAssetKey: assets/Items & Crops/SnSObjects.png}}",
          "SpriteIndex": 17
        }
      }
    },
    {
      "Action": "EditData",
      "Target": "Data/Objects",
      "Entries": {
        "{{ModID}}_autumnalstew": {
          "Name": "Autumnal Stew",
          "DisplayName": "{{i18n: food.autumnalstew.name}}",
          "Description": "{{i18n: food.autumnalstew.description}}",
          "Type": "Cooking",
          "Category": -7,
          "Price": 100,
          "Edibility": 10,
          "IsDrink": false,
          "ExcludeFromShippingCollection": "{{ExcludeFromPerfection}}",
          "Buffs": [
            {
              "Duration": 3,
              "CustomAttributes": {
                "FarmingLevel": 3,
                "FishingLevel": 0,
                "MiningLevel": 0,
                "LuckLevel": 0,
                "ForagingLevel": 2,
                "MaxStamina": 0,
                "MagneticRadius": 1,
                "Speed": 0,
                "Defense": 2,
                "Attack": 0
              }
            }
          ],
          "Texture": "{{InternalAssetKey: assets/Items & Crops/SnSObjects.png}}",
          "SpriteIndex": 18
        }
      }
    },
    {
      "Action": "EditData",
      "Target": "Data/Objects",
      "Entries": {
        "{{ModID}}_dandeliongreens": {
          "Name": "Sautéed Dandelion Greens with Eggs",
          "DisplayName": "{{i18n: food.dandeliongreens.name}}",
          "Description": "{{i18n: food.dandeliongreens.description}}",
          "Type": "Cooking",
          "Category": -7,
          "Price": 100,
          "Edibility": 10,
          "IsDrink": false,
          "ExcludeFromShippingCollection": "{{ExcludeFromPerfection}}",
          "Buffs": [
            {
              "Duration": 3,
              "CustomAttributes": {
                "FarmingLevel": 1,
                "FishingLevel": 0,
                "MiningLevel": 0,
                "LuckLevel": 1,
                "ForagingLevel": 1,
                "MaxStamina": 1,
                "MagneticRadius": 1,
                "Speed": 0,
                "Defense": 0,
                "Attack": 0
              }
            }
          ],
          "Texture": "{{InternalAssetKey: assets/Items & Crops/SnSObjects.png}}",
          "SpriteIndex": 19
        },
      }
    },
    {
      "Action": "EditData",
      "Target": "Data/Objects",
      "Entries": {
        "{{ModID}}_portfiredrakesparkler": {
          "Name": "Portfire Drake Sparkler",
          "DisplayName": "{{i18n: food.portfiredrakesparkler.name}}",
          "Description": "{{i18n: food.portfiredrakesparkler.description}}",
          "Type": "Cooking",
          "Category": -7,
          "Price": 100,
          "Edibility": 10,
          "IsDrink": true,
          "ExcludeFromShippingCollection": "{{ExcludeFromPerfection}}",
          "Buffs": [
            {
              "Duration": 3,
              "CustomAttributes": {
                "FarmingLevel": 0,
                "FishingLevel": 3,
                "MiningLevel": 0,
                "LuckLevel": 3,
                "ForagingLevel": 0,
                "MaxStamina": 0,
                "MagneticRadius": 0,
                "Speed": 0,
                "Defense": 0,
                "Attack": 0
              }
            }
          ],
          "Texture": "{{InternalAssetKey: assets/Items & Crops/SnSObjects.png}}",
          "SpriteIndex": 20
        },
      }
    },
    {
      "Action": "EditData",
      "Target": "Data/Objects",
      "Entries": {
        "{{ModID}}_mushroomsredsauce": {
          "Name": "Fried Mushrooms & Red Sauce",
          "DisplayName": "{{i18n: food.mushroomsredsauce.name}}",
          "Description": "{{i18n: food.mushroomsredsauce.description}}",
          "Type": "Cooking",
          "Category": -7,
          "Price": 100,
          "Edibility": 10,
          "IsDrink": false,
          "ExcludeFromShippingCollection": "{{ExcludeFromPerfection}}",
          "Buffs": [
            {
              "Duration": 3,
              "CustomAttributes": {
                "FarmingLevel": 2,
                "FishingLevel": 0,
                "MiningLevel": 0,
                "LuckLevel": 0,
                "ForagingLevel": 3,
                "MaxStamina": 0,
                "MagneticRadius": 0,
                "Speed": 0,
                "Defense": 0,
                "Attack": 0
              }
            }
          ],
          "Texture": "{{InternalAssetKey: assets/Items & Crops/SnSObjects.png}}",
          "SpriteIndex": 27
        },
      }
    },
    {
      "Action": "EditData",
      "Target": "Data/Objects",
      "Entries": {
        "{{ModID}}_ferngreensandpineapple": {
          "Name": "Fern Greens And Pineapple",
          "DisplayName": "{{i18n: food.ferngreensandpineapple.name}}",
          "Description": "{{i18n: food.ferngreensandpineapple.description}}",
          "Type": "Cooking",
          "Category": -7,
          "Price": 100,
          "Edibility": 10,
          "IsDrink": false,
          "ExcludeFromShippingCollection": "{{ExcludeFromPerfection}}",
          "Buffs": [
            {
              "Duration": 3,
              "CustomAttributes": {
                "FarmingLevel": 3,
                "FishingLevel": 0,
                "MiningLevel": 0,
                "LuckLevel": 1,
                "ForagingLevel": 4,
                "MaxStamina": 0,
                "MagneticRadius": 0,
                "Speed": 0,
                "Defense": 0,
                "Attack": 0
              }
            },
          ],
          "Texture": "{{InternalAssetKey: assets/Items & Crops/SnSObjects.png}}",
          "SpriteIndex": 28
        },
      }
    },
    {
      "Action": "EditData",
      "Target": "Data/Objects",
      "Entries": {
        "{{ModID}}_ancienthuckleberryicecream": {
          "Name": "Ancient HuckleBerry IceCream",
          "DisplayName": "{{i18n: food.ancienthuckleberryicecream.name}}",
          "Description": "{{i18n: food.ancienthuckleberryicecream.description}}",
          "Type": "Cooking",
          "Category": -7,
          "Price": 100,
          "Edibility": 10,
          "IsDrink": false,
          "ExcludeFromShippingCollection": "{{ExcludeFromPerfection}}",
          "Buffs": [
            {
              "Duration": 3,
              "CustomAttributes": {
                "FarmingLevel": 0,
                "FishingLevel": 0,
                "MiningLevel": 0,
                "LuckLevel": 3,
                "ForagingLevel": 0,
                "MaxStamina": 0,
                "MagneticRadius": 0,
                "Speed": 3,
                "Defense": 0,
                "Attack": 0
              }
            },
          ],
          "Texture": "{{InternalAssetKey: assets/Items & Crops/SnSObjects.png}}",
          "SpriteIndex": 29
        },
      }
    },
    {
      "Action": "EditData",
      "Target": "Data/Objects",
      "Entries": {
        "{{ModID}}_lavaeelandstirfriedancientbottlegourd": {
          "Name": "Lava Eel And Stir Fried Bottlegourd",
          "DisplayName": "{{i18n: food.lavaeelandstirfriedancientbottlegourd.name}}",
          "Description": "{{i18n: food.lavaeelandstirfriedancientbottlegourd.description}}",
          "Type": "Cooking",
          "Category": -7,
          "Price": 100,
          "Edibility": 10,
          "IsDrink": false,
          "ExcludeFromShippingCollection": "{{ExcludeFromPerfection}}",
          "Buffs": [
            {
              "Duration": 3,
              "CustomAttributes": {
                "FarmingLevel": 0,
                "FishingLevel": 0,
                "MiningLevel": 5,
                "LuckLevel": 0,
                "ForagingLevel": 0,
                "MaxStamina": 0,
                "MagneticRadius": 0,
                "Speed": 0,
                "Defense": 0,
                "Attack": 0
              }
            }
          ],
          "Texture": "{{InternalAssetKey: assets/Items & Crops/SnSObjects.png}}",
          "SpriteIndex": 30
        },
      }
    },
    {
      "Action": "EditData",
      "Target": "Data/Objects",
      "Entries": {
        "{{ModID}}_zuzustylepizza": {
          "Name": "Zuzu City Style Pizza",
          "DisplayName": "{{i18n: food.zuzustylepizza.name}}",
          "Description": "{{i18n: food.zuzustylepizza.description}}",
          "Type": "Cooking",
          "Category": -7,
          "Price": 100,
          "Edibility": 10,
          "IsDrink": false,
          "ExcludeFromShippingCollection": "{{ExcludeFromPerfection}}",
          "Buffs": [
            {
              "Duration": 3,
              "CustomAttributes": {
                "FarmingLevel": 0,
                "FishingLevel": 0,
                "MiningLevel": 0,
                "LuckLevel": 0,
                "ForagingLevel": 0,
                "MaxStamina": 0,
                "MagneticRadius": 0,
                "Speed": 0,
                "Defense": 3,
                "Attack": 5,
              }
            }
          ],
          "Texture": "{{InternalAssetKey: assets/Items & Crops/SnSObjects.png}}",
          "SpriteIndex": 46
        },
      },
    },
    {
      "Action": "EditData",
      "Target": "Data/Objects",
      "Entries": {
        "{{ModID}}_zuzustylebagelwithlox": {
          "Name": "Zuzu City Style Bagel with Lox",
          "DisplayName": "{{i18n: food.zuzustylebagelwithlox.name}}",
          "Description": "{{i18n: food.zuzustylebagelwithlox.description}}",
          "Type": "Cooking",
          "Category": -7,
          "Price": 100,
          "Edibility": 10,
          "IsDrink": false,
          "ExcludeFromShippingCollection": "{{ExcludeFromPerfection}}",
          "Buffs": [
            {
              "Duration": 3,
              "CustomAttributes": {
                "FarmingLevel": 0,
                "FishingLevel": 0,
                "MiningLevel": 0,
                "LuckLevel": 3,
                "ForagingLevel": 0,
                "MaxStamina": 3,
                "MagneticRadius": 0,
                "Speed": 3,
                "Defense": 0,
                "Attack": 0,
              }
            }
          ],
          "Texture": "{{InternalAssetKey: assets/Items & Crops/SnSObjects.png}}",
          "SpriteIndex": 47
        },
      },
    },
    {
      "Action": "EditData",
      "Target": "Data/Objects",
      "Entries": {
        "{{ModID}}_zuzustylecheesecake": {
          "Name": "Zuzu City Style Cheesecake",
          "DisplayName": "{{i18n: food.zuzustylecheesecake.name}}",
          "Description": "{{i18n: food.zuzustylecheesecake.description}}",
          "Type": "Cooking",
          "Category": -7,
          "Price": 100,
          "Edibility": 10,
          "IsDrink": false,
          "ExcludeFromShippingCollection": "{{ExcludeFromPerfection}}",
          "Buffs": [
            {
              "Duration": 3,
              "CustomAttributes": {
                "FarmingLevel": 0,
                "FishingLevel": 0,
                "MiningLevel": 0,
                "LuckLevel": 0,
                "ForagingLevel": 0,
                "MaxStamina": 3,
                "MagneticRadius": 0,
                "Speed": 1,
                "Defense": 1,
                "Attack": 1,
              }
            }
          ],
          "Texture": "{{InternalAssetKey: assets/Items & Crops/SnSObjects.png}}",
          "SpriteIndex": 48
        },
      },
    },
    {
      "Action": "EditData",
      "Target": "Data/Objects",
      "Entries": {
        "{{ModID}}_zuzustyleclamchowder": {
          "Name": "Zuzu City Style Clam Chowder",
          "DisplayName": "{{i18n: food.zuzustyleclamchowder.name}}",
          "Description": "{{i18n: food.zuzustyleclamchowder.description}}",
          "Type": "Cooking",
          "Category": -7,
          "Price": 100,
          "Edibility": 10,
          "IsDrink": false,
          "ExcludeFromShippingCollection": "{{ExcludeFromPerfection}}",
          "Buffs": [
            {
              "Duration": 3,
              "CustomAttributes": {
                "FarmingLevel": 3,
                "FishingLevel": 3,
                "MiningLevel": 3,
                "LuckLevel": 0,
                "ForagingLevel": 0,
                "MaxStamina": 0,
                "MagneticRadius": 0,
                "Speed": 0,
                "Defense": 0,
                "Attack": 0,
              }
            }
          ],
          "Texture": "{{InternalAssetKey: assets/Items & Crops/SnSObjects.png}}",
          "SpriteIndex": 49
        },
      },
    },
    {
      "Action": "EditData",
      "Target": "Data/Objects",
      "Entries": {
        "{{ModID}}_fountainsoda": {
          "Name": "Fountain Soda",
          "DisplayName": "{{i18n: food.fountainsoda.name}}",
          "Description": "{{i18n: food.fountainsoda.description}}",
          "Type": "Cooking",
          "Category": -7,
          "Price": 100,
          "Edibility": 10,
          "IsDrink": false,
          "ExcludeFromShippingCollection": "{{ExcludeFromPerfection}}",
          "Buffs": [
            {
              "Duration": 3,
              "CustomAttributes": {
                "FarmingLevel": 0,
                "FishingLevel": 0,
                "MiningLevel": 0,
                "LuckLevel": 0,
                "ForagingLevel": 0,
                "MaxStamina": 0,
                "MagneticRadius": 0,
                "Speed": 3,
                "Defense": 0,
                "Attack": 0,
              }
            }
          ],
          "Texture": "{{InternalAssetKey: assets/Items & Crops/SnSObjects.png}}",
          "SpriteIndex": 56
        },
      },
    },
    {
      "Action": "EditData",
      "Target": "Data/Objects",
      "Entries": {
        "{{ModID}}_freshpopcorn": {
          "Name": "Fountain Soda",
          "DisplayName": "{{i18n: food.freshpopcorn.name}}",
          "Description": "{{i18n: food.freshpopcorn.description}}",
          "Type": "Cooking",
          "Category": -7,
          "Price": 100,
          "Edibility": 10,
          "IsDrink": false,
          "ExcludeFromShippingCollection": "{{ExcludeFromPerfection}}",
          "Buffs": [
            {
              "Duration": 3,
              "CustomAttributes": {
                "FarmingLevel": 0,
                "FishingLevel": 0,
                "MiningLevel": 0,
                "LuckLevel": 1,
                "ForagingLevel": 0,
                "MaxStamina": 0,
                "MagneticRadius": 0,
                "Speed": 0,
                "Defense": 0,
                "Attack": 0,
              }
            }
          ],
          "Texture": "{{InternalAssetKey: assets/Items & Crops/SnSObjects.png}}",
          "SpriteIndex": 57
        },
      },
    },

// CRAFTING RECIPES 

{
  "Action": "EditData",
  "Target": "Data/CookingRecipes",
  "Entries":
  {
  "{{ModID}}_salishbourbon": "638 1 262 1 635 1/what is this for?/{{ModID}}_salishbourbon 1/f Mateo/{{i18n:food.crafting.salishbourbon}}",

  "{{ModID}}_autumnalstew": "276 1 -6 1 272 1 281 1/what is this for?/{{ModID}}_autumnalstew 1/f Mateo/{{i18n:food.crafting.autumnalstew}}",

  "{{ModID}}_dandeliongreens": "22 1 -5 1 424 1/what is this for?/{{ModID}}_dandeliongreens 1/false/{{i18n:food.crafting.dandeliongreens}}",

  "{{ModID}}_portfiredrakesparkler": "167 1 88 1 -79 1/what is this for?/{{ModID}}_portfiredrakesparkler 1/false/{{i18n:food.crafting.portfiredrakesparkler}}",

  "{{ModID}}_mushroomsredsauce": "{{ModID}}_glowingpolyporemushrooms 1 256 1 272 1/what is this for?/{{ModID}}_mushroomsredsauce 1/false/{{i18n:food.crafting.mushroomsredsauce}}",

  "{{ModID}}_ferngreensandpineapple": "{{ModID}}_ancientepiphyticfern 1 832 1 259 1/what is this for?/{{ModID}}_ferngreensandpineapple 1/false/{{i18n:food.crafting.ferngreensandpineapple}}",

  "{{ModID}}_ancienthuckleberryicecream": "{{ModID}}_ancientglowinghuckleberry 1 -6 2/what is this for?/{{ModID}}_ancienthuckleberryicecream 1/false/{{i18n:food.crafting.ancienthuckleberryicecream}}",

  "{{ModID}}_lavaeelandstirfriedancientbottlegourd": "{{ModID}}_ancientbottlegourd 1 162 1/what is this for?/{{ModID}}_lavaeelandstirfriedancientbottlegourd 1/false/{{i18n:food.crafting.lavaeelandstirfriedancientbottlegourd}}",

  "{{ModID}}_zuzustylepizza": "216 1 256 1 424 1/what is this for?/{{ModID}}_zuzustylepizza 1/e SnS.Ch3.Cirrus.4/{{i18n:food.crafting.zuzustylepizza}}",

  "{{ModID}}_zuzustylebagelwithlox": "216 1 139 1 424 1/what is this for?/{{ModID}}_zuzustylebagelwithlox 1/e SnS.Ch3.Cirrus.6/{{i18n:food.crafting.zuzustylebagelwithlox}}",

  "{{ModID}}_zuzustylecheesecake": "245 1 -6 1 -5 1 400 1/what is this for?/{{ModID}}_zuzustylecheesecake 1/e SnS.Ch3.Cirrus.9/{{i18n:food.crafting.zuzustylecheesecake}}",

  "{{ModID}}_zuzustyleclamchowder": "372 1 256 1 192 1/what is this for?/{{ModID}}_zuzustyleclamchowder 1/e SnS.Ch3.Cirrus.5/{{i18n:food.crafting.zuzustyleclamchowder}}",
  
  }
},
    ]
}