{
	"Changes": [

		{
			"Action": "EditData",
			"Target": "Data/Powers",
			"Entries": {
				"StygiumPendantPower": {
					"DisplayName": "{{i18n: power.stygium-pendant.name}}",
					"Description": "{{i18n: power.stygium-pendant.description}}",
					"TexturePath": "{{InternalAssetKey: Assets/Items & Crops/SnSObjects.png}}",
					"TexturePosition": { "X": 112, "Y": 0 },
					"UnlockedCondition": "PLAYER_HAS_MAIL Current StygiumPendantPower",
					"Update": "OnTimeChange, OnLocationChange",
				}
			},
			"When": { "HasFlag": "StygiumPendantPower" }
		},
		{
			"Action": "EditData",
			"Target": "Data/Powers",
			"Entries": {
				"SnS.Ch2.Hector.19": {
					"DisplayName": "{{i18n: power.broken-circlet.name}}",
					"Description": "{{i18n: power.broken-circlet.description}}",
					"TexturePath": "{{InternalAssetKey: Assets/Items & Crops/SnSObjects.png}}",
					"TexturePosition": { "X": 128, "Y": 0 },
					"UnlockedCondition": "PLAYER_HAS_MAIL Current BrokenCircletPower",
					"Update": "OnTimeChange, OnLocationChange",
				}
			},
			"When": { "HasFlag": "BrokenCircletPower" }
		},
		{
			"Action": "EditData",
			"Target": "Data/Powers",
			"Entries": {
				"DrakeScalePower": {
					"DisplayName": "{{i18n: power.drake-scale.name}}",
					"Description": "{{i18n: power.drake-scale.description}}",
					"TexturePath": "{{InternalAssetKey: Assets/Items & Crops/SnSObjects.png}}",
					"TexturePosition": { "X": 112, "Y": 80 },
					"UnlockedCondition": "PLAYER_HAS_MAIL Current DrakeScalePower",
					"Update": "OnTimeChange, OnLocationChange",
				}
			},
			"When": { "HasFlag": "DrakeScalePower" }
		},
		{
			"Action": "EditData",
			"Target": "Data/Powers",
			"Entries": {
				"DrakeScalePower": {
					"DisplayName": "{{i18n: power.forgedd20.name}}",
					"Description": "{{i18n: power.forgedd20.description}}",
					"TexturePath": "{{InternalAssetKey: Assets/Items & Crops/SnSObjects.png}}",
					"TexturePosition": { "X": 80, "Y": 80 },
					"UnlockedCondition": "PLAYER_HAS_MAIL Current ForgedD20Power",
					"Update": "OnTimeChange, OnLocationChange",
				}
			},
			"When": { "HasFlag": "ForgedD20Power" }
		},
		{
			"Action": "EditData",
			"Target": "Data/Powers",
			"Entries": {
				"DrakeScalePower": {
					"DisplayName": "{{i18n: power.mythiciridiumshield.name}}",
					"Description": "{{i18n: power.mythiciridiumshield.description}}",
					"TexturePath": "{{InternalAssetKey: Assets/Items & Crops/SnSObjects.png}}",
					"SpriteIndex": 16,
					"UnlockedCondition": "PLAYER_HAS_MAIL Current DandelionShieldPower",
					"Update": "OnTimeChange, OnLocationChange",
				}
			},
			"When": {
				"HasFlag": "DandelionShieldPower"
			  }
		},
		{
			"Action": "EditData",
			"Target": "Data/Powers",
			"Entries": {
				"DrakeScalePower": {
					"DisplayName": "{{i18n: power.mythicorichalcumshield.name}}",
					"Description": "{{i18n: power.mythicorichalcumshield.description}}",
					"TexturePath": "{{InternalAssetKey: Assets/Items & Crops/SnSObjects.png}}",
					"SpriteIndex": 16,
					"UnlockedCondition": "PLAYER_HAS_MAIL Current DandelionShieldPower",
					"Update": "OnTimeChange, OnLocationChange",
				}
			},
			"When": {
				"HasMod: |contains=Kitsutsune.Chocobovalley": true,
				"ChocoboValleyMaterials": true,
				"HasFlag": "DandelionShieldPower"
			  }
		},
		{
			"Action": "EditData",
			"Target": "Data/Powers",
			"Entries": {
				"GrimoirePower": {
					"DisplayName": "{{i18n: power.magicalgrimoire.name}}",
					"Description": "{{i18n: power.magicalgrimoire.description}}",
					"TexturePath": "{{InternalAssetKey: Assets/Items & Crops/SnSObjects.png}}",
					"SpriteIndex": 98,
					"UnlockedCondition": "PLAYER_HAS_MAIL Current MagicalGrimoirePower",
					"Update": "OnTimeChange, OnLocationChange",
				}
			},
			"When": {
				"HasFlag": "MagicalGrimoirePower"
			  }
		},
	]
}