{
	"Changes": [

		{
			"Action": "EditData",
			"Target": "Data/Powers",
			"Entries": {
				"StygiumPendantPower": {
					"DisplayName": "{{i18n: power.stygium-pendant.name}}",
					"Description": "{{i18n: power.stygium-pendant.description}}",
					"TexturePath": "{{InternalAssetKey: Assets/Items & Crops/SnSObjects.png}}",
					"TexturePosition": { "X": 112, "Y": 0 },
					"UnlockedCondition": "PLAYER_HAS_MAIL Current StygiumPendantPower",
					"Update": "OnTimeChange, OnLocationChange",
				}
			},
			"When": { "HasFlag": "StygiumPendantPower" }
		},
		{
			"Action": "EditData",
			"Target": "Data/Powers",
			"Entries": {
				"SnS.Ch2.Hector.19": {
					"DisplayName": "{{i18n: power.broken-circlet.name}}",
					"Description": "{{i18n: power.broken-circlet.description}}",
					"TexturePath": "{{InternalAssetKey: Assets/Items & Crops/SnSObjects.png}}",
					"TexturePosition": { "X": 128, "Y": 0 },
					"UnlockedCondition": "PLAYER_HAS_MAIL Current BrokenCircletPower",
					"Update": "OnTimeChange, OnLocationChange",
				}
			},
			"When": { "HasFlag": "BrokenCircletPower" }
		},
		{
			"Action": "EditData",
			"Target": "Data/Powers",
			"Entries": {
				"DrakeScalePower": {
					"DisplayName": "{{i18n: power.drake-scale.name}}",
					"Description": "{{i18n: power.drake-scale.description}}",
					"TexturePath": "{{InternalAssetKey: Assets/Items & Crops/SnSObjects.png}}",
					"TexturePosition": { "X": 112, "Y": 80 },
					"UnlockedCondition": "PLAYER_HAS_MAIL Current DrakeScalePower",
					"Update": "OnTimeChange, OnLocationChange",
				}
			},
			"When": { "HasFlag": "DrakeScalePower" }
		},
	]
}