{
    "Changes": [

      // CATEGORY OVERRIDE 

  // ANCIENT AMARANTH 
  {
    "Action": "EditData",
    "Target": "Data/Objects",
    "Entries": {
      "swordandsorcery.ancientamaranth": {
        "Name": "Ancient Amaranth",
        "DisplayName": "{{i18n: crop.ancientamaranth.name}}",
        "Description": "{{i18n: crop.ancientamaranth.description}}",
        "Type": "Vegetable",
        "Category": -75,
        "Price": 400,
        "Edibility": 50,
        "IsDrink": false,
        "Texture": "{{InternalAssetKey: assets/Items & Crops/SnSObjects.png}}",
        "SpriteIndex": 0,
        "ContextTags": [ "color_cyan", "category_vegetable" ],
      }
    }
  },

  {
    "Action": "EditData",
    "Target": "Data/Objects",
    "Entries": {
      "swordandsorcery.ancientamaranth.seed": {
        "Name": "Ancient Amaranth Seeds",
        "DisplayName": "{{i18n: crop.ancientamaranth.seed.name}}",
        "Description": "{{i18n: crop.ancientamaranth.seed.description}}",
        "Type": "Seeds",
        "Category": -74,
        "Price": 2,
        "IsDrink": false,
        "Texture": "{{InternalAssetKey: assets/Items & Crops/SnSObjects.png}}",
        "SpriteIndex": 9
      }
    }
  },

  {
    "Action": "EditData",
    "Target": "Data/Crops",
    "Entries": {
      "swordandsorcery.ancientamaranth.seed": {
        "Seasons": [ "summer", "fall" ],
        "DaysInPhase": [ 1, 2, 2, 2 ],
        "HarvestItemId": "swordandsorcery.ancientamaranth",
        "HarvestMethod": "Scythe",
        "HarvestMinStack": 1,
        "HarvestMaxStack": 2,
        "HarvestMaxIncreasePerFarmingLevel": 31,
        "ExtraHarvestChance": 0.03,
        "Texture": "{{InternalAssetKey: assets/Items & Crops/SnSCrops.png}}",
        "SpriteIndex": 0
      }
    }
  },

   // ANCIENT EPIPHYTIC FERN 
   {
    "Action": "EditData",
    "Target": "Data/Objects",
    "Entries": {
      "swordandsorcery.ancientepiphyticfern": {
        "Name": "Ancient Epiphytic Fern",
        "DisplayName": "{{i18n: crop.ancientepiphyticfern.name}}",
        "Description": "{{i18n: crop.ancientepiphyticfern.description}}",
        "Type": "Vegetable",
        "Category": -75,
        "Price": 300,
        "Edibility": 50,
        "IsDrink": false,
        "Texture": "{{InternalAssetKey: assets/Items & Crops/SnSObjects.png}}",
        "SpriteIndex": 2,
        "ContextTags": [ "color_cyan", "category_vegetable" ],
      }
    }
  },

  {
    "Action": "EditData",
    "Target": "Data/Objects",
    "Entries": {
      "swordandsorcery.ancientepiphyticfern.seed": {
        "Name": "Ancient Amaranth Seeds",
        "DisplayName": "{{i18n: crop.ancientepiphyticfern.seed.name}}",
        "Description": "{{i18n: crop.ancientepiphyticfern.seed.description}}",
        "Type": "Seeds",
        "Category": -74,
        "Price": 2,
        "IsDrink": false,
        "Texture": "{{InternalAssetKey: assets/Items & Crops/SnSObjects.png}}",
        "SpriteIndex": 11
      }
    }
  },

  {
    "Action": "EditData",
    "Target": "Data/Crops",
    "Entries": {
      "swordandsorcery.ancientepiphyticfern.seed": {
        "Seasons": [ "spring", "summer" ],
        "DaysInPhase": [ 1, 3, 3, 4, 3 ],
        "RegrowDays": 3,
        "HarvestItemId": "swordandsorcery.ancientepiphyticfern",
        "HarvestMethod": "Scythe",
        "HarvestMinStack": 1,
        "HarvestMaxStack": 1,
        "HarvestMaxIncreasePerFarmingLevel": 40,
        "ExtraHarvestChance": 0.03,
        "Texture": "{{InternalAssetKey: assets/Items & Crops/SnSCrops.png}}",
        
        "SpriteIndex": 8
      }
    }
  },

     // ANCIENT GLOWING POLYPORE MUSHROOM
     {
      "Action": "EditData",
      "Target": "Data/Objects",
      "Entries": {
        "swordandsorcery.glowingpolyporemushrooms": {
          "Name": "Ancient Glowing Polypore Mushroom",
          "DisplayName": "{{i18n: crop.ancientglowingpolyporemushrooms.name}}",
          "Description": "{{i18n: crop.ancientglowingpolyporemushrooms.description}}",
          "Type": "Vegetable",
          "Category": -75,
          "Price": 300,
          "Edibility": 50,
          "IsDrink": false,
          "Texture": "{{InternalAssetKey: assets/Items & Crops/SnSObjects.png}}",
          "SpriteIndex": 4,
          "ContextTags": [ "color_cyan", "category_vegetable" ],
        }
      }
    },
  
    {
      "Action": "EditData",
      "Target": "Data/Objects",
      "Entries": {
        "swordandsorcery.glowingpolyporemushrooms.seed": {
          "Name": "Ancient Glowing Polypore Mushroom Spores",
          "DisplayName": "{{i18n: crop.ancientglowingpolyporemushrooms.seed.name}}",
          "Description": "{{i18n: crop.ancientglowingpolyporemushrooms.seed.description}}",
          "Type": "Seeds",
          "Category": -74,
          "Price": 2,
          "IsDrink": false,
          "Texture": "{{InternalAssetKey: assets/Items & Crops/SnSObjects.png}}",
          "SpriteIndex": 13
        }
      }
    },
  
    {
      "Action": "EditData",
      "Target": "Data/Crops",
      "Entries": {
        "swordandsorcery.glowingpolyporemushrooms.seed": {
          "Seasons": [ "fall", "winter" ],
          "DaysInPhase": [ 2, 7, 7, 7, 5 ],
          "RegrowDays": 3,
          "HarvestItemId": "swordandsorcery.glowingpolyporemushrooms",
          "HarvestMinStack": 1,
          "HarvestMaxStack": 1,
          "HarvestMaxIncreasePerFarmingLevel": 40,
          "ExtraHarvestChance": 0.03,
          "Texture": "{{InternalAssetKey: assets/Items & Crops/SnSCrops.png}}",
          "SpriteIndex": 8
        }
      }
    },

     // ANCIENT WILD FAIRY ROSE
     {
      "Action": "EditData",
      "Target": "Data/Objects",
      "Entries": {
        "swordandsorcery.ancientwildfairyrose": {
          "Name": "Ancient Wild Fairy Rose",
          "DisplayName": "{{i18n: crop.ancientwildfairyrose.name}}",
          "Description": "{{i18n: crop.ancientwildfairyrose.description}}",
          "Type": "Vegetable",
          "Category": -75,
          "Price": 300,
          "Edibility": 50,
          "IsDrink": false,
          "Texture": "{{InternalAssetKey: assets/Items & Crops/SnSObjects.png}}",
          "SpriteIndex": 1,
          "ContextTags": [ "color_cyan", "category_flowers" ],
        }
      }
    },
  
    {
      "Action": "EditData",
      "Target": "Data/Objects",
      "Entries": {
        "swordandsorcery.ancientwildfairyrose.seed": {
          "Name": "Ancient Wild Fairy Rose Seeds",
          "DisplayName": "{{i18n: crop.ancientwildfairyrose.seed.name}}",
          "Description": "{{i18n: crop.ancientwildfairyrose.seed.description}}",
          "Type": "Seeds",
          "Category": -74,
          "Price": 2,
          "IsDrink": false,
          "Texture": "{{InternalAssetKey: assets/Items & Crops/SnSObjects.png}}",
          "SpriteIndex": 10
        }
      }
    },
  
    {
      "Action": "EditData",
      "Target": "Data/Crops",
      "Entries": {
        "swordandsorcery.ancientwildfairyrose.seed": {
          "Seasons": [ "spring", "summer", "fall" ],
          "DaysInPhase": [ 2, 7, 7, 7, 5 ],
          "RegrowDays": 3,
          "HarvestItemId": "swordandsorcery.ancientwildfairyrose",
          "HarvestMinStack": 1,
          "HarvestMaxStack": 3,
          "HarvestMaxIncreasePerFarmingLevel": 40,
          "ExtraHarvestChance": 0.03,
          "Texture": "{{InternalAssetKey: assets/Items & Crops/SnSCrops.png}}",
          "SpriteIndex": 24
        }
      }
    },

   // ANCIENT ELDERBERRY
   {
    "Action": "EditData",
    "Target": "Data/Objects",
    "Entries": {
      "swordandsorcery.ancientelderberry": {
        "Name": "Ancient Elderberry",
        "DisplayName": "{{i18n: crop.ancientelderberry.name}}",
        "Description": "{{i18n: crop.ancientelderberry.description}}",
        "Type": "Fruit",
        "Category": -75,
        "Price": 100,
        "Edibility": 50,
        "IsDrink": false,
        "Texture": "{{InternalAssetKey: assets/Items & Crops/SnSObjects.png}}",
        "SpriteIndex": 37,
        "ContextTags": [ "color_cyan", "category_fruits" ],
      }
    }
  },

  {
    "Action": "EditData",
    "Target": "Data/Objects",
    "Entries": {
      "swordandsorcery.ancientelderberry.seed": {
        "Name": "Ancient Elderberry Seeds",
        "DisplayName": "{{i18n: crop.ancientelderberry.seed.name}}",
        "Description": "{{i18n: crop.ancientelderberry.seed.description}}",
        "Type": "Seeds",
        "Category": -74,
        "Price": 2,
        "IsDrink": false,
        "Texture": "{{InternalAssetKey: assets/Items & Crops/SnSObjects.png}}",
        "SpriteIndex": 38
      }
    }
  },

  {
    "Action": "EditData",
    "Target": "Data/Crops",
    "Entries": {
      "swordandsorcery.ancientelderberry.seed": {
        "Seasons": [ "spring", "summer" ],
        "DaysInPhase": [ 1, 1, 1, 3, 4 ],
        "RegrowDays": 3,
        "HarvestItemId": "swordandsorcery.ancientelderberry",
        "HarvestMinStack": 1,
        "HarvestMaxStack": 3,
        "HarvestMaxIncreasePerFarmingLevel": 40,
        "ExtraHarvestChance": 0.03,
        "Texture": "{{InternalAssetKey: assets/Items & Crops/SnSCrops.png}}",
        "SpriteIndex": 32
      }
    }
  },

   // ANCIENT BOTTLE GOURD
   {
    "Action": "EditData",
    "Target": "Data/Objects",
    "Entries": {
      "swordandsorcery.ancientbottlegourd": {
        "Name": "Ancient Bottle Gourd",
        "DisplayName": "{{i18n: crop.ancientbottlegourd.name}}",
        "Description": "{{i18n: crop.ancientbottlegourd.description}}",
        "Type": "Vegetable",
        "Category": -75,
        "Price": 400,
        "Edibility": 50,
        "IsDrink": false,
        "Texture": "{{InternalAssetKey: assets/Items & Crops/SnSObjects.png}}",
        "SpriteIndex": 39,
        "ContextTags": [ "color_cyan", "category_fruits" ],
      }
    }
  },

  {
    "Action": "EditData",
    "Target": "Data/Objects",
    "Entries": {
      "swordandsorcery.ancientbottlegourd.seed": {
        "Name": "Ancient Bottle Gourd",
        "DisplayName": "{{i18n: crop.ancientbottlegourd.seed.name}}",
        "Description": "{{i18n: crop.ancientbottlegourd.seed.description}}",
        "Type": "Seeds",
        "Category": -74,
        "Price": 2,
        "IsDrink": false,
        "Texture": "{{InternalAssetKey: assets/Items & Crops/SnSObjects.png}}",
        "SpriteIndex": 40
      }
    }
  },

  {
    "Action": "EditData",
    "Target": "Data/Crops",
    "Entries": {
      "swordandsorcery.ancientbottlegourd.seed": {
        "Seasons": [ "fall" ],
        "DaysInPhase": [ 1, 2, 3, 3, 3],
        "HarvestItemId": "swordandsorcery.ancientbottlegourd",
        "HarvestMinStack": 1,
        "HarvestMaxStack": 2,
        "HarvestMaxIncreasePerFarmingLevel": 31,
        "ExtraHarvestChance": 0.03,
        "Texture": "{{InternalAssetKey: assets/Items & Crops/SnSCrops.png}}",
        "SpriteIndex": 40
      }
    }
  },

   // ANCIENT GIANT APPLE BERRY
   {
    "Action": "EditData",
    "Target": "Data/Objects",
    "Entries": {
      "swordandsorcery.ancientgiantappleberry": {
        "Name": "Ancient Giant Apple Berry",
        "DisplayName": "{{i18n: crop.ancientgiantappleberry.name}}",
        "Description": "{{i18n: crop.ancientgiantappleberry.description}}",
        "Type": "Vegetable",
        "Category": -75,
        "Price": 150,
        "Edibility": 50,
        "IsDrink": false,
        "Texture": "{{InternalAssetKey: assets/Items & Crops/SnSObjects.png}}",
        "SpriteIndex": 41,
        "ContextTags": [ "color_cyan", "category_fruits" ],
      }
    }
  },

  {
    "Action": "EditData",
    "Target": "Data/Objects",
    "Entries": {
      "swordandsorcery.ancientgiantappleberry.seed": {
        "Name": "Ancient Giant Apple Berry",
        "DisplayName": "{{i18n: crop.ancientgiantappleberry.seed.name}}",
        "Description": "{{i18n: crop.ancientgiantappleberry.seed.description}}",
        "Type": "Seeds",
        "Category": -74,
        "Price": 2,
        "IsDrink": false,
        "Texture": "{{InternalAssetKey: assets/Items & Crops/SnSObjects.png}}",
        "SpriteIndex": 42
      }
    }
  },

  {
    "Action": "EditData",
    "Target": "Data/Crops",
    "Entries": {
      "swordandsorcery.ancientgiantappleberry.seed": {
        "Seasons": [ "spring", "summer", "fall" ],
        "DaysInPhase": [ 1, 2, 3, 4],
        "HarvestItemId": "swordandsorcery.ancientgiantappleberry",
        "HarvestMinStack": 1,
        "HarvestMaxStack": 2,
        "HarvestMaxIncreasePerFarmingLevel": 31,
        "ExtraHarvestChance": 0.03,
        "Texture": "{{InternalAssetKey: assets/Items & Crops/SnSCrops.png}}",
        "SpriteIndex": 48
      }
    }
  },

     // ANCIENT AZURE DETURA FLOWER
     {
      "Action": "EditData",
      "Target": "Data/Objects",
      "Entries": {
        "swordandsorcery.ancientazuredetura": {
          "Name": "Ancient Azure Detura Flower",
          "DisplayName": "{{i18n: crop.ancientazuredetura.name}}",
          "Description": "{{i18n: crop.ancientazuredetura.description}}",
          "Type": "Vegetable",
          "Category": -75,
          "Price": 150,
          "Edibility": 50,
          "IsDrink": false,
          "Texture": "{{InternalAssetKey: assets/Items & Crops/SnSObjects.png}}",
          "SpriteIndex": 43,
          "ContextTags": [ "color_cyan", "category_flowers" ],
        }
      }
    },
  
    {
      "Action": "EditData",
      "Target": "Data/Objects",
      "Entries": {
        "swordandsorcery.ancientazuredetura.seed": {
          "Name": "Ancient Azure Detura Flower",
          "DisplayName": "{{i18n: crop.ancientazuredetura.seed.name}}",
          "Description": "{{i18n: crop.ancientazuredetura.seed.description}}",
          "Type": "Seeds",
          "Category": -74,
          "Price": 2,
          "IsDrink": false,
          "Texture": "{{InternalAssetKey: assets/Items & Crops/SnSObjects.png}}",
          "SpriteIndex": 44
        }
      }
    },
  
    {
      "Action": "EditData",
      "Target": "Data/Crops",
      "Entries": {
        "swordandsorcery.ancientazuredetura.seed": {
          "Seasons": [ "fall", "winter" ],
          "DaysInPhase": [ 1, 2, 3, 2],
          "HarvestItemId": "swordandsorcery.ancientazuredetura",
          "HarvestMinStack": 1,
          "HarvestMaxStack": 2,
          "HarvestMaxIncreasePerFarmingLevel": 31,
          "ExtraHarvestChance": 0.03,
          "Texture": "{{InternalAssetKey: assets/Items & Crops/SnSCrops.png}}",
          "SpriteIndex": 56
        }
      }
    },
    
       // ANCIENT GLOWING HUCKLEBERRY VINE
       {
        "Action": "EditData",
        "Target": "Data/Objects",
        "Entries": {
          "swordandsorcery.ancientglowinghuckleberry": {
            "Name": "Ancient Glowing Huckleberry",
            "DisplayName": "{{i18n: crop.ancientglowinghuckleberry.name}}",
            "Description": "{{i18n: crop.ancientglowinghuckleberry.description}}",
            "Type": "Fruit",
            "Category": -75,
            "Price": 400,
            "Edibility": 50,
            "IsDrink": false,
            "Texture": "{{InternalAssetKey: assets/Items & Crops/SnSObjects.png}}",
            "SpriteIndex": 3,
            "ContextTags": [ "color_cyan", "category_fruits" ],
          }
        }
      },
    
      {
        "Action": "EditData",
        "Target": "Data/Objects",
        "Entries": {
          "swordandsorcery.ancientglowinghuckleberry.seed": {
            "Name": "Ancient Wild Fairy Rose Seeds",
            "DisplayName": "{{i18n: crop.ancientglowinghuckleberry.seed.name}}",
            "Description": "{{i18n: crop.ancientglowinghuckleberry.seed.description}}",
            "Type": "Seeds",
            "Category": -74,
            "Price": 2,
            "IsDrink": false,
            "Texture": "{{InternalAssetKey: assets/Items & Crops/SnSObjects.png}}",
            "SpriteIndex": 12
          }
        }
      },
    
      {
        "Action": "EditData",
        "Target": "Data/fruitTrees",
        "Entries": {
          "swordandsorcery.ancientglowinghuckleberry.seed": {
            "Seasons": [ "summer" ],
            "HarvestItemId": "swordandsorcery.ancientglowinghuckleberry",
            "ExtraHarvestChance": 0.03,
            "Texture": "{{InternalAssetKey: assets/Items & Crops/SnSTrees.png}}",
            "SpriteIndex": 0
          }
        }
      },

      // CRAFTING RECIPES 
      {
      "Action": "EditData",
      "Target": "Data/CraftingRecipes",
      "Entries":
      {
      "Ancient Amaranth Seeds": "swordandsorcery.druidicessence 4/what is this for?/swordandsorcery.ancientamaranth.seed 1/false/null/{{i18n:AncientSeed.Hector.Amaranth}}",

      "Ancient Epiphytic Fern Seeds": "swordandsorcery.druidicessence 6/what is this for?/swordandsorcery.ancientepiphyticfern.seed 1/false/null/{{i18n:AncientSeed.Hector.Fern}}",

      "Ancient Glowing Huckleberry Seeds": "swordandsorcery.druidicessence 8/what is this for?/swordandsorcery.ancientglowinghuckleberry.seed 1/false/null/{{i18n:AncientSeed.Hector.Huckleberry}}",

      "Ancient Glowing Polypore Mushroom Spores": "swordandsorcery.druidicessence 6/what is this for?/swordandsorcery.glowingpolyporemushrooms.seed 1/false/null/{{i18n:AncientSeed.Hector.Mushroom}}",

      "Ancient Wild Fairy Rose Seeds": "swordandsorcery.druidicessence 5/what is this for?/swordandsorcery.ancientwildfairyrose.seed 1/false/null/{{i18n:AncientSeed.Hector.FairyRose}}",

      "Ancient Elderberry Seeds": "swordandsorcery.druidicessence 6/what is this for?/swordandsorcery.ancientelderberry.seed 1/false/null/{{i18n:AncientSeed.Hector.Elderberry}}",

      "Ancient Bottle Gourd Seeds": "swordandsorcery.druidicessence 4/what is this for?/swordandsorcery.ancientbottlegourd.seed 1/false/null/{{i18n:AncientSeed.Hector.BottleGourd}}",

      "Ancient Giant Apple Berry Seeds": "swordandsorcery.druidicessence 6/what is this for?/swordandsorcery.ancientgiantappleberry.seed 1/false/null/{{i18n:AncientSeed.Hector.AppleBerry}}",

      "Ancient Azure Detura": "swordandsorcery.druidicessence 4/what is this for?/swordandsorcery.ancientazuredetura.seed 1/false/null/{{i18n:AncientSeed.Hector.Detura}}",
      }
    },

    {
      "Action": "EditData",
      "Target": "spacechase0.SpaceCore/ObjectExtensionData",
      "Entries": {
          "swordandsorcery.ancientamaranth": {"CategoryTextOverride": "Druidic"},
          "swordandsorcery.ancientepiphyticfern": {"CategoryTextOverride": "Druidic"},
          "swordandsorcery.glowingpolyporemushrooms": {"CategoryTextOverride": "Druidic"},
          "swordandsorcery.ancientwildfairyrose": {"CategoryTextOverride": "Druidic"},
          "swordandsorcery.ancientglowinghuckleberry": {"CategoryTextOverride": "Druidic"},
          "swordandsorcery.ancientamaranth.seed": {"CategoryTextOverride": "Druidic"},
          "swordandsorcery.ancientepiphyticfern.seed": {"CategoryTextOverride": "Druidic"},
          "swordandsorcery.glowingpolyporemushrooms.seed": {"CategoryTextOverride": "Druidic"},
          "swordandsorcery.ancientwildfairyrose.seed": {"CategoryTextOverride": "Druidic"},
          "swordandsorcery.ancientglowinghuckleberry.seed": {"CategoryTextOverride": "Druidic"},
          "swordandsorcery.ancientelderberry": {"CategoryTextOverride": "Druidic"},
          "swordandsorcery.ancientelderberry.seed": {"CategoryTextOverride": "Druidic"},
          "swordandsorcery.ancientbottlegourd": {"CategoryTextOverride": "Druidic"},
          "swordandsorcery.ancientbottlegourd.seed": {"CategoryTextOverride": "Druidic"},
          "swordandsorcery.ancientgiantappleberry": {"CategoryTextOverride": "Druidic"}, 
          "swordandsorcery.ancientgiantappleberry.seed": {"CategoryTextOverride": "Druidic"},
          "swordandsorcery.ancientazuredetura": {"CategoryTextOverride": "Druidic"}, 
          "swordandsorcery.ancientazuredetura.seed": {"CategoryTextOverride": "Druidic"},
      }
  },
  
        
    ]
}