{
  "Changes": [
    {
      "Action": "EditData",
      "Target": "Data/Weapons",
      "Entries": {
        "{{ModID}}_keytoscarp": {
          "Name": "Key to Scarp",
          "DisplayName": "{{i18n: weapon.keytoscarp.name}}",
          "Description": "{{i18n: weapon.keytoscarp.description}}",
          "MinDamage": 70,
          "MaxDamage": 100,
          "Knockback": 1,
          "Speed": 4,
          "Precision": 90,
          "Defense": 2,
          "CritChance": 0.07,
          "CritMultiplier": 3.0,
          "Type": 3,
          "Texture": "{{InternalAssetKey: assets/Items & Crops/SnSObjects.png}}",
          "SpriteIndex": 21,
          "CanBeLostOnDeath": false,
          "Price": "30000", 
        },
      }
    },
    {
      "Action": "EditData",
      "Target": "Data/Weapons",
      "Entries": {
        "{{ModID}}_twobecomeone": {
          "Name": "Two Become One",
          "DisplayName": "{{i18n: weapon.twobecomeone.name}}",
          "Description": "{{i18n: weapon.twobecomeone.description}}",
          "MinDamage": 100,
          "MaxDamage": 130,
          "Knockback": 1,
          "Speed": 6,
          "Precision": 100,
          "Defense": 3,
          "CritChance": 0.07,
          "CritMultiplier": 3.0,
          "Type": 3,
          "Texture": "{{InternalAssetKey: assets/Items & Crops/SnSObjects.png}}",
          "SpriteIndex": 22,
          "CanBeLostOnDeath": false,
          "Price": "60000", 
          
        },
      }
    },
    {
      "Action": "EditData",
      "Target": "Data/Weapons",
      "Entries": {
        "{{ModID}}_savethequeen": {
          "Name": "Save the Queen",
          "DisplayName": "{{i18n: weapon.savethequeen.name}}",
          "Description": "{{i18n: weapon.savethequeen.description}}",
          "MinDamage": 60,
          "MaxDamage": 90,
          "Knockback": 0.5,
          "Speed": 8,
          "Precision": 100,
          "Defense": 1,
          "CritChance": 0.1,
          "CritMultiplier": 3.0,
          "Type": 1,
          "Texture": "{{InternalAssetKey: assets/Items & Crops/SnSObjects.png}}",
          "SpriteIndex": 23,
          "CanBeLostOnDeath": false,
          "Price": "25000", 
        },
      }
    },
    {
      "Action": "EditData",
      "Target": "Data/Weapons",
      "Entries": {
        "{{ModID}}_oathkeeper": {
          "Name": "Oathkeeper",
          "DisplayName": "{{i18n: weapon.oathkeeper.name}}",
          "Description": "{{i18n: weapon.oathkeeper.description}}",
          "MinDamage": 80,
          "MaxDamage": 110,
          "Knockback": 0.5,
          "Speed": 10,
          "Precision": 100,
          "Defense": 2,
          "CritChance": 0.1,
          "CritMultiplier": 4.0,
          "Type": 1,
          "Texture": "{{InternalAssetKey: assets/Items & Crops/SnSObjects.png}}",
          "SpriteIndex": 24,
          "CanBeLostOnDeath": false,
          "Price": "50000", 
        },
      }
    },
    {
      "Action": "EditData",
      "Target": "Data/Weapons",
      "Entries": {
        "{{ModID}}_savetheking": {
          "Name": "Save the King",
          "DisplayName": "{{i18n: weapon.savetheking.name}}",
          "Description": "{{i18n: weapon.savetheking.description}}",
          "MinDamage": 100,
          "MaxDamage": 130,
          "Knockback": 2,
          "Speed": 2,
          "Precision": 80,
          "Defense": 3,
          "CritChance": 0.03,
          "CritMultiplier": 3.0,
          "Type": 2,
          "Texture": "{{InternalAssetKey: assets/Items & Crops/SnSObjects.png}}",
          "SpriteIndex": 25,
          "CanBeLostOnDeath": false,
          "Price": "25000", 
        },
      }
    },
    {
      "Action": "EditData",
      "Target": "Data/Weapons",
      "Entries": {
        "{{ModID}}_waytothedawn": {
          "Name": "Way to the Dawn",
          "DisplayName": "{{i18n: weapon.waytothedawn.name}}",
          "Description": "{{i18n: weapon.waytothedawn.description}}",
          "MinDamage": 130,
          "MaxDamage": 160,
          "Knockback": 2,
          "Speed": 4,
          "Precision": 90,
          "Defense": 4,
          "CritChance": 0.03,
          "CritMultiplier": 3.0,
          "Type": 2,
          "Texture": "{{InternalAssetKey: assets/Items & Crops/SnSObjects.png}}",
          "SpriteIndex": 26,
          "CanBeLostOnDeath": false,
          "Price": "50000", 
        },
      }
    },
    {
      "Action": "EditData",
      "Target": "Data/Weapons",
      "Entries": {
        "{{ModID}}_eldadagordagger": {
          "Name": "Eldadagor Dagger",
          "DisplayName": "{{i18n: weapon.eldadagordagger.name}}",
          "Description": "{{i18n: weapon.eldadagordagger.description}}",
          "MinDamage": 30,
          "MaxDamage": 50,
          "Knockback": 1,
          "Speed": 2,
          "Precision": 70,
          "Defense": 2,
          "CritChance": 0.02,
          "CritMultiplier": 2.0,
          "Type": 2,
          "Texture": "{{InternalAssetKey: assets/Items & Crops/SnSObjects.png}}",
          "SpriteIndex": 34,
          "MineBaseLevel": 60,
          "MineMinLevel": 60,
          "CanBeLostOnDeath": true,
          "Price": "5000", 
        },
      }
    },
    {
      "Action": "EditData",
      "Target": "Data/Weapons",
      "Entries": {
        "{{ModID}}_glaewndilsword": {
          "Name": "Glaewndil Sword",
          "DisplayName": "{{i18n: weapon.glaewndilsword.name}}",
          "Description": "{{i18n: weapon.glaewndilsword.description}}",
          "MinDamage": 40,
          "MaxDamage": 60,
          "Knockback": 1,
          "Speed": 2,
          "Precision": 90,
          "Defense": 2,
          "CritChance": 0.02,
          "CritMultiplier": 3.0,
          "Type": 2,
          "Texture": "{{InternalAssetKey: assets/Items & Crops/SnSObjects.png}}",
          "SpriteIndex": 35,
          "MineBaseLevel": 60,
          "MineMinLevel": 60,
          "CanBeLostOnDeath": true,
          "Price": "5000", 
        },
      }
    },
    {
      "Action": "EditData",
      "Target": "Data/Weapons",
      "Entries": {
        "{{ModID}}_thondrondhammer": {
          "Name": "Thondrond Hammer",
          "DisplayName": "{{i18n: weapon.thondrondhammer.name}}",
          "Description": "{{i18n: weapon.thondrondhammer.description}}",
          "MinDamage": 50,
          "MaxDamage": 70,
          "Knockback": 1,
          "Speed": -1,
          "Precision": 50,
          "Defense": 3,
          "CritChance": 0.03,
          "CritMultiplier": 3.0,
          "Type": 2,
          "Texture": "{{InternalAssetKey: assets/Items & Crops/SnSObjects.png}}",
          "SpriteIndex": 36,
          "MineBaseLevel": 60,
          "MineMinLevel": 60,
          "CanBeLostOnDeath": true,
          "Price": "5000", 
        },
      }
    },
    {
      "Action": "EditData",
      "Target": "Data/Weapons",
      "Entries": {
        "{{ModID}}_longlivetheking": {
          "Name": "Long Live The King",
          "DisplayName": "{{i18n: weapon.longlivetheking.name}}",
          "Description": "{{i18n: weapon.longlivetheking.description}}",
          "MinDamage": 125,
          "MaxDamage": 150,
          "Knockback": 1,
          "Speed": 6,
          "Precision": 100,
          "Defense": 3,
          "CritChance": 0.1,
          "CritMultiplier": 3.0,
          "Type": 3,
          "Texture": "{{InternalAssetKey: assets/Items & Crops/SnSObjects.png}}",
          "SpriteIndex": 45,
          "CanBeLostOnDeath": false
        },
      }
    },
    {
      "Action": "EditData",
      "Target": "Data/Weapons",
      "Entries": {
        "{{ModID}}_longlivetheking_gun": {
          "Name": "Long Live The King (Gun)",
          "DisplayName": "{{i18n: weapon.longlivetheking-gun.name}}",
          "Description": "{{i18n: weapon.longlivetheking-gun.description}}",
          "Texture": "{{InternalAssetKey: assets/Items & Crops/SnSObjects.png}}",
          "SpriteIndex": 90,
          "Speed": 308, // All slingshots have this for some reason?,
          "CustomFields":
          {
            "Bow": true,
            "Bullets": true
          }
        }
      }
    },
    {
      "Action": "EditData",
      "Target": "Data/Weapons",
      "Entries": {
        "{{ModID}}_spellbinder": {
          "Name": "Spellbinder",
          "DisplayName": "{{i18n: weapon.spellbinder.name}}",
          "Description": "{{i18n: weapon.spellbinder.description}}",
          "MinDamage": 40,
          "MaxDamage": 80,
          "Knockback": 1,
          "Speed": 2,
          "Precision": 50,
          "Defense": 1,
          "CritChance": 0.06,
          "CritMultiplier": 3.0,
          "Type": 3,
          "Texture": "{{InternalAssetKey: assets/Items & Crops/SnSObjects.png}}",
          "SpriteIndex": 65,
          "CanBeLostOnDeath": true,
          "Price": "15000", 
        },
      }
    },
    {
      "Action": "EditData",
      "Target": "Data/Weapons",
      "Entries": {
        "{{ModID}}_threewishes": {
          "Name": "Three Wishes",
          "DisplayName": "{{i18n: weapon.threewishes.name}}",
          "Description": "{{i18n: weapon.threewishes.description}}",
          "MinDamage": 70,
          "MaxDamage": 80,
          "Knockback": 1,
          "Speed": 2,
          "Precision": 100,
          "Defense": 1,
          "CritChance": 0.03,
          "CritMultiplier": 3.0,
          "Type": 3,
          "Texture": "{{InternalAssetKey: assets/Items & Crops/SnSObjects.png}}",
          "SpriteIndex": 66,
          "CanBeLostOnDeath": true,
          "Price": "15000", 
        },
      }
    },
    {
      "Action": "EditData",
      "Target": "Data/Weapons",
      "Entries": {
        "{{ModID}}_ladyluck": {
          "Name": "Lady Luck",
          "DisplayName": "{{i18n: weapon.ladyluck.name}}",
          "Description": "{{i18n: weapon.ladyluck.description}}",
          "MinDamage": 70,
          "MaxDamage": 80,
          "Knockback": 1,
          "Speed": 2,
          "Precision": 100,
          "Defense": 1,
          "CritChance": 0.03,
          "CritMultiplier": 3.0,
          "Type": 3,
          "Texture": "{{InternalAssetKey: assets/Items & Crops/SnSObjects.png}}",
          "SpriteIndex": 67,
          "CanBeLostOnDeath": true,
          "Price": "15000", 
        },
      }
    },
    {
      "Action": "EditData",
      "Target": "Data/Weapons",
      "Entries": {
        "{{ModID}}_mrhandy": {
          "Name": "Mister Handy",
          "DisplayName": "{{i18n: weapon.mrhandy.name}}",
          "Description": "{{i18n: weapon.mrhandy.description}}",
          "MinDamage": 30,
          "MaxDamage": 40,
          "Knockback": 3,
          "Speed": -1,
          "Precision": 100,
          "Defense": 1,
          "CritChance": 0.03,
          "CritMultiplier": 3.0,
          "Type": 2,
          "Texture": "{{InternalAssetKey: assets/Items & Crops/SnSObjects.png}}",
          "SpriteIndex": 68,
          "MineBaseLevel": 60,
          "MineMinLevel": 60,
          "CanBeLostOnDeath": true,
          "Price": "5000", 
        },
      }
    },
    {
      "Action": "EditData",
      "Target": "Data/Weapons",
      "Entries": {
        "{{ModID}}_bondofflame": {
          "Name": "Bond of Flame",
          "DisplayName": "{{i18n: weapon.bondofflame.name}}",
          "Description": "{{i18n: weapon.bondofflame.description}}",
          "MinDamage": 80,
          "MaxDamage": 90,
          "Knockback": 3,
          "Speed": 3,
          "Precision": 100,
          "Defense": 2,
          "CritChance": 0.03,
          "CritMultiplier": 3.0,
          "Type": 3,
          "Texture": "{{InternalAssetKey: assets/Items & Crops/SnSObjects.png}}",
          "SpriteIndex": 69,
          "CanBeLostOnDeath": true,
          "Price": "15000", 
        },
      }
    },
    {
      "Action": "EditData",
      "Target": "Data/Weapons",
      "Entries": {
        "{{ModID}}_destinysembrace": {
          "Name": "Destiny's Embrace",
          "DisplayName": "{{i18n: weapon.destinysembrace.name}}",
          "Description": "{{i18n: weapon.destinysembrace.description}}",
          "MinDamage": 60,
          "MaxDamage": 70,
          "Knockback": 1,
          "Speed": 5,
          "Precision": 100,
          "Defense": 1,
          "CritChance": 0.03,
          "CritMultiplier": 3.0,
          "Type": 2,
          "Texture": "{{InternalAssetKey: assets/Items & Crops/SnSObjects.png}}",
          "SpriteIndex": 70,
          "CanBeLostOnDeath": true,
          "Price": "15000", 
        },
      }
    },
    {
      "Action": "EditData",
      "Target": "Data/Weapons",
      "Entries": {
        "{{ModID}}_sweetmemories": {
          "Name": "Sweet Memories",
          "DisplayName": "{{i18n: weapon.sweetmemories.name}}",
          "Description": "{{i18n: weapon.sweetmemories.description}}",
          "MinDamage": 60,
          "MaxDamage": 70,
          "Knockback": 1,
          "Speed": 5,
          "Precision": 100,
          "Defense": 1,
          "CritChance": 0.03,
          "CritMultiplier": 3.0,
          "Type": 2,
          "Texture": "{{InternalAssetKey: assets/Items & Crops/SnSObjects.png}}",
          "SpriteIndex": 71,
          "CanBeLostOnDeath": true,
          "Price": "15000", 
        },
      }
    },
    {
      "Action": "EditData",
      "Target": "Data/Weapons",
      "Entries": {
        "{{ModID}}_axewaquestion": {
          "Name": "Axe You A Question",
          "DisplayName": "{{i18n: weapon.axewaquestion.name}}",
          "Description": "{{i18n: weapon.axewaquestion.description}}",
          "MinDamage": 40,
          "MaxDamage": 70,
          "Knockback": 4,
          "Speed": -1,
          "Precision": 100,
          "Defense": 2,
          "CritChance": 0.03,
          "CritMultiplier": 3.0,
          "Type": 3,
          "Texture": "{{InternalAssetKey: assets/Items & Crops/SnSObjects.png}}",
          "SpriteIndex": 72,
          "MineBaseLevel": 60,
          "MineMinLevel": 60,
          "CanBeLostOnDeath": true,
          "Price": "5000", 
        },
      }
    },
    {
      "Action": "EditData",
      "Target": "Data/Weapons",
      "Entries": {
        "{{ModID}}_guardianbell": {
          "Name": "Guardian Bell",
          "DisplayName": "{{i18n: weapon.guardianbell.name}}",
          "Description": "{{i18n: weapon.guardianbell.description}}",
          "MinDamage": 70,
          "MaxDamage": 100,
          "Knockback": 4,
          "Speed": -1,
          "Precision": 100,
          "Defense": 3,
          "CritChance": 0.03,
          "CritMultiplier": 3.0,
          "Type": 2,
          "Texture": "{{InternalAssetKey: assets/Items & Crops/SnSObjects.png}}",
          "SpriteIndex": 73,
          "CanBeLostOnDeath": true,
          "Price": "15000", 
        },
      }
    },
    {
      "Action": "EditData",
      "Target": "Data/Weapons",
      "Entries": {
        "{{ModID}}_absolem": {
          "Name": "Absolem",
          "DisplayName": "{{i18n: weapon.absolem.name}}",
          "Description": "{{i18n: weapon.absolem.description}}",
          "MinDamage": 60,
          "MaxDamage": 80,
          "Knockback": 4,
          "Speed": -1,
          "Precision": 100,
          "Defense": 2,
          "CritChance": 0.03,
          "CritMultiplier": 3.0,
          "Type": 2,
          "Texture": "{{InternalAssetKey: assets/Items & Crops/SnSObjects.png}}",
          "SpriteIndex": 74,
          "MineBaseLevel": 80,
          "MineMinLevel": 80,
          "CanBeLostOnDeath": true,
          "Price": "5000", 
        },
      }
    },
    {
      "Action": "EditData",
      "Target": "Data/Weapons",
      "Entries": {
        "{{ModID}}_mallymkun": {
          "Name": "Mallymkun",
          "DisplayName": "{{i18n: weapon.mallymkun.name}}",
          "Description": "{{i18n: weapon.mallymkun.description}}",
          "MinDamage": 80,
          "MaxDamage": 90,
          "Knockback": 4,
          "Speed": 2,
          "Precision": 100,
          "Defense": 2,
          "CritChance": 0.03,
          "CritMultiplier": 3.0,
          "Type": 2,
          "Texture": "{{InternalAssetKey: assets/Items & Crops/SnSObjects.png}}",
          "SpriteIndex": 75,
          "MineBaseLevel": 80,
          "MineMinLevel": 80,
          "CanBeLostOnDeath": true,
          "Price": "7000", 
        },
      }
    },
    {
      "Action": "EditData",
      "Target": "Data/Weapons",
      "Entries": {
        "{{ModID}}_chilisauce": {
          "Name": "ChiliSauce",
          "DisplayName": "{{i18n: weapon.chilisauce.name}}",
          "Description": "{{i18n: weapon.chilisauce.description}}",
          "MinDamage": 40,
          "MaxDamage": 60,
          "Knockback": 1,
          "Speed": 2,
          "Precision": 90,
          "Defense": 2,
          "CritChance": 0.02,
          "CritMultiplier": 3.0,
          "Type": 2,
          "Texture": "{{InternalAssetKey: assets/Items & Crops/SnSObjects.png}}",
          "SpriteIndex": 51,
          "MineBaseLevel": 60,
          "MineMinLevel": 60,
          "CanBeLostOnDeath": true,
          "Price": "5000", 
        },
      }
    },
    {
      "Action": "EditData",
      "Target": "Data/Weapons",
      "Entries": {
        "{{ModID}}_PaladinShield": {
          "Name": "Paladin Shield",
          "DisplayName": "{{i18n: weapon.paladin-shield.name}}",
          "Description": "{{i18n: weapon.paladin-shield.description}}",
          "MinDamage": 40,
          "MaxDamage": 60,
          "Knockback": 1,
          "Speed": 2,
          "Precision": 90,
          "Defense": 2,
          "CritChance": 0.02,
          "CritMultiplier": 3.0,
          "Type": 3,
          "Texture": "{{InternalAssetKey: assets/Items & Crops/SnSObjects.png}}",
          "SpriteIndex": 16,
          "CanBeLostOnDeath": false,
          "Price": "5000", 
          "CustomFields": { "{{ModID}}_Shield": true }
        },
      }
    },
    {
      "Action": "EditData",
      "Target": "Data/Weapons",
      "Entries": {
        "{{ModID}}_ArtificerShield": {
          "Name": "Artificer Shield",
          "DisplayName": "{{i18n: weapon.artificer-shield.name}}",
          "Description": "{{i18n: weapon.artificer-shield.description}}",
          "MinDamage": 40,
          "MaxDamage": 60,
          "Knockback": 1,
          "Speed": 2,
          "Precision": 90,
          "Defense": 2,
          "CritChance": 0.02,
          "CritMultiplier": 3.0,
          "Type": 3,
          "Texture": "{{InternalAssetKey: assets/Items & Crops/SnSObjects.png}}",
          "SpriteIndex": 103,
          "CanBeLostOnDeath": false,
          "Price": "5000", 
          "CustomFields": { "{{ModID}}_Shield": true }
        },
      }
    },
    {
      "Action": "EditData",
      "Target": "Data/Weapons",
      "Entries": {
        "{{ModID}}_DruidShield": {
          "Name": "Druid Shield",
          "DisplayName": "{{i18n: weapon.druid-shield.name}}",
          "Description": "{{i18n: weapon.druid-shield.description}}",
          "MinDamage": 40,
          "MaxDamage": 60,
          "Knockback": 1,
          "Speed": 2,
          "Precision": 90,
          "Defense": 2,
          "CritChance": 0.02,
          "CritMultiplier": 3.0,
          "Type": 3,
          "Texture": "{{InternalAssetKey: assets/Items & Crops/SnSObjects.png}}",
          "SpriteIndex": 104,
          "CanBeLostOnDeath": false,
          "Price": "5000", 
          "CustomFields": { "{{ModID}}_Shield": true }
        },
      }
    },
    {
      "Action": "EditData",
      "Target": "Data/Weapons",
      "Entries": {
        "{{ModID}}_BardShield": {
          "Name": "Bard Shield",
          "DisplayName": "{{i18n: weapon.bard-shield.name}}",
          "Description": "{{i18n: weapon.bard-shield.description}}",
          "MinDamage": 40,
          "MaxDamage": 60,
          "Knockback": 1,
          "Speed": 2,
          "Precision": 90,
          "Defense": 2,
          "CritChance": 0.02,
          "CritMultiplier": 3.0,
          "Type": 3,
          "Texture": "{{InternalAssetKey: assets/Items & Crops/SnSObjects.png}}",
          "SpriteIndex": 105,
          "CanBeLostOnDeath": false,
          "Price": "5000", 
          "CustomFields": { "{{ModID}}_Shield": true }
        },
      }
    },
    {
      "Action": "EditData",
      "Target": "Data/Weapons",
      "Entries": {
        "{{ModID}}_SorcererShield": {
          "Name": "Sorcerer Shield",
          "DisplayName": "{{i18n: weapon.sorcerer-shield.name}}",
          "Description": "{{i18n: weapon.sorcerer-shield.description}}",
          "MinDamage": 40,
          "MaxDamage": 60,
          "Knockback": 1,
          "Speed": 2,
          "Precision": 90,
          "Defense": 2,
          "CritChance": 0.02,
          "CritMultiplier": 3.0,
          "Type": 3,
          "Texture": "{{InternalAssetKey: assets/Items & Crops/SnSObjects.png}}",
          "SpriteIndex": 106,
          "CanBeLostOnDeath": false,
          "Price": "5000", 
          "CustomFields": { "{{ModID}}_Shield": true }
        },
      }
    },
    {
      "Action": "EditData",
      "Target": "Data/Weapons",
      "Entries": {
        "{{ModID}}_SteelShield": {
          "Name": "Steel Shield",
          "DisplayName": "{{i18n: weapon.steel-shield.name}}",
          "Description": "{{i18n: weapon.steel-shield.description}}",
          "MinDamage": 15,
          "MaxDamage": 30,
          "Type": 3,
          "Texture": "{{InternalAssetKey: assets/Items & Crops/SnSObjects.png}}",
          "SpriteIndex": 107,
          "CanBeLostOnDeath": false,
          "Price": "5000", 
          "CustomFields": { "{{ModID}}_Shield": true }
        },
      }
    },
    {
      "Action": "EditData",
      "Target": "Data/Weapons",
      "Entries": {
        "{{ModID}}_LltkShield": {
          "Name": "Long Live the King (Shield)",
          "DisplayName": "{{i18n: weapon.lltk-shield.name}}",
          "Description": "{{i18n: weapon.lltk-shield.description}}",
          "MinDamage": 100,
          "MaxDamage": 125,
          "Knockback": 1,
          "Speed": 6,
          "Precision": 100,
          "Defense": 3,
          "CritChance": 0.1,
          "CritMultiplier": 3.0,
          "Type": 3,
          "Texture": "{{InternalAssetKey: assets/Items & Crops/SnSObjects.png}}",
          "SpriteIndex": 108,
          "CanBeLostOnDeath": false,
          "Price": "5000", 
          "CustomFields": { "{{ModID}}_Shield": true }
        },
      }
    },
    {
      "Action": "EditData",
      "Target": "Data/Weapons",
      "Entries": {
        "{{ModID}}_StygiumBlade": {
          "Name": "Stygium Blade",
          "DisplayName": "{{i18n: weapon.stygium-blade.name}}",
          "Description": "{{i18n: weapon.stygium-blade.description}}",
          "MinDamage": 80,
          "MaxDamage": 100,
          "Knockback": 1,
          "Speed": 4,
          "Precision": 100,
          "Defense": 1,
          "CritChance": 0.275,
          "CritMultiplier": 3.5,
          "Type": 3,
          "Texture": "{{InternalAssetKey: assets/Items & Crops/StygiumTools.png}}",
          "SpriteIndex": 0,
          "CanBeLostOnDeath": false,
          "Price": 100000, 
        },
      }
    },
    {
      "Action": "EditData",
      "Target": "Data/Weapons",
      "Entries": {
        "{{ModID}}_ElysiumBlade": {
          "Name": "Elysium Blade",
          "DisplayName": "{{i18n: weapon.elysium-blade.name}}",
          "Description": "{{i18n: weapon.elysium-blade.description}}",
          "MinDamage": 100,
          "MaxDamage": 125,
          "Knockback": 1,
          "Speed": 4,
          "Precision": 100,
          "Defense": 1,
          "CritChance": 0.35,
          "CritMultiplier": 4.0,
          "Type": 3,
          "Texture": "{{InternalAssetKey: assets/Items & Crops/BlessedTools.png}}",
          "SpriteIndex": 0,
          "CanBeLostOnDeath": false,
          "Price": 25000, 
        },
      }
    },
    {
      "Action": "EditData",
      "Target": "Data/CraftingRecipes",
      "Entries": {
        "{{ModID}}_ElysiumBlade": "0 1/meow/0 1/false/null/{{i18n: weapon.elysium-blade.name}}"
      }
    },
    {
      "Action": "EditData",
      "Target": "spacechase0.SpaceCore/CraftingRecipeOverrides",
      "Entries": {
        "{{ModID}}_ElysiumBlade": {
          "ProductQualifiedId": "(W){{ModID}}_ElysiumBlade",
          "ProductAmount": 1,
          "Ingredients": [
            {
              "Type": "Item",
              "Value": "(W){{ModID}}_StygiumBlade",
              "Amount": 1
            },
            {
              "Type": "Item",
              "Value": "(O){{ModID}}_DuskspireHeart",
              "Amount": 1
            },
          ]
        }
      }
    }
  ]
}