{
  "Changes": [
    {
      "Action": "EditData",
      "Target": "Data/Objects",
      "Entries": {
        "{{ModID}}_druidicessence": {
          "Name": "Druidic Essence",
          "DisplayName": "{{i18n: magicitem.druidicessence.name}}",
          "Description": "{{i18n: magicitem.druidicessence.description}}",
          "Type": "Basic",
          "Category": -29,
          "Price": 0,
          "Edibility": -300,
          "IsDrink": false,
          "ExcludeFromShippingCollection": "{{ExcludeFromPerfection}}",
          "Texture": "{{InternalAssetKey: assets/Items & Crops/SnSObjects.png}}",
          "SpriteIndex": 5
        },
      }
    },
    {
      "Action": "EditData",
      "Target": "Data/Objects",
      "Entries": {
        "{{ModID}}_adventureguildbadge": {
          "Name": "Adventurer's Guild Membership Badge",
          "DisplayName": "{{i18n: magicitem.adventureguildbadge.name}}",
          "Description": "{{i18n: magicitem.adventureguildbadge.description}}",
          "Type": "Ring",
          "Category": -96,
          "Price": 0,
          "Edibility": -300,
          "IsDrink": false,
          "ExcludeFromShippingCollection": "{{ExcludeFromPerfection}}",
          "Texture": "{{InternalAssetKey: assets/Items & Crops/SnSObjects.png}}",
          "SpriteIndex": 6
        },
      }
    },
    {
      "Action": "EditData",
      "Target": "Data/Objects",
      "Entries": {
        "{{ModID}}_brokenshield": {
          "Name": "Broken Argentis Shield",
          "DisplayName": "{{i18n: magicitem.brokenshield.name}}",
          "Description": "{{i18n: magicitem.brokenshield.description}}",
          "Type": "Basic",
          "Price": 0,
          "Edibility": -300,
          "IsDrink": false,
          "ExcludeFromShippingCollection": "{{ExcludeFromPerfection}}",
          "Texture": "{{InternalAssetKey: assets/Items & Crops/SnSObjects.png}}",
          "SpriteIndex": 14
        },
      }
    },
    {
      "Action": "EditData",
      "Target": "Data/Objects",
      "Entries": {
        "{{ModID}}_repairedshield": {
          "Name": "Repaired Argentis Shield",
          "DisplayName": "{{i18n: magicitem.repairedshield.name}}",
          "Description": "{{i18n: magicitem.repairedshield.description}}",
          "Type": "Basic",
          "Price": 0,
          "Edibility": -300,
          "IsDrink": false,
          "ExcludeFromShippingCollection": "{{ExcludeFromPerfection}}",
          "Texture": "{{InternalAssetKey: assets/Items & Crops/SnSObjects.png}}",
          "SpriteIndex": 15
        },
      }
    },
    {
      "Action": "EditData",
      "Target": "Data/Objects",
      "Entries": {
        "{{ModID}}_argentisshield": {
          "Name": "Empowered Argentis Shield",
          "DisplayName": "{{i18n: magicitem.argentisshield.name}}",
          "Description": "{{i18n: magicitem.argentisshield.description}}",
          "Type": "Basic",
          "Price": 0,
          "Edibility": -300,
          "IsDrink": false,
          "ExcludeFromShippingCollection": "{{ExcludeFromPerfection}}",
          "Texture": "{{InternalAssetKey: assets/Items & Crops/SnSObjects.png}}",
          "SpriteIndex": 16
        },
      }
    },
    {
      "Action": "EditData",
      "Target": "Data/Objects",
      "Entries": {
        "{{ModID}}_druidictotemfetish": {
          "Name": "Druidic Totem Fetish",
          "DisplayName": "{{i18n: magicitem.druidictotemfetish.name}}",
          "Description": "{{i18n: magicitem.druidictotemfetish.description}}",
          "Type": "Basic",
          "Price": 0,
          "Edibility": -300,
          "IsDrink": false,
          "ExcludeFromShippingCollection": "{{ExcludeFromPerfection}}",
          "Texture": "{{InternalAssetKey: assets/Items & Crops/SnSObjects.png}}",
          "SpriteIndex": 31
        },
      }
    },
    {
      "Action": "EditData",
      "Target": "Data/Objects",
      "Entries": {
        "{{ModID}}_stygiumstatuette": {
          "Name": "Stygium Statuette",
          "DisplayName": "{{i18n: magicitem.stygiumstatuette.name}}",
          "Description": "{{i18n: magicitem.stygiumstatuette.description}}",
          "Type": "Basic",
          "Price": 0,
          "Edibility": -300,
          "IsDrink": false,
          "ExcludeFromShippingCollection": "{{ExcludeFromPerfection}}",
          "Texture": "{{InternalAssetKey: assets/Items & Crops/SnSObjects.png}}",
          "SpriteIndex": 32
        },
      }
    },
    {
      "Action": "EditData",
      "Target": "Data/Objects",
      "Entries": {
        "{{ModID}}_druidiceldermask": {
          "Name": "Mask of the Thorned Circle Elder",
          "DisplayName": "{{i18n: magicitem.druidiceldermask.name}}",
          "Description": "{{i18n: magicitem.druidiceldermask.description}}",
          "Type": "Basic",
          "Price": 0,
          "Edibility": -300,
          "IsDrink": false,
          "ExcludeFromShippingCollection": "{{ExcludeFromPerfection}}",
          "Texture": "{{InternalAssetKey: assets/Items & Crops/SnSObjects.png}}",
          "SpriteIndex": 33
        },
      }
    },
    // CRAFTING RECIPES 
    {
      "Action": "EditData",
      "Target": "Data/CraftingRecipes",
      "Entries": {
        "Druidic Totem Fetish": "{{ModID}}_druidicessence 50/what is this for?/{{ModID}}_druidictotemfetish 1/false/null/{{i18n:magicitem.druidictotemfetish.name}}",
      }
    },
    {
      "Action": "EditData",
      "Target": "spacechase0.SpaceCore/ObjectExtensionData",
      "Entries": {
        "{{ModID}}_druidicessence": {
          "CategoryTextOverride": "Druidic"
        },
        "{{ModID}}_druidictotemfetish": {
          "CategoryTextOverride": "Druidic"
        },
        "{{ModID}}_druidiceldermask": {
          "CategoryTextOverride": "Druidic"
        },
        "{{ModID}}_brokenshield": {
          "CategoryTextOverride": "Shield",
          "CanBeShipped": false,
          "CanBeTrashed": false,
          "HideFromShippingCollection": true,
          "MaxStackSizeOverride": 1
        },
        "{{ModID}}_repairedshield": {
          "CategoryTextOverride": "Shield",
          "CanBeShipped": false,
          "CanBeTrashed": false,
          "HideFromShippingCollection": true,
          "MaxStackSizeOverride": 1
        },
        "{{ModID}}_argentisshield": {
          "CategoryTextOverride": "Shield",
          "CanBeShipped": false,
          "CanBeTrashed": false,
          "HideFromShippingCollection": true,
          "MaxStackSizeOverride": 1
        },
        "{{ModID}}_stygiumstatuette": {
          "CategoryTextOverride": "Corrupted Object"
        },
      }
    },
  ]
}