{
  "Changes": [
    {
      "Action": "EditData",
      "Target": "Data/Objects",
      "Entries": {
        "{{ModID}}_EarthEssence": {
          "Name": "Earth Essence",
          "DisplayName": "{{i18n: witchcraft.earth-essence.name}}",
          "Description": "{{i18n: witchcraft.earth-essence.description}}",
          "Type": "Basic",
          "Category": -28,
          "Price": 15,
          "Texture": "{{InternalAssetKey: assets/Items & Crops/SnSObjects.png}}",
          "SpriteIndex": 86,
          "ExcludeFromRandomSale": true,
          "ContextTags": [
            "essence_item"
          ]
        },
        "{{ModID}}_AirEssence": {
          "Name": "Air Essence",
          "DisplayName": "{{i18n: witchcraft.air-essence.name}}",
          "Description": "{{i18n: witchcraft.air-essence.description}}",
          "Type": "Basic",
          "Category": -28,
          "Price": 15,
          "Texture": "{{InternalAssetKey: assets/Items & Crops/SnSObjects.png}}",
          "SpriteIndex": 87,
          "ExcludeFromRandomSale": true,
          "ContextTags": [
            "essence_item"
          ]
        },
        "{{ModID}}_WaterEssence": {
          "Name": "Water Essence",
          "DisplayName": "{{i18n: witchcraft.water-essence.name}}",
          "Description": "{{i18n: witchcraft.water-essence.description}}",
          "Type": "Basic",
          "Category": -28,
          "Price": 15,
          "Texture": "{{InternalAssetKey: assets/Items & Crops/SnSObjects.png}}",
          "SpriteIndex": 88,
          "ExcludeFromRandomSale": true,
          "ContextTags": [
            "essence_item"
          ]
        },
        "{{ModID}}_FireEssence": {
          "Name": "Fire Essence",
          "DisplayName": "{{i18n: witchcraft.fire-essence.name}}",
          "Description": "{{i18n: witchcraft.fire-essence.description}}",
          "Type": "Basic",
          "Category": -28,
          "Price": 15,
          "Texture": "{{InternalAssetKey: assets/Items & Crops/SnSObjects.png}}",
          "SpriteIndex": 89,
          "ExcludeFromRandomSale": true,
          "ContextTags": [
            "essence_item"
          ]
        },
        "{{ModID}}_TeleportCircle": {
          "Name": "Teleport Circle",
          "DisplayName": "{{i18n: witchcraft.teleport-circle.name}}",
          "Description": "{{i18n: witchcraft.teleport-circle.description}}",
          "Type": "Crafting",
          "Category": -24,
          "Price": 0,
          "Texture": "{{InternalAssetKey: assets/Items & Crops/TeleportCircle.png}}",
          "SpriteIndex": 0,
          "Edibility": -300,
          "ExcludeFromShippingCollection": true,
          "ExcludeFromRandomSale": true,
        },
        "{{ModID}}_ReturnPotion": {
          "Name": "Return Potion",
          "DisplayName": "{{i18n: witchcraft.return-potion.name}}",
          "Description": "{{i18n: witchcraft.return-potion.description}}",
          "Type": "Cooking",
          "Category": -26,
          "Price": 250,
          "Edibility": 0,
          "IsDrink": true,
          "Texture": "{{InternalAssetKey: assets/Items & Crops/SnSObjects.png}}",
          "SpriteIndex": 91,
          "ExcludeFromShippingCollection": true,
        },
      }
    },
    {
      "Action": "EditData",
      "Target": "Data/BigCraftables",
      "Entries": {
        "{{ModID}}_WallOfForce": {
          "Name": "Wall of Force",
          "DisplayName": "{{i18n: witchcraft.wall-of-force.name}}",
          "Description": "{{i18n: witchcraft.wall-of-force.description}}",
          "Fragility": 2,
          "IsLamp": true,
          "Texture": "{{InternalAssetKey: assets/Items & Crops/SnSMachines.png}}",
          "SpriteIndex": 3,
        }
      }
    },
    {
      "Action": "EditData",
      "Target": "Data/FloorsAndPaths",
      "Entries": {
        "{{ModId}}_TeleportCircleFloor": {
          "Id": "{{ModId}}_TeleportCircleFloor",
          "ItemId": "{{ModID}}_TeleportCircle",
          "Texture": "{{InternalAssetKey: assets/Items & Crops/TeleportCircle.png}}",
          "Corner": {
            "X": 0,
            "Y": 0
          },
          "WinterTexture": "{{InternalAssetKey: assets/Items & Crops/TeleportCircle.png}}",
          "WinterCorner": {
            "X": 0,
            "Y": 0
          },
          "PlacementSound": "coldSpell",
          "RemovalSound": "coldSpell",
          "RemovalDebrisType": 12,
          "FootstepSound": "coldSpell",
          "ConnectType": "Random",
          "ShadowType": "Contoured",
          "CornerSize": 4,
          "FarmSpeedBuff": -1.0
        },
      }
    },
    // CRAFTING RECIPES 
    {
      "Action": "EditData",
      "Target": "Data/CraftingRecipes",
      "Entries": {
        "{{ModID}}_TeleportCircle": "{{ModID}}_WaterEssence 10 {{ModID}}_AirEssence 10 {{ModID}}_EarthEssence 10 {{ModID}}_FireEssence 10 769 25/meow/{{ModID}}_TeleportCircle 1/false/null",
        "{{ModID}}_ReturnPotion": "{{ModID}}_WaterEssence 1 {{ModID}}_AirEssence 1 {{ModID}}_EarthEssence 1 {{ModID}}_FireEssence 1 769 5/meow/{{ModID}}_ReturnPotion 1/false/null",
      }
    },
  ]
}